{
    "type": "FeatureCollection",
    "features": [
        {
            "type": "Feature",
            "geometry": {
                "type": "Point",
                "coordinates": [
                    11.94648192368018,
                    57.69843842832046
                ]
            },
            "properties": {
                "id": "61e0a233cfc4d247cca9550a",
                "name": "ABC / All about children",
                "businessId": 2644,
                "visitingAddress": "Värmlandsgatan 19",
                "description": "<p>Det här är en fristående förskola. Kontakta förskolan om du vill veta mer om deras verksamhet.</p>",
                "todaysOpeningHours": {
                    "date": "2026-09-17",
                    "entries": []
                }
            }
        },
        {
            "type": "Feature",
            "geometry": {
                "type": "Point",
                "coordinates": [
                    11.958854235874735,
                    57.69272678078003
                ]
            },
            "properties": {
                "id": "61e0a238cfc4d247cca95729",
                "name": "Albotorget 5 förskola",
                "businessId": 2609,
                "visitingAddress": "Albotorget 5",
                "images": [
                    {
                        "small": "https://s3.eu-north-1.amazonaws.com/gbg.serviceguiden/61e0a238cfc4d247cca95729_6a017c627e2ebb3ff51a5183_small.jpg",
                        "small2x": "https://s3.eu-north-1.amazonaws.com/gbg.serviceguiden/61e0a238cfc4d247cca95729_6a017c627e2ebb3ff51a5183_small_2x.jpg",
                        "medium": "https://s3.eu-north-1.amazonaws.com/gbg.serviceguiden/61e0a238cfc4d247cca95729_6a017c627e2ebb3ff51a5183_medium.jpg",
                        "medium2x": "https://s3.eu-north-1.amazonaws.com/gbg.serviceguiden/61e0a238cfc4d247cca95729_6a017c627e2ebb3ff51a5183_medium_2x.jpg",
                        "large": "https://s3.eu-north-1.amazonaws.com/gbg.serviceguiden/61e0a238cfc4d247cca95729_6a017c627e2ebb3ff51a5183_large.jpg",
                        "large2x": "https://s3.eu-north-1.amazonaws.com/gbg.serviceguiden/61e0a238cfc4d247cca95729_6a017c627e2ebb3ff51a5183_large_2x.jpg",
                        "altText": "Förskolans innergård",
                        "description": "Foto: Davide Panzino"
                    }
                ],
                "todaysOpeningHours": {
                    "date": "2026-09-17",
                    "entries": []
                }
            }
        },
        {
            "type": "Feature",
            "geometry": {
                "type": "Point",
                "coordinates": [
                    12.098960692018373,
                    57.78935130077263
                ]
            },
            "properties": {
                "id": "61e0a238cfc4d247cca95741",
                "name": "Algebraförskolan",
                "businessId": 5815,
                "visitingAddress": "Missionshusvägen 1",
                "description": "<p>Det här är en fristående förskola. Kontakta förskolan om du vill veta mer om deras verksamhet.</p>",
                "todaysOpeningHours": {
                    "date": "2026-09-17",
                    "entries": []
                }
            }
        },
        {
            "type": "Feature",
            "geometry": {
                "type": "Point",
                "coordinates": [
                    11.926177884618731,
                    57.69561466567775
                ]
            },
            "properties": {
                "id": "61e0a239cfc4d247cca957dd",
                "name": "Allmänna Vägen 40 förskola",
                "businessId": 1338,
                "visitingAddress": "Allmänna Vägen 40C",
                "images": [
                    {
                        "small": "https://s3.eu-north-1.amazonaws.com/gbg.serviceguiden/61e0a239cfc4d247cca957dd_634d407a118251387c8ec998_small.jpg",
                        "small2x": "https://s3.eu-north-1.amazonaws.com/gbg.serviceguiden/61e0a239cfc4d247cca957dd_634d407a118251387c8ec998_small_2x.jpg",
                        "medium": "https://s3.eu-north-1.amazonaws.com/gbg.serviceguiden/61e0a239cfc4d247cca957dd_634d407a118251387c8ec998_medium.jpg",
                        "medium2x": "https://s3.eu-north-1.amazonaws.com/gbg.serviceguiden/61e0a239cfc4d247cca957dd_634d407a118251387c8ec998_medium_2x.jpg",
                        "large": "https://s3.eu-north-1.amazonaws.com/gbg.serviceguiden/61e0a239cfc4d247cca957dd_634d407a118251387c8ec998_large.jpg",
                        "large2x": "https://s3.eu-north-1.amazonaws.com/gbg.serviceguiden/61e0a239cfc4d247cca957dd_634d407a118251387c8ec998_large_2x.jpg",
                        "altText": "Bilden visar ett vitt hus med röda dörrar in till förskolan. På gården finns en sandlåda med två orangea gungfåtöljer. Till höger finns en gul rutschbana. ",
                        "description": "Foto: Peter Nilsson"
                    }
                ],
                "todaysOpeningHours": {
                    "date": "2026-09-17",
                    "entries": []
                }
            }
        },
        {
            "type": "Feature",
            "geometry": {
                "type": "Point",
                "coordinates": [
                    11.771612023152324,
                    57.71153480162563
                ]
            },
            "properties": {
                "id": "61e0a23acfc4d247cca958bf",
                "name": "Amhults Byväg 10 förskola",
                "businessId": 2283,
                "visitingAddress": "Amhults Byväg 10",
                "images": [
                    {
                        "small": "https://s3.eu-north-1.amazonaws.com/gbg.serviceguiden/61e0a23acfc4d247cca958bf_635fe7f0118251387cdebfbe_small.jpg",
                        "small2x": "https://s3.eu-north-1.amazonaws.com/gbg.serviceguiden/61e0a23acfc4d247cca958bf_635fe7f0118251387cdebfbe_small_2x.jpg",
                        "medium": "https://s3.eu-north-1.amazonaws.com/gbg.serviceguiden/61e0a23acfc4d247cca958bf_635fe7f0118251387cdebfbe_medium.jpg",
                        "medium2x": "https://s3.eu-north-1.amazonaws.com/gbg.serviceguiden/61e0a23acfc4d247cca958bf_635fe7f0118251387cdebfbe_medium_2x.jpg",
                        "large": "https://s3.eu-north-1.amazonaws.com/gbg.serviceguiden/61e0a23acfc4d247cca958bf_635fe7f0118251387cdebfbe_large.jpg",
                        "large2x": "https://s3.eu-north-1.amazonaws.com/gbg.serviceguiden/61e0a23acfc4d247cca958bf_635fe7f0118251387cdebfbe_large_2x.jpg",
                        "altText": "Bilden föreställer en ljus byggnad. Framför byggnaden finns ett förråd och en klätterställning på gräs.",
                        "description": "Foto: Davide Panzino"
                    }
                ],
                "todaysOpeningHours": {
                    "date": "2026-09-17",
                    "entries": []
                }
            }
        },
        {
            "type": "Feature",
            "geometry": {
                "type": "Point",
                "coordinates": [
                    12.068795085944842,
                    57.75429895459454
                ]
            },
            "properties": {
                "id": "61e0a23ecfc4d247cca95aa1",
                "name": "Aniaragatan 5 förskola",
                "businessId": 135,
                "visitingAddress": "Aniaragatan 5",
                "description": "<p><span data-teams=\"true\">Förskolan stängdes i januari 2026. Du kan inte söka till förskolan.</span></p>",
                "images": [
                    {
                        "small": "https://s3.eu-north-1.amazonaws.com/gbg.serviceguiden/61e0a23ecfc4d247cca95aa1_636a729f118251387c8a181b_small.jpg",
                        "small2x": "https://s3.eu-north-1.amazonaws.com/gbg.serviceguiden/61e0a23ecfc4d247cca95aa1_636a729f118251387c8a181b_small_2x.jpg",
                        "medium": "https://s3.eu-north-1.amazonaws.com/gbg.serviceguiden/61e0a23ecfc4d247cca95aa1_636a729f118251387c8a181b_medium.jpg",
                        "medium2x": "https://s3.eu-north-1.amazonaws.com/gbg.serviceguiden/61e0a23ecfc4d247cca95aa1_636a729f118251387c8a181b_medium_2x.jpg",
                        "large": "https://s3.eu-north-1.amazonaws.com/gbg.serviceguiden/61e0a23ecfc4d247cca95aa1_636a729f118251387c8a181b_large.jpg",
                        "large2x": "https://s3.eu-north-1.amazonaws.com/gbg.serviceguiden/61e0a23ecfc4d247cca95aa1_636a729f118251387c8a181b_large_2x.jpg",
                        "altText": "Bilden föreställer en grå byggnad och en förskolegård  med hängstänger och en klätterställning med ruschkana. ",
                        "description": "Foto: Davide Panzino"
                    }
                ],
                "todaysOpeningHours": {
                    "date": "2026-09-17",
                    "entries": []
                }
            }
        },
        {
            "type": "Feature",
            "geometry": {
                "type": "Point",
                "coordinates": [
                    12.032728428277272,
                    57.73262745851548
                ]
            },
            "properties": {
                "id": "61e0a23ecfc4d247cca95ad3",
                "name": "Anna Branzells gata 15 förskola",
                "businessId": 6654,
                "visitingAddress": "Anna Branzells Gata 15",
                "images": [
                    {
                        "small": "https://s3.eu-north-1.amazonaws.com/gbg.serviceguiden/61e0a23ecfc4d247cca95ad3_636a7332118251387c8a26e1_small.jpg",
                        "small2x": "https://s3.eu-north-1.amazonaws.com/gbg.serviceguiden/61e0a23ecfc4d247cca95ad3_636a7332118251387c8a26e1_small_2x.jpg",
                        "medium": "https://s3.eu-north-1.amazonaws.com/gbg.serviceguiden/61e0a23ecfc4d247cca95ad3_636a7332118251387c8a26e1_medium.jpg",
                        "medium2x": "https://s3.eu-north-1.amazonaws.com/gbg.serviceguiden/61e0a23ecfc4d247cca95ad3_636a7332118251387c8a26e1_medium_2x.jpg",
                        "large": "https://s3.eu-north-1.amazonaws.com/gbg.serviceguiden/61e0a23ecfc4d247cca95ad3_636a7332118251387c8a26e1_large.jpg",
                        "large2x": "https://s3.eu-north-1.amazonaws.com/gbg.serviceguiden/61e0a23ecfc4d247cca95ad3_636a7332118251387c8a26e1_large_2x.jpg",
                        "altText": "Bilden föreställer en träbyggnad och en förskolegård med två leksaksstugor, sandlådor och en balansstång i trä. ",
                        "description": "Foto: Davide Panzino"
                    }
                ],
                "todaysOpeningHours": {
                    "date": "2026-09-17",
                    "entries": []
                }
            }
        },
        {
            "type": "Feature",
            "geometry": {
                "type": "Point",
                "coordinates": [
                    12.034883654773061,
                    57.75981680024985
                ]
            },
            "properties": {
                "id": "61e0a23ecfc4d247cca95af3",
                "name": "Annandagsgatan 1 förskola",
                "businessId": 676,
                "visitingAddress": "Annandagsgatan 1",
                "images": [
                    {
                        "small": "https://s3.eu-north-1.amazonaws.com/gbg.serviceguiden/61e0a23ecfc4d247cca95af3_636a7381118251387c8a2f4b_small.jpg",
                        "small2x": "https://s3.eu-north-1.amazonaws.com/gbg.serviceguiden/61e0a23ecfc4d247cca95af3_636a7381118251387c8a2f4b_small_2x.jpg",
                        "medium": "https://s3.eu-north-1.amazonaws.com/gbg.serviceguiden/61e0a23ecfc4d247cca95af3_636a7381118251387c8a2f4b_medium.jpg",
                        "medium2x": "https://s3.eu-north-1.amazonaws.com/gbg.serviceguiden/61e0a23ecfc4d247cca95af3_636a7381118251387c8a2f4b_medium_2x.jpg",
                        "large": "https://s3.eu-north-1.amazonaws.com/gbg.serviceguiden/61e0a23ecfc4d247cca95af3_636a7381118251387c8a2f4b_large.jpg",
                        "large2x": "https://s3.eu-north-1.amazonaws.com/gbg.serviceguiden/61e0a23ecfc4d247cca95af3_636a7381118251387c8a2f4b_large_2x.jpg",
                        "altText": "Bilden föreställer ett gult hus och en trappa som leder upp till en vit dörr. Framför huset finns förråd och buskar. ",
                        "description": "Foto: Davide Panzino"
                    }
                ],
                "todaysOpeningHours": {
                    "date": "2026-09-17",
                    "entries": []
                }
            }
        },
        {
            "type": "Feature",
            "geometry": {
                "type": "Point",
                "coordinates": [
                    11.878607330462877,
                    57.65549974972712
                ]
            },
            "properties": {
                "id": "61e0a240cfc4d247cca95bf9",
                "name": "Apelsingatan 15 förskola i Ur och skur",
                "businessId": 1527,
                "visitingAddress": "Apelsingatan 15",
                "images": [
                    {
                        "small": "https://s3.eu-north-1.amazonaws.com/gbg.serviceguiden/61e0a240cfc4d247cca95bf9_6373adbd3b1f9e73720ba349_small.jpg",
                        "small2x": "https://s3.eu-north-1.amazonaws.com/gbg.serviceguiden/61e0a240cfc4d247cca95bf9_6373adbd3b1f9e73720ba349_small_2x.jpg",
                        "medium": "https://s3.eu-north-1.amazonaws.com/gbg.serviceguiden/61e0a240cfc4d247cca95bf9_6373adbd3b1f9e73720ba349_medium.jpg",
                        "medium2x": "https://s3.eu-north-1.amazonaws.com/gbg.serviceguiden/61e0a240cfc4d247cca95bf9_6373adbd3b1f9e73720ba349_medium_2x.jpg",
                        "large": "https://s3.eu-north-1.amazonaws.com/gbg.serviceguiden/61e0a240cfc4d247cca95bf9_6373adbd3b1f9e73720ba349_large.jpg",
                        "large2x": "https://s3.eu-north-1.amazonaws.com/gbg.serviceguiden/61e0a240cfc4d247cca95bf9_6373adbd3b1f9e73720ba349_large_2x.jpg",
                        "altText": "Bilden föreställer en röd byggnad. ",
                        "description": "Foto: Davide Panzino"
                    }
                ],
                "todaysOpeningHours": {
                    "date": "2026-09-17",
                    "entries": []
                }
            }
        },
        {
            "type": "Feature",
            "geometry": {
                "type": "Point",
                "coordinates": [
                    12.043320801699696,
                    57.76185976628474
                ]
            },
            "properties": {
                "id": "61e0a240cfc4d247cca95c38",
                "name": "Aprilgatan 2A förskola",
                "businessId": 677,
                "visitingAddress": "Aprilgatan 2A",
                "images": [
                    {
                        "small": "https://s3.eu-north-1.amazonaws.com/gbg.serviceguiden/61e0a240cfc4d247cca95c38_636a73f8118251387c8a39b3_small.jpg",
                        "small2x": "https://s3.eu-north-1.amazonaws.com/gbg.serviceguiden/61e0a240cfc4d247cca95c38_636a73f8118251387c8a39b3_small_2x.jpg",
                        "medium": "https://s3.eu-north-1.amazonaws.com/gbg.serviceguiden/61e0a240cfc4d247cca95c38_636a73f8118251387c8a39b3_medium.jpg",
                        "medium2x": "https://s3.eu-north-1.amazonaws.com/gbg.serviceguiden/61e0a240cfc4d247cca95c38_636a73f8118251387c8a39b3_medium_2x.jpg",
                        "large": "https://s3.eu-north-1.amazonaws.com/gbg.serviceguiden/61e0a240cfc4d247cca95c38_636a73f8118251387c8a39b3_large.jpg",
                        "large2x": "https://s3.eu-north-1.amazonaws.com/gbg.serviceguiden/61e0a240cfc4d247cca95c38_636a73f8118251387c8a39b3_large_2x.jpg",
                        "altText": "Bilden föreställer en ljus träbyggnad. Framför byggnaden finns en gård med buskar och gångbanor. ",
                        "description": "Foto: Davide Panzino"
                    }
                ],
                "todaysOpeningHours": {
                    "date": "2026-09-17",
                    "entries": []
                }
            }
        },
        {
            "type": "Feature",
            "geometry": {
                "type": "Point",
                "coordinates": [
                    12.044000189602519,
                    57.76195470656233
                ]
            },
            "properties": {
                "id": "61e0a240cfc4d247cca95c5e",
                "name": "Aprilgatan 2B förskola",
                "businessId": 5092,
                "visitingAddress": "Aprilgatan 2B",
                "images": [
                    {
                        "small": "https://s3.eu-north-1.amazonaws.com/gbg.serviceguiden/61e0a240cfc4d247cca95c5e_636a7455118251387c8a42c8_small.jpg",
                        "small2x": "https://s3.eu-north-1.amazonaws.com/gbg.serviceguiden/61e0a240cfc4d247cca95c5e_636a7455118251387c8a42c8_small_2x.jpg",
                        "medium": "https://s3.eu-north-1.amazonaws.com/gbg.serviceguiden/61e0a240cfc4d247cca95c5e_636a7455118251387c8a42c8_medium.jpg",
                        "medium2x": "https://s3.eu-north-1.amazonaws.com/gbg.serviceguiden/61e0a240cfc4d247cca95c5e_636a7455118251387c8a42c8_medium_2x.jpg",
                        "large": "https://s3.eu-north-1.amazonaws.com/gbg.serviceguiden/61e0a240cfc4d247cca95c5e_636a7455118251387c8a42c8_large.jpg",
                        "large2x": "https://s3.eu-north-1.amazonaws.com/gbg.serviceguiden/61e0a240cfc4d247cca95c5e_636a7455118251387c8a42c8_large_2x.jpg",
                        "altText": "Bilden föreställer en tegelbyggnad och en förskolegård med en klätterställning och ruschkana.",
                        "description": "Foto: Davide Panzino"
                    }
                ],
                "todaysOpeningHours": {
                    "date": "2026-09-17",
                    "entries": []
                }
            }
        },
        {
            "type": "Feature",
            "geometry": {
                "type": "Point",
                "coordinates": [
                    12.04949765444461,
                    57.79921887859807
                ]
            },
            "properties": {
                "id": "61e0a2a3cfc4d247cca9a9db",
                "name": "Arken",
                "businessId": 4169,
                "visitingAddress": "Gunnareds Kyrkväg 1",
                "description": "<p>Det här är en fristående förskola. Kontakta förskolan om du vill veta mer om deras verksamhet.</p>",
                "todaysOpeningHours": {
                    "date": "2026-09-17",
                    "entries": []
                }
            }
        },
        {
            "type": "Feature",
            "geometry": {
                "type": "Point",
                "coordinates": [
                    11.900007534182963,
                    57.65044832577765
                ]
            },
            "properties": {
                "id": "61e0a242cfc4d247cca95d8f",
                "name": "Arken Tynnereds Kyrka",
                "businessId": 4394,
                "visitingAddress": "Turkosgatan 1",
                "description": "<p>Det här är en fristående förskola. Kontakta förskolan om du vill veta mer om deras verksamhet.</p>",
                "todaysOpeningHours": {
                    "date": "2026-09-17",
                    "entries": []
                }
            }
        },
        {
            "type": "Feature",
            "geometry": {
                "type": "Point",
                "coordinates": [
                    11.928792639809336,
                    57.751662132860055
                ]
            },
            "properties": {
                "id": "61e0a242cfc4d247cca95dcf",
                "name": "Arves Marias väg 21 förskola",
                "businessId": 2382,
                "visitingAddress": "Arves Marias Väg 21",
                "images": [
                    {
                        "small": "https://s3.eu-north-1.amazonaws.com/gbg.serviceguiden/61e0a242cfc4d247cca95dcf_635fe852118251387cdec8e3_small.jpg",
                        "small2x": "https://s3.eu-north-1.amazonaws.com/gbg.serviceguiden/61e0a242cfc4d247cca95dcf_635fe852118251387cdec8e3_small_2x.jpg",
                        "medium": "https://s3.eu-north-1.amazonaws.com/gbg.serviceguiden/61e0a242cfc4d247cca95dcf_635fe852118251387cdec8e3_medium.jpg",
                        "medium2x": "https://s3.eu-north-1.amazonaws.com/gbg.serviceguiden/61e0a242cfc4d247cca95dcf_635fe852118251387cdec8e3_medium_2x.jpg",
                        "large": "https://s3.eu-north-1.amazonaws.com/gbg.serviceguiden/61e0a242cfc4d247cca95dcf_635fe852118251387cdec8e3_large.jpg",
                        "large2x": "https://s3.eu-north-1.amazonaws.com/gbg.serviceguiden/61e0a242cfc4d247cca95dcf_635fe852118251387cdec8e3_large_2x.jpg",
                        "altText": "Bilden föreställer en röd byggnad. Framför byggnaden finns en gräsmatta med en stenränna och stenar. ",
                        "description": "Foto: Davide Panzino"
                    }
                ],
                "todaysOpeningHours": {
                    "date": "2026-09-17",
                    "entries": []
                }
            }
        },
        {
            "type": "Feature",
            "geometry": {
                "type": "Point",
                "coordinates": [
                    11.959347042285527,
                    57.633006147109334
                ]
            },
            "properties": {
                "id": "61e0a242cfc4d247cca95e74",
                "name": "Askims Domarringsväg 103 förskola",
                "businessId": 14,
                "visitingAddress": "Askims Domarringsväg 103",
                "images": [
                    {
                        "small": "https://s3.eu-north-1.amazonaws.com/gbg.serviceguiden/61e0a242cfc4d247cca95e74_6374d4583b1f9e73721f6e2a_small.jpg",
                        "small2x": "https://s3.eu-north-1.amazonaws.com/gbg.serviceguiden/61e0a242cfc4d247cca95e74_6374d4583b1f9e73721f6e2a_small_2x.jpg",
                        "medium": "https://s3.eu-north-1.amazonaws.com/gbg.serviceguiden/61e0a242cfc4d247cca95e74_6374d4583b1f9e73721f6e2a_medium.jpg",
                        "medium2x": "https://s3.eu-north-1.amazonaws.com/gbg.serviceguiden/61e0a242cfc4d247cca95e74_6374d4583b1f9e73721f6e2a_medium_2x.jpg",
                        "large": "https://s3.eu-north-1.amazonaws.com/gbg.serviceguiden/61e0a242cfc4d247cca95e74_6374d4583b1f9e73721f6e2a_large.jpg",
                        "large2x": "https://s3.eu-north-1.amazonaws.com/gbg.serviceguiden/61e0a242cfc4d247cca95e74_6374d4583b1f9e73721f6e2a_large_2x.jpg",
                        "altText": "Bilden föreställer en byggnad och en förskolegård. ",
                        "description": "Foto: Peter Nilsson"
                    }
                ],
                "todaysOpeningHours": {
                    "date": "2026-09-17",
                    "entries": []
                }
            }
        },
        {
            "type": "Feature",
            "geometry": {
                "type": "Point",
                "coordinates": [
                    11.902232761776958,
                    57.698626228517114
                ]
            },
            "properties": {
                "id": "61e0a246cfc4d247cca96088",
                "name": "Astris Gata 7 förskola",
                "businessId": 3913,
                "visitingAddress": "Astris Gata 7",
                "images": [
                    {
                        "small": "https://s3.eu-north-1.amazonaws.com/gbg.serviceguiden/61e0a246cfc4d247cca96088_635fe8d1118251387cded824_small.jpg",
                        "small2x": "https://s3.eu-north-1.amazonaws.com/gbg.serviceguiden/61e0a246cfc4d247cca96088_635fe8d1118251387cded824_small_2x.jpg",
                        "medium": "https://s3.eu-north-1.amazonaws.com/gbg.serviceguiden/61e0a246cfc4d247cca96088_635fe8d1118251387cded824_medium.jpg",
                        "medium2x": "https://s3.eu-north-1.amazonaws.com/gbg.serviceguiden/61e0a246cfc4d247cca96088_635fe8d1118251387cded824_medium_2x.jpg",
                        "large": "https://s3.eu-north-1.amazonaws.com/gbg.serviceguiden/61e0a246cfc4d247cca96088_635fe8d1118251387cded824_large.jpg",
                        "large2x": "https://s3.eu-north-1.amazonaws.com/gbg.serviceguiden/61e0a246cfc4d247cca96088_635fe8d1118251387cded824_large_2x.jpg",
                        "altText": "Bilden föreställer en orange byggnad. Framför byggnaden finns en lekplats med en klätterställning med ruschkana och en röd balansgång. ",
                        "description": "Foto: Davide Panzino"
                    }
                ],
                "todaysOpeningHours": {
                    "date": "2026-09-17",
                    "entries": []
                }
            }
        },
        {
            "type": "Feature",
            "geometry": {
                "type": "Point",
                "coordinates": [
                    11.97834100025355,
                    57.74077334601101
                ]
            },
            "properties": {
                "id": "61e0a248cfc4d247cca961fa",
                "name": "Backa Kyrkogata 11 förskola",
                "businessId": 6725,
                "visitingAddress": "Backa Kyrkogata 11",
                "images": [
                    {
                        "small": "https://s3.eu-north-1.amazonaws.com/gbg.serviceguiden/61e0a248cfc4d247cca961fa_635fe923118251387cdee505_small.jpg",
                        "small2x": "https://s3.eu-north-1.amazonaws.com/gbg.serviceguiden/61e0a248cfc4d247cca961fa_635fe923118251387cdee505_small_2x.jpg",
                        "medium": "https://s3.eu-north-1.amazonaws.com/gbg.serviceguiden/61e0a248cfc4d247cca961fa_635fe923118251387cdee505_medium.jpg",
                        "medium2x": "https://s3.eu-north-1.amazonaws.com/gbg.serviceguiden/61e0a248cfc4d247cca961fa_635fe923118251387cdee505_medium_2x.jpg",
                        "large": "https://s3.eu-north-1.amazonaws.com/gbg.serviceguiden/61e0a248cfc4d247cca961fa_635fe923118251387cdee505_large.jpg",
                        "large2x": "https://s3.eu-north-1.amazonaws.com/gbg.serviceguiden/61e0a248cfc4d247cca961fa_635fe923118251387cdee505_large_2x.jpg",
                        "altText": "Bilden föreställer en träbyggnad med vita och orangea fönsterkarmar. Framför byggnaden finns en parkeringsplats. ",
                        "description": "Foto: Davide Panzino"
                    }
                ],
                "todaysOpeningHours": {
                    "date": "2026-09-17",
                    "entries": []
                }
            }
        },
        {
            "type": "Feature",
            "geometry": {
                "type": "Point",
                "coordinates": [
                    11.981674945232891,
                    57.74611659737574
                ]
            },
            "properties": {
                "id": "61e0a249cfc4d247cca962d4",
                "name": "Backa Västergård",
                "businessId": 266,
                "visitingAddress": "Rimmaregatan 9B",
                "description": "<p>Det här är en fristående förskola. Kontakta förskolan om du vill veta mer om deras verksamhet.</p>",
                "todaysOpeningHours": {
                    "date": "2026-09-17",
                    "entries": []
                }
            }
        },
        {
            "type": "Feature",
            "geometry": {
                "type": "Point",
                "coordinates": [
                    11.915078527860965,
                    57.68444091786649
                ]
            },
            "properties": {
                "id": "61e0a24dcfc4d247cca964f0",
                "name": "Bankebergsgatan 5 förskola",
                "businessId": 1340,
                "visitingAddress": "Bankebergsgatan 5",
                "images": [
                    {
                        "small": "https://s3.eu-north-1.amazonaws.com/gbg.serviceguiden/61e0a24dcfc4d247cca964f0_634d4177118251387c8ee422_small.jpg",
                        "small2x": "https://s3.eu-north-1.amazonaws.com/gbg.serviceguiden/61e0a24dcfc4d247cca964f0_634d4177118251387c8ee422_small_2x.jpg",
                        "medium": "https://s3.eu-north-1.amazonaws.com/gbg.serviceguiden/61e0a24dcfc4d247cca964f0_634d4177118251387c8ee422_medium.jpg",
                        "medium2x": "https://s3.eu-north-1.amazonaws.com/gbg.serviceguiden/61e0a24dcfc4d247cca964f0_634d4177118251387c8ee422_medium_2x.jpg",
                        "large": "https://s3.eu-north-1.amazonaws.com/gbg.serviceguiden/61e0a24dcfc4d247cca964f0_634d4177118251387c8ee422_large.jpg",
                        "large2x": "https://s3.eu-north-1.amazonaws.com/gbg.serviceguiden/61e0a24dcfc4d247cca964f0_634d4177118251387c8ee422_large_2x.jpg",
                        "altText": "Bilden föreställer ett vitt och gråbeiget hus med grönt staket. Utanför är en gräsmatta och trottoar.  ",
                        "description": "Foto: Davide Panzino "
                    }
                ],
                "todaysOpeningHours": {
                    "date": "2026-09-17",
                    "entries": []
                }
            }
        },
        {
            "type": "Feature",
            "geometry": {
                "type": "Point",
                "coordinates": [
                    11.88837869078512,
                    57.6749700482271
                ]
            },
            "properties": {
                "id": "62b3067931eac24e53e6256c",
                "name": "Barnens hus",
                "businessId": 7137,
                "visitingAddress": "Hagens Stationsväg 33",
                "description": "<p>Det här är en fristående förskola. Kontakta förskolan om du vill veta mer om deras verksamhet.</p>",
                "todaysOpeningHours": {
                    "date": "2026-09-17",
                    "entries": []
                }
            }
        },
        {
            "type": "Feature",
            "geometry": {
                "type": "Point",
                "coordinates": [
                    11.918230864508079,
                    57.666654638600306
                ]
            },
            "properties": {
                "id": "61e0a24dcfc4d247cca96579",
                "name": "Barytongatan 2 förskola",
                "businessId": 3914,
                "visitingAddress": "Barytongatan 2",
                "images": [
                    {
                        "small": "https://s3.eu-north-1.amazonaws.com/gbg.serviceguiden/61e0a24dcfc4d247cca96579_6a42397ca6447f1ed772b79a_small.jpg",
                        "small2x": "https://s3.eu-north-1.amazonaws.com/gbg.serviceguiden/61e0a24dcfc4d247cca96579_6a42397ca6447f1ed772b79a_small_2x.jpg",
                        "medium": "https://s3.eu-north-1.amazonaws.com/gbg.serviceguiden/61e0a24dcfc4d247cca96579_6a42397ca6447f1ed772b79a_medium.jpg",
                        "medium2x": "https://s3.eu-north-1.amazonaws.com/gbg.serviceguiden/61e0a24dcfc4d247cca96579_6a42397ca6447f1ed772b79a_medium_2x.jpg",
                        "large": "https://s3.eu-north-1.amazonaws.com/gbg.serviceguiden/61e0a24dcfc4d247cca96579_6a42397ca6447f1ed772b79a_large.jpg",
                        "large2x": "https://s3.eu-north-1.amazonaws.com/gbg.serviceguiden/61e0a24dcfc4d247cca96579_6a42397ca6447f1ed772b79a_large_2x.jpg",
                        "altText": "Brunt hus",
                        "description": "Foto: Davide Panzino"
                    }
                ],
                "todaysOpeningHours": {
                    "date": "2026-09-17",
                    "entries": []
                }
            }
        },
        {
            "type": "Feature",
            "geometry": {
                "type": "Point",
                "coordinates": [
                    11.932363563843381,
                    57.693291391631725
                ]
            },
            "properties": {
                "id": "61e0a24fcfc4d247cca96789",
                "name": "Bergaborgen",
                "businessId": 246,
                "visitingAddress": "Dahlströmsgatan 8",
                "description": "<p>Det här är en fristående förskola. Kontakta förskolan om du vill veta mer om deras verksamhet.</p>",
                "todaysOpeningHours": {
                    "date": "2026-09-17",
                    "entries": []
                }
            }
        },
        {
            "type": "Feature",
            "geometry": {
                "type": "Point",
                "coordinates": [
                    11.963065774726136,
                    57.74020126397186
                ]
            },
            "properties": {
                "id": "61e0a250cfc4d247cca967b3",
                "name": "Bergartsgatan 1 förskola",
                "businessId": 5405,
                "visitingAddress": "Bergartsgatan 1",
                "images": [
                    {
                        "small": "https://s3.eu-north-1.amazonaws.com/gbg.serviceguiden/61e0a250cfc4d247cca967b3_635fe9bd118251387cdef768_small.jpg",
                        "small2x": "https://s3.eu-north-1.amazonaws.com/gbg.serviceguiden/61e0a250cfc4d247cca967b3_635fe9bd118251387cdef768_small_2x.jpg",
                        "medium": "https://s3.eu-north-1.amazonaws.com/gbg.serviceguiden/61e0a250cfc4d247cca967b3_635fe9bd118251387cdef768_medium.jpg",
                        "medium2x": "https://s3.eu-north-1.amazonaws.com/gbg.serviceguiden/61e0a250cfc4d247cca967b3_635fe9bd118251387cdef768_medium_2x.jpg",
                        "large": "https://s3.eu-north-1.amazonaws.com/gbg.serviceguiden/61e0a250cfc4d247cca967b3_635fe9bd118251387cdef768_large.jpg",
                        "large2x": "https://s3.eu-north-1.amazonaws.com/gbg.serviceguiden/61e0a250cfc4d247cca967b3_635fe9bd118251387cdef768_large_2x.jpg",
                        "altText": "Bilden föreställer en tegelbyggnad. Framför byggnaden finns en inhägnad gård. På asfalten slingrar sig en hoppbana i olika färger. ",
                        "description": "Foto: Davide Panzino"
                    }
                ],
                "todaysOpeningHours": {
                    "date": "2026-09-17",
                    "entries": []
                }
            }
        },
        {
            "type": "Feature",
            "geometry": {
                "type": "Point",
                "coordinates": [
                    12.02138078840671,
                    57.77122864965137
                ]
            },
            "properties": {
                "id": "61e0a250cfc4d247cca96864",
                "name": "Bergsgårdsgärdet 39 förskola",
                "businessId": 1277,
                "visitingAddress": "Bergsgårdsgärdet 39",
                "description": "<p><span>Förskolan stängdes i juli 2024. Du kan inte söka till förskolan. Lokalerna kan komma att användas av andra förskolor vid behov.</span></p>",
                "images": [
                    {
                        "small": "https://s3.eu-north-1.amazonaws.com/gbg.serviceguiden/61e0a250cfc4d247cca96864_636a74af118251387c8a4b12_small.jpg",
                        "small2x": "https://s3.eu-north-1.amazonaws.com/gbg.serviceguiden/61e0a250cfc4d247cca96864_636a74af118251387c8a4b12_small_2x.jpg",
                        "medium": "https://s3.eu-north-1.amazonaws.com/gbg.serviceguiden/61e0a250cfc4d247cca96864_636a74af118251387c8a4b12_medium.jpg",
                        "medium2x": "https://s3.eu-north-1.amazonaws.com/gbg.serviceguiden/61e0a250cfc4d247cca96864_636a74af118251387c8a4b12_medium_2x.jpg",
                        "large": "https://s3.eu-north-1.amazonaws.com/gbg.serviceguiden/61e0a250cfc4d247cca96864_636a74af118251387c8a4b12_large.jpg",
                        "large2x": "https://s3.eu-north-1.amazonaws.com/gbg.serviceguiden/61e0a250cfc4d247cca96864_636a74af118251387c8a4b12_large_2x.jpg",
                        "altText": "Bilden föreställer en orange byggnad och en förskolegård. På gården finns ett gult garage, en gunghäst och en ruschkana. ",
                        "description": "Foto: Davide Panzino"
                    }
                ],
                "todaysOpeningHours": {
                    "date": "2026-09-17",
                    "entries": []
                }
            }
        },
        {
            "type": "Feature",
            "geometry": {
                "type": "Point",
                "coordinates": [
                    12.018539348343392,
                    57.7684106144841
                ]
            },
            "properties": {
                "id": "61e0a251cfc4d247cca968c2",
                "name": "Bergsgårdsgärdet 93 förskola",
                "businessId": 2120,
                "visitingAddress": "Bergsgårdsgärdet 93",
                "images": [
                    {
                        "small": "https://s3.eu-north-1.amazonaws.com/gbg.serviceguiden/61e0a251cfc4d247cca968c2_636a764e118251387c8a6912_small.jpg",
                        "small2x": "https://s3.eu-north-1.amazonaws.com/gbg.serviceguiden/61e0a251cfc4d247cca968c2_636a764e118251387c8a6912_small_2x.jpg",
                        "medium": "https://s3.eu-north-1.amazonaws.com/gbg.serviceguiden/61e0a251cfc4d247cca968c2_636a764e118251387c8a6912_medium.jpg",
                        "medium2x": "https://s3.eu-north-1.amazonaws.com/gbg.serviceguiden/61e0a251cfc4d247cca968c2_636a764e118251387c8a6912_medium_2x.jpg",
                        "large": "https://s3.eu-north-1.amazonaws.com/gbg.serviceguiden/61e0a251cfc4d247cca968c2_636a764e118251387c8a6912_large.jpg",
                        "large2x": "https://s3.eu-north-1.amazonaws.com/gbg.serviceguiden/61e0a251cfc4d247cca968c2_636a764e118251387c8a6912_large_2x.jpg",
                        "altText": "Bilden föreställer en gul byggnad och en förskolegård med en klätterställning och en ruschkana. ",
                        "description": "Foto: Davide Panzino"
                    }
                ],
                "todaysOpeningHours": {
                    "date": "2026-09-17",
                    "entries": []
                }
            }
        },
        {
            "type": "Feature",
            "geometry": {
                "type": "Point",
                "coordinates": [
                    12.140856723667651,
                    57.7955372350019
                ]
            },
            "properties": {
                "id": "61e0a25ccfc4d247cca97189",
                "name": "Bergums framtid I ur och skur",
                "businessId": 3104,
                "visitingAddress": "Björsareds Genväg 1B",
                "description": "<p>Det här är en fristående förskola. Kontakta förskolan om du vill veta mer om deras verksamhet.</p>",
                "todaysOpeningHours": {
                    "date": "2026-09-17",
                    "entries": []
                }
            }
        },
        {
            "type": "Feature",
            "geometry": {
                "type": "Point",
                "coordinates": [
                    11.952252619368393,
                    57.59686362449379
                ]
            },
            "properties": {
                "id": "61e0a254cfc4d247cca96b45",
                "name": "Berguven 4 förskola",
                "businessId": 6642,
                "visitingAddress": "Berguven 4",
                "images": [
                    {
                        "small": "https://s3.eu-north-1.amazonaws.com/gbg.serviceguiden/61e0a254cfc4d247cca96b45_6373ae503b1f9e73720bae00_small.jpg",
                        "small2x": "https://s3.eu-north-1.amazonaws.com/gbg.serviceguiden/61e0a254cfc4d247cca96b45_6373ae503b1f9e73720bae00_small_2x.jpg",
                        "medium": "https://s3.eu-north-1.amazonaws.com/gbg.serviceguiden/61e0a254cfc4d247cca96b45_6373ae503b1f9e73720bae00_medium.jpg",
                        "medium2x": "https://s3.eu-north-1.amazonaws.com/gbg.serviceguiden/61e0a254cfc4d247cca96b45_6373ae503b1f9e73720bae00_medium_2x.jpg",
                        "large": "https://s3.eu-north-1.amazonaws.com/gbg.serviceguiden/61e0a254cfc4d247cca96b45_6373ae503b1f9e73720bae00_large.jpg",
                        "large2x": "https://s3.eu-north-1.amazonaws.com/gbg.serviceguiden/61e0a254cfc4d247cca96b45_6373ae503b1f9e73720bae00_large_2x.jpg",
                        "altText": "Bilden föreställer en grön byggnad och en förskolegård med en sandlåda, ett träd och en leksaksstuga. ",
                        "description": "Foto: Peter Nilsson"
                    }
                ],
                "todaysOpeningHours": {
                    "date": "2026-09-17",
                    "entries": []
                }
            }
        },
        {
            "type": "Feature",
            "geometry": {
                "type": "Point",
                "coordinates": [
                    11.88987348843013,
                    57.657628638883274
                ]
            },
            "properties": {
                "id": "61e0a255cfc4d247cca96bc8",
                "name": "Beryllgatan 1 förskola",
                "businessId": 5584,
                "visitingAddress": "Beryllgatan 1",
                "images": [
                    {
                        "small": "https://s3.eu-north-1.amazonaws.com/gbg.serviceguiden/61e0a255cfc4d247cca96bc8_6373aec33b1f9e73720bb79a_small.jpg",
                        "small2x": "https://s3.eu-north-1.amazonaws.com/gbg.serviceguiden/61e0a255cfc4d247cca96bc8_6373aec33b1f9e73720bb79a_small_2x.jpg",
                        "medium": "https://s3.eu-north-1.amazonaws.com/gbg.serviceguiden/61e0a255cfc4d247cca96bc8_6373aec33b1f9e73720bb79a_medium.jpg",
                        "medium2x": "https://s3.eu-north-1.amazonaws.com/gbg.serviceguiden/61e0a255cfc4d247cca96bc8_6373aec33b1f9e73720bb79a_medium_2x.jpg",
                        "large": "https://s3.eu-north-1.amazonaws.com/gbg.serviceguiden/61e0a255cfc4d247cca96bc8_6373aec33b1f9e73720bb79a_large.jpg",
                        "large2x": "https://s3.eu-north-1.amazonaws.com/gbg.serviceguiden/61e0a255cfc4d247cca96bc8_6373aec33b1f9e73720bb79a_large_2x.jpg",
                        "altText": "Bilden föreställer en röd byggnad och en förskolegård med gungor och en klätterställning i trä. ",
                        "description": "Foto: Davide Panzino"
                    }
                ],
                "todaysOpeningHours": {
                    "date": "2026-09-17",
                    "entries": []
                }
            }
        },
        {
            "type": "Feature",
            "geometry": {
                "type": "Point",
                "coordinates": [
                    12.027793283606236,
                    57.74097768142498
                ]
            },
            "properties": {
                "id": "61e0a255cfc4d247cca96c06",
                "name": "Beväringsgatan 3 förskola",
                "businessId": 6573,
                "visitingAddress": "Beväringsgatan 3",
                "images": [
                    {
                        "small": "https://s3.eu-north-1.amazonaws.com/gbg.serviceguiden/61e0a255cfc4d247cca96c06_636a76c1118251387c8a73bb_small.jpg",
                        "small2x": "https://s3.eu-north-1.amazonaws.com/gbg.serviceguiden/61e0a255cfc4d247cca96c06_636a76c1118251387c8a73bb_small_2x.jpg",
                        "medium": "https://s3.eu-north-1.amazonaws.com/gbg.serviceguiden/61e0a255cfc4d247cca96c06_636a76c1118251387c8a73bb_medium.jpg",
                        "medium2x": "https://s3.eu-north-1.amazonaws.com/gbg.serviceguiden/61e0a255cfc4d247cca96c06_636a76c1118251387c8a73bb_medium_2x.jpg",
                        "large": "https://s3.eu-north-1.amazonaws.com/gbg.serviceguiden/61e0a255cfc4d247cca96c06_636a76c1118251387c8a73bb_large.jpg",
                        "large2x": "https://s3.eu-north-1.amazonaws.com/gbg.serviceguiden/61e0a255cfc4d247cca96c06_636a76c1118251387c8a73bb_large_2x.jpg",
                        "altText": "Bilden föreställer en grå byggnad med och en förskolegård med en leksaksstuga och stora flugsvampar.",
                        "description": "Foto: Davide Panzino"
                    }
                ],
                "todaysOpeningHours": {
                    "date": "2026-09-17",
                    "entries": []
                }
            }
        },
        {
            "type": "Feature",
            "geometry": {
                "type": "Point",
                "coordinates": [
                    12.010571128895368,
                    57.711769813294126
                ]
            },
            "properties": {
                "id": "67e164e60e0a3243b0221c73",
                "name": "Bielkegatan 20 förskola",
                "businessId": 7465,
                "visitingAddress": "Bielkegatan 20",
                "images": [
                    {
                        "small": "https://s3.eu-north-1.amazonaws.com/gbg.serviceguiden/67e164e60e0a3243b0221c73_6a4b69e7a6447f1ed7c30db5_small.jpg",
                        "small2x": "https://s3.eu-north-1.amazonaws.com/gbg.serviceguiden/67e164e60e0a3243b0221c73_6a4b69e7a6447f1ed7c30db5_small_2x.jpg",
                        "medium": "https://s3.eu-north-1.amazonaws.com/gbg.serviceguiden/67e164e60e0a3243b0221c73_6a4b69e7a6447f1ed7c30db5_medium.jpg",
                        "medium2x": "https://s3.eu-north-1.amazonaws.com/gbg.serviceguiden/67e164e60e0a3243b0221c73_6a4b69e7a6447f1ed7c30db5_medium_2x.jpg",
                        "large": "https://s3.eu-north-1.amazonaws.com/gbg.serviceguiden/67e164e60e0a3243b0221c73_6a4b69e7a6447f1ed7c30db5_large.jpg",
                        "large2x": "https://s3.eu-north-1.amazonaws.com/gbg.serviceguiden/67e164e60e0a3243b0221c73_6a4b69e7a6447f1ed7c30db5_large_2x.jpg",
                        "altText": "Grön förskolebyggnad med gul dörr. På gården står stora göna träd.",
                        "description": "Foto: Förskoleförvaltningen"
                    }
                ],
                "todaysOpeningHours": {
                    "date": "2026-09-17",
                    "entries": []
                }
            }
        },
        {
            "type": "Feature",
            "geometry": {
                "type": "Point",
                "coordinates": [
                    11.953243585262188,
                    57.69547322345776
                ]
            },
            "properties": {
                "id": "61e0a256cfc4d247cca96c64",
                "name": "Biet",
                "businessId": 2623,
                "visitingAddress": "Lilla Risåsgatan 22",
                "description": "<p>Det här är en fristående förskola. Kontakta förskolan om du vill veta mer om deras verksamhet.</p>",
                "todaysOpeningHours": {
                    "date": "2026-09-17",
                    "entries": []
                }
            }
        },
        {
            "type": "Feature",
            "geometry": {
                "type": "Point",
                "coordinates": [
                    11.947949214543227,
                    57.69091503190524
                ]
            },
            "properties": {
                "id": "61e0a256cfc4d247cca96c7c",
                "name": "Bild & Form",
                "businessId": 2645,
                "visitingAddress": "Vegagatan 29",
                "description": "<p>Det här är en fristående förskola. Kontakta förskolan om du vill veta mer om deras verksamhet.</p>",
                "todaysOpeningHours": {
                    "date": "2026-09-17",
                    "entries": []
                }
            }
        },
        {
            "type": "Feature",
            "geometry": {
                "type": "Point",
                "coordinates": [
                    11.924627242395209,
                    57.65802109975365
                ]
            },
            "properties": {
                "id": "61e0a256cfc4d247cca96cb3",
                "name": "Bildradiogatan 38 förskola",
                "businessId": 458,
                "visitingAddress": "Bildradiogatan 38",
                "images": [
                    {
                        "small": "https://s3.eu-north-1.amazonaws.com/gbg.serviceguiden/61e0a256cfc4d247cca96cb3_6373af003b1f9e73720bbd26_small.jpg",
                        "small2x": "https://s3.eu-north-1.amazonaws.com/gbg.serviceguiden/61e0a256cfc4d247cca96cb3_6373af003b1f9e73720bbd26_small_2x.jpg",
                        "medium": "https://s3.eu-north-1.amazonaws.com/gbg.serviceguiden/61e0a256cfc4d247cca96cb3_6373af003b1f9e73720bbd26_medium.jpg",
                        "medium2x": "https://s3.eu-north-1.amazonaws.com/gbg.serviceguiden/61e0a256cfc4d247cca96cb3_6373af003b1f9e73720bbd26_medium_2x.jpg",
                        "large": "https://s3.eu-north-1.amazonaws.com/gbg.serviceguiden/61e0a256cfc4d247cca96cb3_6373af003b1f9e73720bbd26_large.jpg",
                        "large2x": "https://s3.eu-north-1.amazonaws.com/gbg.serviceguiden/61e0a256cfc4d247cca96cb3_6373af003b1f9e73720bbd26_large_2x.jpg",
                        "altText": "Bilden föreställer en tegelbyggnad. ",
                        "description": "Foto: Davide Panzino"
                    }
                ],
                "todaysOpeningHours": {
                    "date": "2026-09-17",
                    "entries": []
                }
            }
        },
        {
            "type": "Feature",
            "geometry": {
                "type": "Point",
                "coordinates": [
                    11.943656893132358,
                    57.576090837493176
                ]
            },
            "properties": {
                "id": "61e0a257cfc4d247cca96d22",
                "name": "Billdals Kyrkväg 3 förskola",
                "businessId": 17,
                "visitingAddress": "Billdals Kyrkväg 3",
                "images": [
                    {
                        "small": "https://s3.eu-north-1.amazonaws.com/gbg.serviceguiden/61e0a257cfc4d247cca96d22_6373afdf3b1f9e73720bd232_small.jpg",
                        "small2x": "https://s3.eu-north-1.amazonaws.com/gbg.serviceguiden/61e0a257cfc4d247cca96d22_6373afdf3b1f9e73720bd232_small_2x.jpg",
                        "medium": "https://s3.eu-north-1.amazonaws.com/gbg.serviceguiden/61e0a257cfc4d247cca96d22_6373afdf3b1f9e73720bd232_medium.jpg",
                        "medium2x": "https://s3.eu-north-1.amazonaws.com/gbg.serviceguiden/61e0a257cfc4d247cca96d22_6373afdf3b1f9e73720bd232_medium_2x.jpg",
                        "large": "https://s3.eu-north-1.amazonaws.com/gbg.serviceguiden/61e0a257cfc4d247cca96d22_6373afdf3b1f9e73720bd232_large.jpg",
                        "large2x": "https://s3.eu-north-1.amazonaws.com/gbg.serviceguiden/61e0a257cfc4d247cca96d22_6373afdf3b1f9e73720bd232_large_2x.jpg",
                        "altText": "Bilden föreställer en ljus byggnad med en grön dörr. Utanför byggnaden finns en förskolegård med bland annat en sandlåda och två ruschkanor. ",
                        "description": "Foto: Davide Panzino "
                    }
                ],
                "todaysOpeningHours": {
                    "date": "2026-09-17",
                    "entries": []
                }
            }
        },
        {
            "type": "Feature",
            "geometry": {
                "type": "Point",
                "coordinates": [
                    11.9076394947445,
                    57.70637595641931
                ]
            },
            "properties": {
                "id": "61e0a258cfc4d247cca96e11",
                "name": "Biskopsgatan 8 förskola",
                "businessId": 5068,
                "visitingAddress": "Biskopsgatan 8",
                "images": [
                    {
                        "small": "https://s3.eu-north-1.amazonaws.com/gbg.serviceguiden/61e0a258cfc4d247cca96e11_65ddfc4a708c204db1359841_small.jpg",
                        "small2x": "https://s3.eu-north-1.amazonaws.com/gbg.serviceguiden/61e0a258cfc4d247cca96e11_65ddfc4a708c204db1359841_small_2x.jpg",
                        "medium": "https://s3.eu-north-1.amazonaws.com/gbg.serviceguiden/61e0a258cfc4d247cca96e11_65ddfc4a708c204db1359841_medium.jpg",
                        "medium2x": "https://s3.eu-north-1.amazonaws.com/gbg.serviceguiden/61e0a258cfc4d247cca96e11_65ddfc4a708c204db1359841_medium_2x.jpg",
                        "large": "https://s3.eu-north-1.amazonaws.com/gbg.serviceguiden/61e0a258cfc4d247cca96e11_65ddfc4a708c204db1359841_large.jpg",
                        "large2x": "https://s3.eu-north-1.amazonaws.com/gbg.serviceguiden/61e0a258cfc4d247cca96e11_65ddfc4a708c204db1359841_large_2x.jpg",
                        "altText": "En bild på förskolan Biskopsgatan 8 i ett vinterklätt landskap.",
                        "description": ""
                    }
                ],
                "todaysOpeningHours": {
                    "date": "2026-09-17",
                    "entries": []
                }
            }
        },
        {
            "type": "Feature",
            "geometry": {
                "type": "Point",
                "coordinates": [
                    11.832183321118423,
                    57.7614919848416
                ]
            },
            "properties": {
                "id": "61e0a25ccfc4d247cca9710c",
                "name": "Björlanda Strand 5 förskola",
                "businessId": 1445,
                "visitingAddress": "Björlanda Strand 5",
                "images": [
                    {
                        "small": "https://s3.eu-north-1.amazonaws.com/gbg.serviceguiden/61e0a25ccfc4d247cca9710c_635feaa6118251387cdf1502_small.jpg",
                        "small2x": "https://s3.eu-north-1.amazonaws.com/gbg.serviceguiden/61e0a25ccfc4d247cca9710c_635feaa6118251387cdf1502_small_2x.jpg",
                        "medium": "https://s3.eu-north-1.amazonaws.com/gbg.serviceguiden/61e0a25ccfc4d247cca9710c_635feaa6118251387cdf1502_medium.jpg",
                        "medium2x": "https://s3.eu-north-1.amazonaws.com/gbg.serviceguiden/61e0a25ccfc4d247cca9710c_635feaa6118251387cdf1502_medium_2x.jpg",
                        "large": "https://s3.eu-north-1.amazonaws.com/gbg.serviceguiden/61e0a25ccfc4d247cca9710c_635feaa6118251387cdf1502_large.jpg",
                        "large2x": "https://s3.eu-north-1.amazonaws.com/gbg.serviceguiden/61e0a25ccfc4d247cca9710c_635feaa6118251387cdf1502_large_2x.jpg",
                        "altText": "Bilden föreställer en vit byggnad. Framför byggnaden finns en lekplats med en sandlåda, en gunghäst, en klätterställning med ruschkana och ett stort träd.",
                        "description": "Foto: David Panzino"
                    }
                ],
                "todaysOpeningHours": {
                    "date": "2026-09-17",
                    "entries": []
                }
            }
        },
        {
            "type": "Feature",
            "geometry": {
                "type": "Point",
                "coordinates": [
                    11.92591066907591,
                    57.7206306832173
                ]
            },
            "properties": {
                "id": "61e0a25dcfc4d247cca971fa",
                "name": "Blackevägen 3 förskola",
                "businessId": 4387,
                "visitingAddress": "Blackevägen 3",
                "images": [
                    {
                        "small": "https://s3.eu-north-1.amazonaws.com/gbg.serviceguiden/61e0a25dcfc4d247cca971fa_635feaf4118251387cdf2388_small.jpg",
                        "small2x": "https://s3.eu-north-1.amazonaws.com/gbg.serviceguiden/61e0a25dcfc4d247cca971fa_635feaf4118251387cdf2388_small_2x.jpg",
                        "medium": "https://s3.eu-north-1.amazonaws.com/gbg.serviceguiden/61e0a25dcfc4d247cca971fa_635feaf4118251387cdf2388_medium.jpg",
                        "medium2x": "https://s3.eu-north-1.amazonaws.com/gbg.serviceguiden/61e0a25dcfc4d247cca971fa_635feaf4118251387cdf2388_medium_2x.jpg",
                        "large": "https://s3.eu-north-1.amazonaws.com/gbg.serviceguiden/61e0a25dcfc4d247cca971fa_635feaf4118251387cdf2388_large.jpg",
                        "large2x": "https://s3.eu-north-1.amazonaws.com/gbg.serviceguiden/61e0a25dcfc4d247cca971fa_635feaf4118251387cdf2388_large_2x.jpg",
                        "altText": "Bilden föreställer en röd byggnad med vita fönsterkarmar. Utanför dörren finns en inhägnad lats med sex utomhusbänkar. ",
                        "description": "Foto: Davide Panzino"
                    }
                ],
                "todaysOpeningHours": {
                    "date": "2026-09-17",
                    "entries": []
                }
            }
        },
        {
            "type": "Feature",
            "geometry": {
                "type": "Point",
                "coordinates": [
                    11.918910289444302,
                    57.665720213912174
                ]
            },
            "properties": {
                "id": "61e0a25ecfc4d247cca972a4",
                "name": "Blåsippan",
                "businessId": 622,
                "visitingAddress": "Kaverösterrassen 2",
                "description": "<p>Det här är en fristående förskola. Kontakta förskolan om du vill veta mer om deras verksamhet.</p>",
                "todaysOpeningHours": {
                    "date": "2026-09-17",
                    "entries": []
                }
            }
        },
        {
            "type": "Feature",
            "geometry": {
                "type": "Point",
                "coordinates": [
                    11.890001715147196,
                    57.71334592470154
                ]
            },
            "properties": {
                "id": "61e0a25ecfc4d247cca972c4",
                "name": "Blåsvädersgatan 2 förskola",
                "businessId": 145,
                "visitingAddress": "Blåsvädersgatan 2",
                "images": [
                    {
                        "small": "https://s3.eu-north-1.amazonaws.com/gbg.serviceguiden/61e0a25ecfc4d247cca972c4_69bd1483095c634f3028774e_small.jpg",
                        "small2x": "https://s3.eu-north-1.amazonaws.com/gbg.serviceguiden/61e0a25ecfc4d247cca972c4_69bd1483095c634f3028774e_small_2x.jpg",
                        "medium": "https://s3.eu-north-1.amazonaws.com/gbg.serviceguiden/61e0a25ecfc4d247cca972c4_69bd1483095c634f3028774e_medium.jpg",
                        "medium2x": "https://s3.eu-north-1.amazonaws.com/gbg.serviceguiden/61e0a25ecfc4d247cca972c4_69bd1483095c634f3028774e_medium_2x.jpg",
                        "large": "https://s3.eu-north-1.amazonaws.com/gbg.serviceguiden/61e0a25ecfc4d247cca972c4_69bd1483095c634f3028774e_large.jpg",
                        "large2x": "https://s3.eu-north-1.amazonaws.com/gbg.serviceguiden/61e0a25ecfc4d247cca972c4_69bd1483095c634f3028774e_large_2x.jpg",
                        "altText": "Blåsvädergatans lokaler",
                        "description": "Blåsvädersgatan 2 förskola"
                    }
                ],
                "todaysOpeningHours": {
                    "date": "2026-09-17",
                    "entries": []
                }
            }
        },
        {
            "type": "Feature",
            "geometry": {
                "type": "Point",
                "coordinates": [
                    12.026629686009647,
                    57.76863008421702
                ]
            },
            "properties": {
                "id": "61e0a25fcfc4d247cca973c5",
                "name": "Bollplansgatan 2 förskola",
                "businessId": 1289,
                "visitingAddress": "Bollplansgatan 2",
                "images": [
                    {
                        "small": "https://s3.eu-north-1.amazonaws.com/gbg.serviceguiden/61e0a25fcfc4d247cca973c5_6a314db5d821e84782167684_small.jpg",
                        "small2x": "https://s3.eu-north-1.amazonaws.com/gbg.serviceguiden/61e0a25fcfc4d247cca973c5_6a314db5d821e84782167684_small_2x.jpg",
                        "medium": "https://s3.eu-north-1.amazonaws.com/gbg.serviceguiden/61e0a25fcfc4d247cca973c5_6a314db5d821e84782167684_medium.jpg",
                        "medium2x": "https://s3.eu-north-1.amazonaws.com/gbg.serviceguiden/61e0a25fcfc4d247cca973c5_6a314db5d821e84782167684_medium_2x.jpg",
                        "large": "https://s3.eu-north-1.amazonaws.com/gbg.serviceguiden/61e0a25fcfc4d247cca973c5_6a314db5d821e84782167684_large.jpg",
                        "large2x": "https://s3.eu-north-1.amazonaws.com/gbg.serviceguiden/61e0a25fcfc4d247cca973c5_6a314db5d821e84782167684_large_2x.jpg",
                        "altText": "Bilden visar förskolan och en del av gården.",
                        "description": "Foto: Davide Panzino"
                    }
                ],
                "todaysOpeningHours": {
                    "date": "2026-09-17",
                    "entries": []
                }
            }
        },
        {
            "type": "Feature",
            "geometry": {
                "type": "Point",
                "coordinates": [
                    12.025556858005693,
                    57.77095674939041
                ]
            },
            "properties": {
                "id": "61e0a25fcfc4d247cca973e7",
                "name": "Bondegärdet 18B förskola",
                "businessId": 2127,
                "visitingAddress": "Bondegärdet 18B",
                "images": [
                    {
                        "small": "https://s3.eu-north-1.amazonaws.com/gbg.serviceguiden/61e0a25fcfc4d247cca973e7_636a76fc118251387c8a79b1_small.jpg",
                        "small2x": "https://s3.eu-north-1.amazonaws.com/gbg.serviceguiden/61e0a25fcfc4d247cca973e7_636a76fc118251387c8a79b1_small_2x.jpg",
                        "medium": "https://s3.eu-north-1.amazonaws.com/gbg.serviceguiden/61e0a25fcfc4d247cca973e7_636a76fc118251387c8a79b1_medium.jpg",
                        "medium2x": "https://s3.eu-north-1.amazonaws.com/gbg.serviceguiden/61e0a25fcfc4d247cca973e7_636a76fc118251387c8a79b1_medium_2x.jpg",
                        "large": "https://s3.eu-north-1.amazonaws.com/gbg.serviceguiden/61e0a25fcfc4d247cca973e7_636a76fc118251387c8a79b1_large.jpg",
                        "large2x": "https://s3.eu-north-1.amazonaws.com/gbg.serviceguiden/61e0a25fcfc4d247cca973e7_636a76fc118251387c8a79b1_large_2x.jpg",
                        "altText": "Bilden föreställer en gul byggnad med två gråa dörrar. ",
                        "description": "Foto: Davide Panzino"
                    }
                ],
                "todaysOpeningHours": {
                    "date": "2026-09-17",
                    "entries": []
                }
            }
        },
        {
            "type": "Feature",
            "geometry": {
                "type": "Point",
                "coordinates": [
                    11.998000007714229,
                    57.71626752187801
                ]
            },
            "properties": {
                "id": "61e0a25fcfc4d247cca9741f",
                "name": "Borgaregatan 5 förskola",
                "businessId": 1676,
                "visitingAddress": "Borgaregatan 5",
                "images": [
                    {
                        "small": "https://s3.eu-north-1.amazonaws.com/gbg.serviceguiden/61e0a25fcfc4d247cca9741f_634d42b3118251387c8efdf1_small.jpg",
                        "small2x": "https://s3.eu-north-1.amazonaws.com/gbg.serviceguiden/61e0a25fcfc4d247cca9741f_634d42b3118251387c8efdf1_small_2x.jpg",
                        "medium": "https://s3.eu-north-1.amazonaws.com/gbg.serviceguiden/61e0a25fcfc4d247cca9741f_634d42b3118251387c8efdf1_medium.jpg",
                        "medium2x": "https://s3.eu-north-1.amazonaws.com/gbg.serviceguiden/61e0a25fcfc4d247cca9741f_634d42b3118251387c8efdf1_medium_2x.jpg",
                        "large": "https://s3.eu-north-1.amazonaws.com/gbg.serviceguiden/61e0a25fcfc4d247cca9741f_634d42b3118251387c8efdf1_large.jpg",
                        "large2x": "https://s3.eu-north-1.amazonaws.com/gbg.serviceguiden/61e0a25fcfc4d247cca9741f_634d42b3118251387c8efdf1_large_2x.jpg",
                        "altText": "Bilden föreställer en lekpark med en blå rutschkana och ett blått lekhus. Runt parken finns ett brunt staket. Bakom lekparken finns ett grå-beige hus med röda fönsterkarmar. ",
                        "description": "Foto: Davide Panzino"
                    }
                ],
                "todaysOpeningHours": {
                    "date": "2026-09-17",
                    "entries": []
                }
            }
        },
        {
            "type": "Feature",
            "geometry": {
                "type": "Point",
                "coordinates": [
                    11.890548145135824,
                    57.71160738958286
                ]
            },
            "properties": {
                "id": "61e0a261cfc4d247cca97510",
                "name": "Brandströmska förskolan Livskraft",
                "businessId": 2968,
                "visitingAddress": "Vårvädersgatan 10",
                "description": "<p>Det här är en fristående förskola. Kontakta förskolan om du vill veta mer om deras verksamhet.</p>",
                "todaysOpeningHours": {
                    "date": "2026-09-17",
                    "entries": []
                }
            }
        },
        {
            "type": "Feature",
            "geometry": {
                "type": "Point",
                "coordinates": [
                    12.012965452681943,
                    57.73405234273759
                ]
            },
            "properties": {
                "id": "61e0a261cfc4d247cca97528",
                "name": "Brandströmska förskolan Nylöse",
                "businessId": 2806,
                "visitingAddress": "Ambrosiusgatan 1",
                "description": "<p>Det här är en fristående förskola. Kontakta förskolan om du vill veta mer om deras verksamhet.</p>",
                "todaysOpeningHours": {
                    "date": "2026-09-17",
                    "entries": []
                }
            }
        },
        {
            "type": "Feature",
            "geometry": {
                "type": "Point",
                "coordinates": [
                    11.791243032235046,
                    57.61588838341766
                ]
            },
            "properties": {
                "id": "61e0a261cfc4d247cca9755e",
                "name": "Brattenskogen 6 förskola",
                "businessId": 2561,
                "visitingAddress": "Brattenskogen 6",
                "images": [
                    {
                        "small": "https://s3.eu-north-1.amazonaws.com/gbg.serviceguiden/61e0a261cfc4d247cca9755e_6374d0483b1f9e73721efd14_small.jpg",
                        "small2x": "https://s3.eu-north-1.amazonaws.com/gbg.serviceguiden/61e0a261cfc4d247cca9755e_6374d0483b1f9e73721efd14_small_2x.jpg",
                        "medium": "https://s3.eu-north-1.amazonaws.com/gbg.serviceguiden/61e0a261cfc4d247cca9755e_6374d0483b1f9e73721efd14_medium.jpg",
                        "medium2x": "https://s3.eu-north-1.amazonaws.com/gbg.serviceguiden/61e0a261cfc4d247cca9755e_6374d0483b1f9e73721efd14_medium_2x.jpg",
                        "large": "https://s3.eu-north-1.amazonaws.com/gbg.serviceguiden/61e0a261cfc4d247cca9755e_6374d0483b1f9e73721efd14_large.jpg",
                        "large2x": "https://s3.eu-north-1.amazonaws.com/gbg.serviceguiden/61e0a261cfc4d247cca9755e_6374d0483b1f9e73721efd14_large_2x.jpg",
                        "altText": "Bilden föreställer en vit byggnad med röda fönsterkarmar. ",
                        "description": "Foto: Davide Panzino"
                    }
                ],
                "todaysOpeningHours": {
                    "date": "2026-09-17",
                    "entries": []
                }
            }
        },
        {
            "type": "Feature",
            "geometry": {
                "type": "Point",
                "coordinates": [
                    12.029195050761073,
                    57.77775946970259
                ]
            },
            "properties": {
                "id": "61e0a262cfc4d247cca975cf",
                "name": "Bredfjällsgatan 72 förskola",
                "businessId": 1293,
                "visitingAddress": "Bredfjällsgatan 72",
                "images": [
                    {
                        "small": "https://s3.eu-north-1.amazonaws.com/gbg.serviceguiden/61e0a262cfc4d247cca975cf_636a78b0118251387c8a9f44_small.jpg",
                        "small2x": "https://s3.eu-north-1.amazonaws.com/gbg.serviceguiden/61e0a262cfc4d247cca975cf_636a78b0118251387c8a9f44_small_2x.jpg",
                        "medium": "https://s3.eu-north-1.amazonaws.com/gbg.serviceguiden/61e0a262cfc4d247cca975cf_636a78b0118251387c8a9f44_medium.jpg",
                        "medium2x": "https://s3.eu-north-1.amazonaws.com/gbg.serviceguiden/61e0a262cfc4d247cca975cf_636a78b0118251387c8a9f44_medium_2x.jpg",
                        "large": "https://s3.eu-north-1.amazonaws.com/gbg.serviceguiden/61e0a262cfc4d247cca975cf_636a78b0118251387c8a9f44_large.jpg",
                        "large2x": "https://s3.eu-north-1.amazonaws.com/gbg.serviceguiden/61e0a262cfc4d247cca975cf_636a78b0118251387c8a9f44_large_2x.jpg",
                        "altText": "Bilden föreställer en röd byggnad och en förskolegård med en klätterställning med en ruschkana. ",
                        "description": "Foto: Davide Panzino"
                    }
                ],
                "todaysOpeningHours": {
                    "date": "2026-09-17",
                    "entries": []
                }
            }
        },
        {
            "type": "Feature",
            "geometry": {
                "type": "Point",
                "coordinates": [
                    12.02653315969827,
                    57.71974599706972
                ]
            },
            "properties": {
                "id": "61e0a262cfc4d247cca97600",
                "name": "Bromeliusgatan 12 förskola",
                "businessId": 6420,
                "visitingAddress": "Bromeliusgatan 12",
                "images": [
                    {
                        "small": "https://s3.eu-north-1.amazonaws.com/gbg.serviceguiden/61e0a262cfc4d247cca97600_6978b4aa0341da55c04de200_small.jpg",
                        "small2x": "https://s3.eu-north-1.amazonaws.com/gbg.serviceguiden/61e0a262cfc4d247cca97600_6978b4aa0341da55c04de200_small_2x.jpg",
                        "medium": "https://s3.eu-north-1.amazonaws.com/gbg.serviceguiden/61e0a262cfc4d247cca97600_6978b4aa0341da55c04de200_medium.jpg",
                        "medium2x": "https://s3.eu-north-1.amazonaws.com/gbg.serviceguiden/61e0a262cfc4d247cca97600_6978b4aa0341da55c04de200_medium_2x.jpg",
                        "large": "https://s3.eu-north-1.amazonaws.com/gbg.serviceguiden/61e0a262cfc4d247cca97600_6978b4aa0341da55c04de200_large.jpg",
                        "large2x": "https://s3.eu-north-1.amazonaws.com/gbg.serviceguiden/61e0a262cfc4d247cca97600_6978b4aa0341da55c04de200_large_2x.jpg",
                        "altText": "förskolegård med trästubbar",
                        "description": ""
                    }
                ],
                "todaysOpeningHours": {
                    "date": "2026-09-17",
                    "entries": []
                }
            }
        },
        {
            "type": "Feature",
            "geometry": {
                "type": "Point",
                "coordinates": [
                    11.905524249212007,
                    57.640647434753575
                ]
            },
            "properties": {
                "id": "61e0a262cfc4d247cca97638",
                "name": "Bronsåldersgatan 27 förskola",
                "businessId": 1530,
                "visitingAddress": "Bronsåldersgatan 27",
                "images": [
                    {
                        "small": "https://s3.eu-north-1.amazonaws.com/gbg.serviceguiden/61e0a262cfc4d247cca97638_6a4b61fea6447f1ed7c2ad79_small.jpg",
                        "small2x": "https://s3.eu-north-1.amazonaws.com/gbg.serviceguiden/61e0a262cfc4d247cca97638_6a4b61fea6447f1ed7c2ad79_small_2x.jpg",
                        "medium": "https://s3.eu-north-1.amazonaws.com/gbg.serviceguiden/61e0a262cfc4d247cca97638_6a4b61fea6447f1ed7c2ad79_medium.jpg",
                        "medium2x": "https://s3.eu-north-1.amazonaws.com/gbg.serviceguiden/61e0a262cfc4d247cca97638_6a4b61fea6447f1ed7c2ad79_medium_2x.jpg",
                        "large": "https://s3.eu-north-1.amazonaws.com/gbg.serviceguiden/61e0a262cfc4d247cca97638_6a4b61fea6447f1ed7c2ad79_large.jpg",
                        "large2x": "https://s3.eu-north-1.amazonaws.com/gbg.serviceguiden/61e0a262cfc4d247cca97638_6a4b61fea6447f1ed7c2ad79_large_2x.jpg",
                        "altText": "Röd enplansbyggnad i grönska",
                        "description": "Foto: förskoleförvaltningen"
                    }
                ],
                "todaysOpeningHours": {
                    "date": "2026-09-17",
                    "entries": []
                }
            }
        },
        {
            "type": "Feature",
            "geometry": {
                "type": "Point",
                "coordinates": [
                    11.903678583886586,
                    57.64300552170997
                ]
            },
            "properties": {
                "id": "61e0a262cfc4d247cca97658",
                "name": "Bronsåldersgatan 90 förskola",
                "businessId": 3335,
                "visitingAddress": "Bronsåldersgatan 90",
                "todaysOpeningHours": {
                    "date": "2026-09-17",
                    "entries": []
                }
            }
        },
        {
            "type": "Feature",
            "geometry": {
                "type": "Point",
                "coordinates": [
                    11.90663184392887,
                    57.80429379938252
                ]
            },
            "properties": {
                "id": "61e0a265cfc4d247cca97859",
                "name": "Brunstorpsvägen 41 förskola",
                "businessId": 2403,
                "visitingAddress": "Brunstorpsvägen 41",
                "images": [
                    {
                        "small": "https://s3.eu-north-1.amazonaws.com/gbg.serviceguiden/61e0a265cfc4d247cca97859_635febca118251387cdf32a1_small.jpg",
                        "small2x": "https://s3.eu-north-1.amazonaws.com/gbg.serviceguiden/61e0a265cfc4d247cca97859_635febca118251387cdf32a1_small_2x.jpg",
                        "medium": "https://s3.eu-north-1.amazonaws.com/gbg.serviceguiden/61e0a265cfc4d247cca97859_635febca118251387cdf32a1_medium.jpg",
                        "medium2x": "https://s3.eu-north-1.amazonaws.com/gbg.serviceguiden/61e0a265cfc4d247cca97859_635febca118251387cdf32a1_medium_2x.jpg",
                        "large": "https://s3.eu-north-1.amazonaws.com/gbg.serviceguiden/61e0a265cfc4d247cca97859_635febca118251387cdf32a1_large.jpg",
                        "large2x": "https://s3.eu-north-1.amazonaws.com/gbg.serviceguiden/61e0a265cfc4d247cca97859_635febca118251387cdf32a1_large_2x.jpg",
                        "altText": "Bilden föreställer en röd träbyggnad med vita fönsterkarmar. Framför byggnaden finns en lekplats med tre gungor. Längre bak i bild syns n klätterställning med ruschkana. ",
                        "description": "Foto: Davide Panzino"
                    }
                ],
                "todaysOpeningHours": {
                    "date": "2026-09-17",
                    "entries": []
                }
            }
        },
        {
            "type": "Feature",
            "geometry": {
                "type": "Point",
                "coordinates": [
                    11.722263777580585,
                    57.712223165677656
                ]
            },
            "properties": {
                "id": "61e0a266cfc4d247cca97953",
                "name": "Brännekullavägen 5 förskola",
                "businessId": 1454,
                "visitingAddress": "Brännekullavägen 5",
                "images": [
                    {
                        "small": "https://s3.eu-north-1.amazonaws.com/gbg.serviceguiden/61e0a266cfc4d247cca97953_6361329f118251387cf80cf2_small.jpg",
                        "small2x": "https://s3.eu-north-1.amazonaws.com/gbg.serviceguiden/61e0a266cfc4d247cca97953_6361329f118251387cf80cf2_small_2x.jpg",
                        "medium": "https://s3.eu-north-1.amazonaws.com/gbg.serviceguiden/61e0a266cfc4d247cca97953_6361329f118251387cf80cf2_medium.jpg",
                        "medium2x": "https://s3.eu-north-1.amazonaws.com/gbg.serviceguiden/61e0a266cfc4d247cca97953_6361329f118251387cf80cf2_medium_2x.jpg",
                        "large": "https://s3.eu-north-1.amazonaws.com/gbg.serviceguiden/61e0a266cfc4d247cca97953_6361329f118251387cf80cf2_large.jpg",
                        "large2x": "https://s3.eu-north-1.amazonaws.com/gbg.serviceguiden/61e0a266cfc4d247cca97953_6361329f118251387cf80cf2_large_2x.jpg",
                        "altText": "Bilden föreställer en vit byggnad och en stor blå och en mindre röd ruschkana i en sandlåda. ",
                        "description": "Foto: Davide Panzino"
                    }
                ],
                "todaysOpeningHours": {
                    "date": "2026-09-17",
                    "entries": []
                }
            }
        },
        {
            "type": "Feature",
            "geometry": {
                "type": "Point",
                "coordinates": [
                    11.946591794078758,
                    57.601720146701446
                ]
            },
            "properties": {
                "id": "61e0a266cfc4d247cca97975",
                "name": "Brännemysten 6 förskola",
                "businessId": 20,
                "visitingAddress": "Brännemysten 6",
                "images": [
                    {
                        "small": "https://s3.eu-north-1.amazonaws.com/gbg.serviceguiden/61e0a266cfc4d247cca97975_6a58c3f5a6447f1ed73707c2_small.jpg",
                        "small2x": "https://s3.eu-north-1.amazonaws.com/gbg.serviceguiden/61e0a266cfc4d247cca97975_6a58c3f5a6447f1ed73707c2_small_2x.jpg",
                        "medium": "https://s3.eu-north-1.amazonaws.com/gbg.serviceguiden/61e0a266cfc4d247cca97975_6a58c3f5a6447f1ed73707c2_medium.jpg",
                        "medium2x": "https://s3.eu-north-1.amazonaws.com/gbg.serviceguiden/61e0a266cfc4d247cca97975_6a58c3f5a6447f1ed73707c2_medium_2x.jpg",
                        "large": "https://s3.eu-north-1.amazonaws.com/gbg.serviceguiden/61e0a266cfc4d247cca97975_6a58c3f5a6447f1ed73707c2_large.jpg",
                        "large2x": "https://s3.eu-north-1.amazonaws.com/gbg.serviceguiden/61e0a266cfc4d247cca97975_6a58c3f5a6447f1ed73707c2_large_2x.jpg",
                        "altText": "Röd förskolebyggnad med lekplats framför.",
                        "description": "Foto: Förskoleförvaltningen"
                    }
                ],
                "todaysOpeningHours": {
                    "date": "2026-09-17",
                    "entries": []
                }
            }
        },
        {
            "type": "Feature",
            "geometry": {
                "type": "Point",
                "coordinates": [
                    12.016824081818127,
                    57.73053031654064
                ]
            },
            "properties": {
                "id": "61e0a267cfc4d247cca97a11",
                "name": "Bunkebergsgatan 10 förskola",
                "businessId": 6655,
                "visitingAddress": "Bunkebergsgatan 10",
                "images": [
                    {
                        "small": "https://s3.eu-north-1.amazonaws.com/gbg.serviceguiden/61e0a267cfc4d247cca97a11_636a782f118251387c8a936e_small.jpg",
                        "small2x": "https://s3.eu-north-1.amazonaws.com/gbg.serviceguiden/61e0a267cfc4d247cca97a11_636a782f118251387c8a936e_small_2x.jpg",
                        "medium": "https://s3.eu-north-1.amazonaws.com/gbg.serviceguiden/61e0a267cfc4d247cca97a11_636a782f118251387c8a936e_medium.jpg",
                        "medium2x": "https://s3.eu-north-1.amazonaws.com/gbg.serviceguiden/61e0a267cfc4d247cca97a11_636a782f118251387c8a936e_medium_2x.jpg",
                        "large": "https://s3.eu-north-1.amazonaws.com/gbg.serviceguiden/61e0a267cfc4d247cca97a11_636a782f118251387c8a936e_large.jpg",
                        "large2x": "https://s3.eu-north-1.amazonaws.com/gbg.serviceguiden/61e0a267cfc4d247cca97a11_636a782f118251387c8a936e_large_2x.jpg",
                        "altText": "Bilden föreställer en grå byggnad och en förskolegård med en ruschkana, sandlåda, träd, leksaksstuga och ett förråd.  ",
                        "description": "Foto: Davide Panzino"
                    }
                ],
                "todaysOpeningHours": {
                    "date": "2026-09-17",
                    "entries": []
                }
            }
        },
        {
            "type": "Feature",
            "geometry": {
                "type": "Point",
                "coordinates": [
                    11.989197057752056,
                    57.68093729249482
                ]
            },
            "properties": {
                "id": "61e0a2f7cfc4d247cca9e902",
                "name": "Burås Kyrkbacke 3 förskola",
                "businessId": 222,
                "visitingAddress": "Burås Kyrkbacke 3",
                "images": [
                    {
                        "small": "https://s3.eu-north-1.amazonaws.com/gbg.serviceguiden/61e0a2f7cfc4d247cca9e902_6a4e0cd2d821e847821065d9_small.jpg",
                        "small2x": "https://s3.eu-north-1.amazonaws.com/gbg.serviceguiden/61e0a2f7cfc4d247cca9e902_6a4e0cd2d821e847821065d9_small_2x.jpg",
                        "medium": "https://s3.eu-north-1.amazonaws.com/gbg.serviceguiden/61e0a2f7cfc4d247cca9e902_6a4e0cd2d821e847821065d9_medium.jpg",
                        "medium2x": "https://s3.eu-north-1.amazonaws.com/gbg.serviceguiden/61e0a2f7cfc4d247cca9e902_6a4e0cd2d821e847821065d9_medium_2x.jpg",
                        "large": "https://s3.eu-north-1.amazonaws.com/gbg.serviceguiden/61e0a2f7cfc4d247cca9e902_6a4e0cd2d821e847821065d9_large.jpg",
                        "large2x": "https://s3.eu-north-1.amazonaws.com/gbg.serviceguiden/61e0a2f7cfc4d247cca9e902_6a4e0cd2d821e847821065d9_large_2x.jpg",
                        "altText": "Förskolans byggnad i grönt trä och tegel.",
                        "description": "Foto: Förskoleförvaltningen"
                    }
                ],
                "todaysOpeningHours": {
                    "date": "2026-09-17",
                    "entries": []
                }
            }
        },
        {
            "type": "Feature",
            "geometry": {
                "type": "Point",
                "coordinates": [
                    11.862080004720308,
                    57.665192697286074
                ]
            },
            "properties": {
                "id": "61e0a269cfc4d247cca97b51",
                "name": "Bygatan 13 C förskola",
                "businessId": 1625,
                "visitingAddress": "Bygatan 13C",
                "images": [
                    {
                        "small": "https://s3.eu-north-1.amazonaws.com/gbg.serviceguiden/61e0a269cfc4d247cca97b51_6a9e83a34e73d67cdd49d5c3_small.jpg",
                        "small2x": "https://s3.eu-north-1.amazonaws.com/gbg.serviceguiden/61e0a269cfc4d247cca97b51_6a9e83a34e73d67cdd49d5c3_small_2x.jpg",
                        "medium": "https://s3.eu-north-1.amazonaws.com/gbg.serviceguiden/61e0a269cfc4d247cca97b51_6a9e83a34e73d67cdd49d5c3_medium.jpg",
                        "medium2x": "https://s3.eu-north-1.amazonaws.com/gbg.serviceguiden/61e0a269cfc4d247cca97b51_6a9e83a34e73d67cdd49d5c3_medium_2x.jpg",
                        "large": "https://s3.eu-north-1.amazonaws.com/gbg.serviceguiden/61e0a269cfc4d247cca97b51_6a9e83a34e73d67cdd49d5c3_large.jpg",
                        "large2x": "https://s3.eu-north-1.amazonaws.com/gbg.serviceguiden/61e0a269cfc4d247cca97b51_6a9e83a34e73d67cdd49d5c3_large_2x.jpg",
                        "altText": "Vit enplansbyggnad",
                        "description": "Foto: Förskoleförvaltningen"
                    }
                ],
                "todaysOpeningHours": {
                    "date": "2026-09-17",
                    "entries": []
                }
            }
        },
        {
            "type": "Feature",
            "geometry": {
                "type": "Point",
                "coordinates": [
                    11.887918217491281,
                    57.720602273759816
                ]
            },
            "properties": {
                "id": "61e0a269cfc4d247cca97bab",
                "name": "Byvädersgången 31 förskola",
                "businessId": 5845,
                "visitingAddress": "Byvädersgången 31",
                "images": [
                    {
                        "small": "https://s3.eu-north-1.amazonaws.com/gbg.serviceguiden/61e0a269cfc4d247cca97bab_63613329118251387cf81862_small.jpg",
                        "small2x": "https://s3.eu-north-1.amazonaws.com/gbg.serviceguiden/61e0a269cfc4d247cca97bab_63613329118251387cf81862_small_2x.jpg",
                        "medium": "https://s3.eu-north-1.amazonaws.com/gbg.serviceguiden/61e0a269cfc4d247cca97bab_63613329118251387cf81862_medium.jpg",
                        "medium2x": "https://s3.eu-north-1.amazonaws.com/gbg.serviceguiden/61e0a269cfc4d247cca97bab_63613329118251387cf81862_medium_2x.jpg",
                        "large": "https://s3.eu-north-1.amazonaws.com/gbg.serviceguiden/61e0a269cfc4d247cca97bab_63613329118251387cf81862_large.jpg",
                        "large2x": "https://s3.eu-north-1.amazonaws.com/gbg.serviceguiden/61e0a269cfc4d247cca97bab_63613329118251387cf81862_large_2x.jpg",
                        "altText": "Bilden föreställer en grå byggnad med en lila och en gul dörr Framför byggnaden finns en sandlåda och en ruschkana. En regnbåge är ritad på asfalten. ",
                        "description": "Foto: Davide Panzino"
                    }
                ],
                "todaysOpeningHours": {
                    "date": "2026-09-17",
                    "entries": []
                }
            }
        },
        {
            "type": "Feature",
            "geometry": {
                "type": "Point",
                "coordinates": [
                    11.96866976295312,
                    57.75804486472527
                ]
            },
            "properties": {
                "id": "61e0a26acfc4d247cca97bff",
                "name": "Båtsman Grås Gata 2 förskola",
                "businessId": 68,
                "visitingAddress": "Båtsman Grås Gata 2",
                "description": "<p>Barnen och pedagogerna är tills vidare på <a href=\"https://goteborg.se/wps/portal?uri=gbglnk%3agbg.page.ae9bdaaa-8b90-4ea0-80e1-6651457a90fd&amp;id=7336\" target=\"_self\">förskolan Litteraturtorget 5</a>. Planerad öppning igen sker under 2029 och då går det bra att söka plats här.</p>\r\n<p><a href=\"/wps/portal?uri=gbglnk%3a20256109234552\" target=\"_self\">Om byggprojektet för Båtsman Grås Gata 2</a></p>",
                "images": [
                    {
                        "small": "https://s3.eu-north-1.amazonaws.com/gbg.serviceguiden/61e0a26acfc4d247cca97bff_636133b8118251387cf825f5_small.jpg",
                        "small2x": "https://s3.eu-north-1.amazonaws.com/gbg.serviceguiden/61e0a26acfc4d247cca97bff_636133b8118251387cf825f5_small_2x.jpg",
                        "medium": "https://s3.eu-north-1.amazonaws.com/gbg.serviceguiden/61e0a26acfc4d247cca97bff_636133b8118251387cf825f5_medium.jpg",
                        "medium2x": "https://s3.eu-north-1.amazonaws.com/gbg.serviceguiden/61e0a26acfc4d247cca97bff_636133b8118251387cf825f5_medium_2x.jpg",
                        "large": "https://s3.eu-north-1.amazonaws.com/gbg.serviceguiden/61e0a26acfc4d247cca97bff_636133b8118251387cf825f5_large.jpg",
                        "large2x": "https://s3.eu-north-1.amazonaws.com/gbg.serviceguiden/61e0a26acfc4d247cca97bff_636133b8118251387cf825f5_large_2x.jpg",
                        "altText": "Bilden föreställer en gul byggnad och en mörk dörr. ",
                        "description": "Foto: Davide Panzino"
                    }
                ],
                "todaysOpeningHours": {
                    "date": "2026-09-17",
                    "entries": []
                }
            }
        },
        {
            "type": "Feature",
            "geometry": {
                "type": "Point",
                "coordinates": [
                    11.908104261879894,
                    57.793210151536734
                ]
            },
            "properties": {
                "id": "61e0a26bcfc4d247cca97d67",
                "name": "Bärbyvägen 24 förskola",
                "businessId": 2406,
                "visitingAddress": "Bärbyvägen 24",
                "images": [
                    {
                        "small": "https://s3.eu-north-1.amazonaws.com/gbg.serviceguiden/61e0a26bcfc4d247cca97d67_6361340c118251387cf82f29_small.jpg",
                        "small2x": "https://s3.eu-north-1.amazonaws.com/gbg.serviceguiden/61e0a26bcfc4d247cca97d67_6361340c118251387cf82f29_small_2x.jpg",
                        "medium": "https://s3.eu-north-1.amazonaws.com/gbg.serviceguiden/61e0a26bcfc4d247cca97d67_6361340c118251387cf82f29_medium.jpg",
                        "medium2x": "https://s3.eu-north-1.amazonaws.com/gbg.serviceguiden/61e0a26bcfc4d247cca97d67_6361340c118251387cf82f29_medium_2x.jpg",
                        "large": "https://s3.eu-north-1.amazonaws.com/gbg.serviceguiden/61e0a26bcfc4d247cca97d67_6361340c118251387cf82f29_large.jpg",
                        "large2x": "https://s3.eu-north-1.amazonaws.com/gbg.serviceguiden/61e0a26bcfc4d247cca97d67_6361340c118251387cf82f29_large_2x.jpg",
                        "altText": "Bilden föreställer en vit byggnad. Framför byggnaden finns en inhägnad lekpark med en sandlåda och en röd traktor i trä. ",
                        "description": "Foto: Davide Panzino"
                    }
                ],
                "todaysOpeningHours": {
                    "date": "2026-09-17",
                    "entries": []
                }
            }
        },
        {
            "type": "Feature",
            "geometry": {
                "type": "Point",
                "coordinates": [
                    11.922215120900297,
                    57.69618383439361
                ]
            },
            "properties": {
                "id": "61e0a26ccfc4d247cca97df5",
                "name": "Carl Johans Församlings Förskola",
                "businessId": 247,
                "visitingAddress": "Carl Johans Kyrkoplan 1",
                "description": "<p>Det här är en fristående förskola. Kontakta förskolan om du vill veta mer om deras verksamhet.</p>",
                "todaysOpeningHours": {
                    "date": "2026-09-17",
                    "entries": []
                }
            }
        },
        {
            "type": "Feature",
            "geometry": {
                "type": "Point",
                "coordinates": [
                    11.930554667375157,
                    57.70790789206942
                ]
            },
            "properties": {
                "id": "61e0a26dcfc4d247cca97ea2",
                "name": "Ceresgatan 16 förskola",
                "businessId": 1238,
                "visitingAddress": "Ceresgatan 16",
                "images": [
                    {
                        "small": "https://s3.eu-north-1.amazonaws.com/gbg.serviceguiden/61e0a26dcfc4d247cca97ea2_63613492118251387cf83c90_small.jpg",
                        "small2x": "https://s3.eu-north-1.amazonaws.com/gbg.serviceguiden/61e0a26dcfc4d247cca97ea2_63613492118251387cf83c90_small_2x.jpg",
                        "medium": "https://s3.eu-north-1.amazonaws.com/gbg.serviceguiden/61e0a26dcfc4d247cca97ea2_63613492118251387cf83c90_medium.jpg",
                        "medium2x": "https://s3.eu-north-1.amazonaws.com/gbg.serviceguiden/61e0a26dcfc4d247cca97ea2_63613492118251387cf83c90_medium_2x.jpg",
                        "large": "https://s3.eu-north-1.amazonaws.com/gbg.serviceguiden/61e0a26dcfc4d247cca97ea2_63613492118251387cf83c90_large.jpg",
                        "large2x": "https://s3.eu-north-1.amazonaws.com/gbg.serviceguiden/61e0a26dcfc4d247cca97ea2_63613492118251387cf83c90_large_2x.jpg",
                        "altText": "Bilden föreställer en gul byggnad med en röd dörr. Framför byggnaden finns tre cementkrukor med träd och två utomhusbänkar. ",
                        "description": "Foto: Davide Panzino"
                    }
                ],
                "todaysOpeningHours": {
                    "date": "2026-09-17",
                    "entries": []
                }
            }
        },
        {
            "type": "Feature",
            "geometry": {
                "type": "Point",
                "coordinates": [
                    11.885324306853109,
                    57.67488583957998
                ]
            },
            "properties": {
                "id": "61e0a26dcfc4d247cca97f19",
                "name": "Child Activity Center",
                "businessId": 3211,
                "visitingAddress": "Torgny Segerstedtsgatan 64",
                "description": "<p>Det här är en fristående förskola. Kontakta förskolan om du vill veta mer om deras verksamhet.</p>",
                "todaysOpeningHours": {
                    "date": "2026-09-17",
                    "entries": []
                }
            }
        },
        {
            "type": "Feature",
            "geometry": {
                "type": "Point",
                "coordinates": [
                    11.92399603866086,
                    57.68945914713984
                ]
            },
            "properties": {
                "id": "61e0a26ecfc4d247cca97fac",
                "name": "Con Brio",
                "businessId": 248,
                "visitingAddress": "Stortoppsgatan 3",
                "description": "<p>Det här är en fristående förskola. Kontakta förskolan om du vill veta mer om deras verksamhet.</p>",
                "todaysOpeningHours": {
                    "date": "2026-09-17",
                    "entries": []
                }
            }
        },
        {
            "type": "Feature",
            "geometry": {
                "type": "Point",
                "coordinates": [
                    11.925771650075665,
                    57.696369656372376
                ]
            },
            "properties": {
                "id": "61e0a26ecfc4d247cca97fc4",
                "name": "Creative Kids Lotsgatan Förskola/Preschool",
                "businessId": 5867,
                "visitingAddress": "Lotsgatan 3C",
                "description": "<p>Det här är en fristående förskola. Kontakta förskolan om du vill veta mer om deras verksamhet.</p>",
                "todaysOpeningHours": {
                    "date": "2026-09-17",
                    "entries": []
                }
            }
        },
        {
            "type": "Feature",
            "geometry": {
                "type": "Point",
                "coordinates": [
                    11.913370021166724,
                    57.689074695297144
                ]
            },
            "properties": {
                "id": "61e0a26ecfc4d247cca97fdc",
                "name": "Creative Kids Älvsborgsgatan Förskola/Preschool",
                "businessId": 5329,
                "visitingAddress": "Älvsborgsgatan 12",
                "description": "<p>Det här är en fristående förskola. Kontakta förskolan om du vill veta mer om deras verksamhet.</p>",
                "todaysOpeningHours": {
                    "date": "2026-09-17",
                    "entries": []
                }
            }
        },
        {
            "type": "Feature",
            "geometry": {
                "type": "Point",
                "coordinates": [
                    11.965295014614304,
                    57.69091964602458
                ]
            },
            "properties": {
                "id": "61e0a271cfc4d247cca981e1",
                "name": "Daniel Petterssons Gata 6 förskola",
                "businessId": 252,
                "visitingAddress": "Daniel Petterssons Gata 6",
                "images": [
                    {
                        "small": "https://s3.eu-north-1.amazonaws.com/gbg.serviceguiden/61e0a271cfc4d247cca981e1_634d477d118251387c8f678e_small.jpg",
                        "small2x": "https://s3.eu-north-1.amazonaws.com/gbg.serviceguiden/61e0a271cfc4d247cca981e1_634d477d118251387c8f678e_small_2x.jpg",
                        "medium": "https://s3.eu-north-1.amazonaws.com/gbg.serviceguiden/61e0a271cfc4d247cca981e1_634d477d118251387c8f678e_medium.jpg",
                        "medium2x": "https://s3.eu-north-1.amazonaws.com/gbg.serviceguiden/61e0a271cfc4d247cca981e1_634d477d118251387c8f678e_medium_2x.jpg",
                        "large": "https://s3.eu-north-1.amazonaws.com/gbg.serviceguiden/61e0a271cfc4d247cca981e1_634d477d118251387c8f678e_large.jpg",
                        "large2x": "https://s3.eu-north-1.amazonaws.com/gbg.serviceguiden/61e0a271cfc4d247cca981e1_634d477d118251387c8f678e_large_2x.jpg",
                        "altText": "Bilden föreställer ett vitt hus med bruna fönsterkarmar och tegeltak. Framför huset finns en lekplats med en lekstuga, rutschkana  och sandlåda. ",
                        "description": "Foto: Davide Panzino"
                    }
                ],
                "todaysOpeningHours": {
                    "date": "2026-09-17",
                    "entries": []
                }
            }
        },
        {
            "type": "Feature",
            "geometry": {
                "type": "Point",
                "coordinates": [
                    12.007937591632299,
                    57.70890919999924
                ]
            },
            "properties": {
                "id": "61e0a271cfc4d247cca98230",
                "name": "Danska Vägen 61 förskola",
                "businessId": 4240,
                "visitingAddress": "Danska Vägen 61A",
                "images": [
                    {
                        "small": "https://s3.eu-north-1.amazonaws.com/gbg.serviceguiden/61e0a271cfc4d247cca98230_634d48e4118251387c8f8585_small.jpg",
                        "small2x": "https://s3.eu-north-1.amazonaws.com/gbg.serviceguiden/61e0a271cfc4d247cca98230_634d48e4118251387c8f8585_small_2x.jpg",
                        "medium": "https://s3.eu-north-1.amazonaws.com/gbg.serviceguiden/61e0a271cfc4d247cca98230_634d48e4118251387c8f8585_medium.jpg",
                        "medium2x": "https://s3.eu-north-1.amazonaws.com/gbg.serviceguiden/61e0a271cfc4d247cca98230_634d48e4118251387c8f8585_medium_2x.jpg",
                        "large": "https://s3.eu-north-1.amazonaws.com/gbg.serviceguiden/61e0a271cfc4d247cca98230_634d48e4118251387c8f8585_large.jpg",
                        "large2x": "https://s3.eu-north-1.amazonaws.com/gbg.serviceguiden/61e0a271cfc4d247cca98230_634d48e4118251387c8f8585_large_2x.jpg",
                        "altText": "Bilden föreställer en lekplats på gräs. Bredvid ett träd finns en stor sten och bakom stenen finns en stor röd leksaksbil och en röd stuga. ",
                        "description": "Foto: Davide Panzino "
                    }
                ],
                "todaysOpeningHours": {
                    "date": "2026-09-17",
                    "entries": []
                }
            }
        },
        {
            "type": "Feature",
            "geometry": {
                "type": "Point",
                "coordinates": [
                    11.888056769740135,
                    57.72720115076741
                ]
            },
            "properties": {
                "id": "61e0a273cfc4d247cca983e4",
                "name": "Dimvädersgatan 1–5 förskola",
                "businessId": 146,
                "visitingAddress": "Dimvädersgatan 1",
                "images": [
                    {
                        "small": "https://s3.eu-north-1.amazonaws.com/gbg.serviceguiden/61e0a273cfc4d247cca983e4_6a5dde7ad821e84782934cb2_small.jpg",
                        "small2x": "https://s3.eu-north-1.amazonaws.com/gbg.serviceguiden/61e0a273cfc4d247cca983e4_6a5dde7ad821e84782934cb2_small_2x.jpg",
                        "medium": "https://s3.eu-north-1.amazonaws.com/gbg.serviceguiden/61e0a273cfc4d247cca983e4_6a5dde7ad821e84782934cb2_medium.jpg",
                        "medium2x": "https://s3.eu-north-1.amazonaws.com/gbg.serviceguiden/61e0a273cfc4d247cca983e4_6a5dde7ad821e84782934cb2_medium_2x.jpg",
                        "large": "https://s3.eu-north-1.amazonaws.com/gbg.serviceguiden/61e0a273cfc4d247cca983e4_6a5dde7ad821e84782934cb2_large.jpg",
                        "large2x": "https://s3.eu-north-1.amazonaws.com/gbg.serviceguiden/61e0a273cfc4d247cca983e4_6a5dde7ad821e84782934cb2_large_2x.jpg",
                        "altText": "En förskolebyggnad i tegel.",
                        "description": "Foto: Stadsfastighetsförvaltningen"
                    }
                ],
                "todaysOpeningHours": {
                    "date": "2026-09-17",
                    "entries": []
                }
            }
        },
        {
            "type": "Feature",
            "geometry": {
                "type": "Point",
                "coordinates": [
                    11.897103720749614,
                    57.70847476515461
                ]
            },
            "properties": {
                "id": "61e0a273cfc4d247cca98414",
                "name": "Djungeln",
                "businessId": 279,
                "visitingAddress": "Bräcke Östergårds Väg 20",
                "description": "<p>Det här är en fristående förskola. Kontakta förskolan om du vill veta mer om deras verksamhet.</p>",
                "todaysOpeningHours": {
                    "date": "2026-09-17",
                    "entries": []
                }
            }
        },
        {
            "type": "Feature",
            "geometry": {
                "type": "Point",
                "coordinates": [
                    11.932421824718636,
                    57.696613616197794
                ]
            },
            "properties": {
                "id": "61e0a273cfc4d247cca98432",
                "name": "Djurgårdsgatan 29 förskola",
                "businessId": 4375,
                "visitingAddress": "Djurgårdsgatan 29",
                "images": [
                    {
                        "small": "https://s3.eu-north-1.amazonaws.com/gbg.serviceguiden/61e0a273cfc4d247cca98432_634d4991118251387c8f9649_small.jpg",
                        "small2x": "https://s3.eu-north-1.amazonaws.com/gbg.serviceguiden/61e0a273cfc4d247cca98432_634d4991118251387c8f9649_small_2x.jpg",
                        "medium": "https://s3.eu-north-1.amazonaws.com/gbg.serviceguiden/61e0a273cfc4d247cca98432_634d4991118251387c8f9649_medium.jpg",
                        "medium2x": "https://s3.eu-north-1.amazonaws.com/gbg.serviceguiden/61e0a273cfc4d247cca98432_634d4991118251387c8f9649_medium_2x.jpg",
                        "large": "https://s3.eu-north-1.amazonaws.com/gbg.serviceguiden/61e0a273cfc4d247cca98432_634d4991118251387c8f9649_large.jpg",
                        "large2x": "https://s3.eu-north-1.amazonaws.com/gbg.serviceguiden/61e0a273cfc4d247cca98432_634d4991118251387c8f9649_large_2x.jpg",
                        "altText": "Bilden föreställer ett trähus med ett tegeltak. Framför huset finns en lekplats med en sandlåda, rutschkana, gräsmatta och staket.  ",
                        "description": "Foto: Davide Panzino"
                    }
                ],
                "todaysOpeningHours": {
                    "date": "2026-09-17",
                    "entries": []
                }
            }
        },
        {
            "type": "Feature",
            "geometry": {
                "type": "Point",
                "coordinates": [
                    11.971660592413185,
                    57.6783408707753
                ]
            },
            "properties": {
                "id": "61e0a273cfc4d247cca98463",
                "name": "Doktor Allards Gata 60 förskola",
                "businessId": 4841,
                "visitingAddress": "Doktor Allards Gata 60",
                "images": [
                    {
                        "small": "https://s3.eu-north-1.amazonaws.com/gbg.serviceguiden/61e0a273cfc4d247cca98463_634d4b81118251387c8fc722_small.jpg",
                        "small2x": "https://s3.eu-north-1.amazonaws.com/gbg.serviceguiden/61e0a273cfc4d247cca98463_634d4b81118251387c8fc722_small_2x.jpg",
                        "medium": "https://s3.eu-north-1.amazonaws.com/gbg.serviceguiden/61e0a273cfc4d247cca98463_634d4b81118251387c8fc722_medium.jpg",
                        "medium2x": "https://s3.eu-north-1.amazonaws.com/gbg.serviceguiden/61e0a273cfc4d247cca98463_634d4b81118251387c8fc722_medium_2x.jpg",
                        "large": "https://s3.eu-north-1.amazonaws.com/gbg.serviceguiden/61e0a273cfc4d247cca98463_634d4b81118251387c8fc722_large.jpg",
                        "large2x": "https://s3.eu-north-1.amazonaws.com/gbg.serviceguiden/61e0a273cfc4d247cca98463_634d4b81118251387c8fc722_large_2x.jpg",
                        "altText": "Bilden föreställer ett lägenhetshus i vitt, grått och brunt. Framför byggnaden finns en gräsmatta med trädäck.",
                        "description": "Foto: Davide Panzino "
                    }
                ],
                "todaysOpeningHours": {
                    "date": "2026-09-17",
                    "entries": []
                }
            }
        },
        {
            "type": "Feature",
            "geometry": {
                "type": "Point",
                "coordinates": [
                    11.972880533306618,
                    57.681390667886866
                ]
            },
            "properties": {
                "id": "61e0a274cfc4d247cca984b7",
                "name": "Doktor Håléns Gata 11 förskola",
                "businessId": 205,
                "visitingAddress": "Doktor Håléns Gata 11",
                "images": [
                    {
                        "small": "https://s3.eu-north-1.amazonaws.com/gbg.serviceguiden/61e0a274cfc4d247cca984b7_634d4e95118251387c90044d_small.jpg",
                        "small2x": "https://s3.eu-north-1.amazonaws.com/gbg.serviceguiden/61e0a274cfc4d247cca984b7_634d4e95118251387c90044d_small_2x.jpg",
                        "medium": "https://s3.eu-north-1.amazonaws.com/gbg.serviceguiden/61e0a274cfc4d247cca984b7_634d4e95118251387c90044d_medium.jpg",
                        "medium2x": "https://s3.eu-north-1.amazonaws.com/gbg.serviceguiden/61e0a274cfc4d247cca984b7_634d4e95118251387c90044d_medium_2x.jpg",
                        "large": "https://s3.eu-north-1.amazonaws.com/gbg.serviceguiden/61e0a274cfc4d247cca984b7_634d4e95118251387c90044d_large.jpg",
                        "large2x": "https://s3.eu-north-1.amazonaws.com/gbg.serviceguiden/61e0a274cfc4d247cca984b7_634d4e95118251387c90044d_large_2x.jpg",
                        "altText": "Bilden föreställer ljusgrått trähus med gröna träd och en grusväg utanför. ",
                        "description": "Foto: Davide Panzino "
                    }
                ],
                "todaysOpeningHours": {
                    "date": "2026-09-17",
                    "entries": []
                }
            }
        },
        {
            "type": "Feature",
            "geometry": {
                "type": "Point",
                "coordinates": [
                    11.978032368654995,
                    57.67909878389133
                ]
            },
            "properties": {
                "id": "61e0a274cfc4d247cca98507",
                "name": "Doktor Sydows Gata 44 förskola",
                "businessId": 206,
                "visitingAddress": "Doktor Sydows Gata 44",
                "images": [
                    {
                        "small": "https://s3.eu-north-1.amazonaws.com/gbg.serviceguiden/61e0a274cfc4d247cca98507_634d4f24118251387c901157_small.jpg",
                        "small2x": "https://s3.eu-north-1.amazonaws.com/gbg.serviceguiden/61e0a274cfc4d247cca98507_634d4f24118251387c901157_small_2x.jpg",
                        "medium": "https://s3.eu-north-1.amazonaws.com/gbg.serviceguiden/61e0a274cfc4d247cca98507_634d4f24118251387c901157_medium.jpg",
                        "medium2x": "https://s3.eu-north-1.amazonaws.com/gbg.serviceguiden/61e0a274cfc4d247cca98507_634d4f24118251387c901157_medium_2x.jpg",
                        "large": "https://s3.eu-north-1.amazonaws.com/gbg.serviceguiden/61e0a274cfc4d247cca98507_634d4f24118251387c901157_large.jpg",
                        "large2x": "https://s3.eu-north-1.amazonaws.com/gbg.serviceguiden/61e0a274cfc4d247cca98507_634d4f24118251387c901157_large_2x.jpg",
                        "altText": "Bilden föreställer ett gult trähus. Framför huset finns en lekplats med en lekstuga och en stående gunga.",
                        "description": "Foto: Davide Panzino"
                    }
                ],
                "todaysOpeningHours": {
                    "date": "2026-09-17",
                    "entries": []
                }
            }
        },
        {
            "type": "Feature",
            "geometry": {
                "type": "Point",
                "coordinates": [
                    12.022457522972147,
                    57.712950187532144
                ]
            },
            "properties": {
                "id": "61e0a275cfc4d247cca98605",
                "name": "Draget",
                "businessId": 2474,
                "visitingAddress": "Utjordsgatan 24",
                "description": "<p>Det här är en fristående förskola. Kontakta förskolan om du vill veta mer om deras verksamhet.</p>",
                "todaysOpeningHours": {
                    "date": "2026-09-17",
                    "entries": []
                }
            }
        },
        {
            "type": "Feature",
            "geometry": {
                "type": "Point",
                "coordinates": [
                    12.040016133954703,
                    57.81417292530287
                ]
            },
            "properties": {
                "id": "61e0a276cfc4d247cca98631",
                "name": "Dragonörtsgatan 1 förskola",
                "businessId": 535,
                "visitingAddress": "Dragonörtsgatan 1",
                "images": [
                    {
                        "small": "https://s3.eu-north-1.amazonaws.com/gbg.serviceguiden/61e0a276cfc4d247cca98631_636a7938118251387c8aac9a_small.jpg",
                        "small2x": "https://s3.eu-north-1.amazonaws.com/gbg.serviceguiden/61e0a276cfc4d247cca98631_636a7938118251387c8aac9a_small_2x.jpg",
                        "medium": "https://s3.eu-north-1.amazonaws.com/gbg.serviceguiden/61e0a276cfc4d247cca98631_636a7938118251387c8aac9a_medium.jpg",
                        "medium2x": "https://s3.eu-north-1.amazonaws.com/gbg.serviceguiden/61e0a276cfc4d247cca98631_636a7938118251387c8aac9a_medium_2x.jpg",
                        "large": "https://s3.eu-north-1.amazonaws.com/gbg.serviceguiden/61e0a276cfc4d247cca98631_636a7938118251387c8aac9a_large.jpg",
                        "large2x": "https://s3.eu-north-1.amazonaws.com/gbg.serviceguiden/61e0a276cfc4d247cca98631_636a7938118251387c8aac9a_large_2x.jpg",
                        "altText": "Bilden föreställer en gul byggnad och en förskolegård. På gården finns ett förråd, ett träd, gungor och en inhägnad hinderbana i trä. ",
                        "description": "Foto: Davide Panzino"
                    }
                ],
                "todaysOpeningHours": {
                    "date": "2026-09-17",
                    "entries": []
                }
            }
        },
        {
            "type": "Feature",
            "geometry": {
                "type": "Point",
                "coordinates": [
                    11.86002961903243,
                    57.66999382566034
                ]
            },
            "properties": {
                "id": "61e0a27acfc4d247cca989ce",
                "name": "Eckragatan 36 förskola",
                "businessId": 4187,
                "visitingAddress": "Eckragatan 36",
                "images": [
                    {
                        "small": "https://s3.eu-north-1.amazonaws.com/gbg.serviceguiden/61e0a27acfc4d247cca989ce_6374d1653b1f9e73721f1c4e_small.jpg",
                        "small2x": "https://s3.eu-north-1.amazonaws.com/gbg.serviceguiden/61e0a27acfc4d247cca989ce_6374d1653b1f9e73721f1c4e_small_2x.jpg",
                        "medium": "https://s3.eu-north-1.amazonaws.com/gbg.serviceguiden/61e0a27acfc4d247cca989ce_6374d1653b1f9e73721f1c4e_medium.jpg",
                        "medium2x": "https://s3.eu-north-1.amazonaws.com/gbg.serviceguiden/61e0a27acfc4d247cca989ce_6374d1653b1f9e73721f1c4e_medium_2x.jpg",
                        "large": "https://s3.eu-north-1.amazonaws.com/gbg.serviceguiden/61e0a27acfc4d247cca989ce_6374d1653b1f9e73721f1c4e_large.jpg",
                        "large2x": "https://s3.eu-north-1.amazonaws.com/gbg.serviceguiden/61e0a27acfc4d247cca989ce_6374d1653b1f9e73721f1c4e_large_2x.jpg",
                        "altText": "Bilden föreställer en byggnad och en förskolegård med en klätterställning med ruschkana och en tunnel. ",
                        "description": "Foto: Davide Panzino"
                    }
                ],
                "todaysOpeningHours": {
                    "date": "2026-09-17",
                    "entries": []
                }
            }
        },
        {
            "type": "Feature",
            "geometry": {
                "type": "Point",
                "coordinates": [
                    12.037016507520377,
                    57.74752375783891
                ]
            },
            "properties": {
                "id": "61e0a27acfc4d247cca989f2",
                "name": "Edwin Ahlqvists Väg 55 förskola",
                "businessId": 2177,
                "visitingAddress": "Edwin Ahlqvists Väg 55",
                "images": [
                    {
                        "small": "https://s3.eu-north-1.amazonaws.com/gbg.serviceguiden/61e0a27acfc4d247cca989f2_636a7990118251387c8ab53d_small.jpg",
                        "small2x": "https://s3.eu-north-1.amazonaws.com/gbg.serviceguiden/61e0a27acfc4d247cca989f2_636a7990118251387c8ab53d_small_2x.jpg",
                        "medium": "https://s3.eu-north-1.amazonaws.com/gbg.serviceguiden/61e0a27acfc4d247cca989f2_636a7990118251387c8ab53d_medium.jpg",
                        "medium2x": "https://s3.eu-north-1.amazonaws.com/gbg.serviceguiden/61e0a27acfc4d247cca989f2_636a7990118251387c8ab53d_medium_2x.jpg",
                        "large": "https://s3.eu-north-1.amazonaws.com/gbg.serviceguiden/61e0a27acfc4d247cca989f2_636a7990118251387c8ab53d_large.jpg",
                        "large2x": "https://s3.eu-north-1.amazonaws.com/gbg.serviceguiden/61e0a27acfc4d247cca989f2_636a7990118251387c8ab53d_large_2x.jpg",
                        "altText": "Bilden föreställer en tegelbyggnad. Framför byggnaden finns en sluttande gräsmatta med en ruschkana. ",
                        "description": "Foto: Davide Panzino"
                    }
                ],
                "todaysOpeningHours": {
                    "date": "2026-09-17",
                    "entries": []
                }
            }
        },
        {
            "type": "Feature",
            "geometry": {
                "type": "Point",
                "coordinates": [
                    11.932135085483786,
                    57.68755530930951
                ]
            },
            "properties": {
                "id": "61e0a27acfc4d247cca98a2d",
                "name": "Ekedalsgatan 24 förskola",
                "businessId": 5123,
                "visitingAddress": "Ekedalsgatan 24",
                "images": [
                    {
                        "small": "https://s3.eu-north-1.amazonaws.com/gbg.serviceguiden/61e0a27acfc4d247cca98a2d_634d5063118251387c90282f_small.jpg",
                        "small2x": "https://s3.eu-north-1.amazonaws.com/gbg.serviceguiden/61e0a27acfc4d247cca98a2d_634d5063118251387c90282f_small_2x.jpg",
                        "medium": "https://s3.eu-north-1.amazonaws.com/gbg.serviceguiden/61e0a27acfc4d247cca98a2d_634d5063118251387c90282f_medium.jpg",
                        "medium2x": "https://s3.eu-north-1.amazonaws.com/gbg.serviceguiden/61e0a27acfc4d247cca98a2d_634d5063118251387c90282f_medium_2x.jpg",
                        "large": "https://s3.eu-north-1.amazonaws.com/gbg.serviceguiden/61e0a27acfc4d247cca98a2d_634d5063118251387c90282f_large.jpg",
                        "large2x": "https://s3.eu-north-1.amazonaws.com/gbg.serviceguiden/61e0a27acfc4d247cca98a2d_634d5063118251387c90282f_large_2x.jpg",
                        "altText": "Bilden föreställer ett vitt och grått hus. På gården finns en sandlåda och en lekstuga. ",
                        "description": "Foto: Davide Panzino"
                    }
                ],
                "todaysOpeningHours": {
                    "date": "2026-09-17",
                    "entries": []
                }
            }
        },
        {
            "type": "Feature",
            "geometry": {
                "type": "Point",
                "coordinates": [
                    11.833315770201565,
                    57.755808434214806
                ]
            },
            "properties": {
                "id": "61e0a27dcfc4d247cca98bd8",
                "name": "Emelie Lejmans Väg 5 förskola",
                "businessId": 3262,
                "visitingAddress": "Emelie Lejmans Väg 5",
                "images": [
                    {
                        "small": "https://s3.eu-north-1.amazonaws.com/gbg.serviceguiden/61e0a27dcfc4d247cca98bd8_636136cf118251387cf86d08_small.jpg",
                        "small2x": "https://s3.eu-north-1.amazonaws.com/gbg.serviceguiden/61e0a27dcfc4d247cca98bd8_636136cf118251387cf86d08_small_2x.jpg",
                        "medium": "https://s3.eu-north-1.amazonaws.com/gbg.serviceguiden/61e0a27dcfc4d247cca98bd8_636136cf118251387cf86d08_medium.jpg",
                        "medium2x": "https://s3.eu-north-1.amazonaws.com/gbg.serviceguiden/61e0a27dcfc4d247cca98bd8_636136cf118251387cf86d08_medium_2x.jpg",
                        "large": "https://s3.eu-north-1.amazonaws.com/gbg.serviceguiden/61e0a27dcfc4d247cca98bd8_636136cf118251387cf86d08_large.jpg",
                        "large2x": "https://s3.eu-north-1.amazonaws.com/gbg.serviceguiden/61e0a27dcfc4d247cca98bd8_636136cf118251387cf86d08_large_2x.jpg",
                        "altText": "Bilden föreställer en ljus byggnad. Framför byggnaden finns ett trästaket och en asfaltsplan med cirklar i olika färger. ",
                        "description": "Foto: Davide Panzino"
                    }
                ],
                "todaysOpeningHours": {
                    "date": "2026-09-17",
                    "entries": []
                }
            }
        },
        {
            "type": "Feature",
            "geometry": {
                "type": "Point",
                "coordinates": [
                    11.981057529779742,
                    57.70095225337125
                ]
            },
            "properties": {
                "id": "61e0a27dcfc4d247cca98c82",
                "name": "Engelbrektsgatan 34 E förskola",
                "businessId": 4868,
                "visitingAddress": "Engelbrektsgatan 34E",
                "images": [
                    {
                        "small": "https://s3.eu-north-1.amazonaws.com/gbg.serviceguiden/61e0a27dcfc4d247cca98c82_634d51cb118251387c90499e_small.jpg",
                        "small2x": "https://s3.eu-north-1.amazonaws.com/gbg.serviceguiden/61e0a27dcfc4d247cca98c82_634d51cb118251387c90499e_small_2x.jpg",
                        "medium": "https://s3.eu-north-1.amazonaws.com/gbg.serviceguiden/61e0a27dcfc4d247cca98c82_634d51cb118251387c90499e_medium.jpg",
                        "medium2x": "https://s3.eu-north-1.amazonaws.com/gbg.serviceguiden/61e0a27dcfc4d247cca98c82_634d51cb118251387c90499e_medium_2x.jpg",
                        "large": "https://s3.eu-north-1.amazonaws.com/gbg.serviceguiden/61e0a27dcfc4d247cca98c82_634d51cb118251387c90499e_large.jpg",
                        "large2x": "https://s3.eu-north-1.amazonaws.com/gbg.serviceguiden/61e0a27dcfc4d247cca98c82_634d51cb118251387c90499e_large_2x.jpg",
                        "altText": "Bilden visar en vit paviljong med blå fönsterkarmar. Framför byggnaden finns ett träd, en gräskulle och ett fartyg i trä. ",
                        "description": "Foto: Peter Nilsson "
                    }
                ],
                "todaysOpeningHours": {
                    "date": "2026-09-17",
                    "entries": []
                }
            }
        },
        {
            "type": "Feature",
            "geometry": {
                "type": "Point",
                "coordinates": [
                    12.041440133970642,
                    57.772167975654106
                ]
            },
            "properties": {
                "id": "61e0a27fcfc4d247cca98dad",
                "name": "Eriksbo Västergärde 35 förskola",
                "businessId": 2261,
                "visitingAddress": "Eriksbo Västergärde 35",
                "images": [
                    {
                        "small": "https://s3.eu-north-1.amazonaws.com/gbg.serviceguiden/61e0a27fcfc4d247cca98dad_636a7ab7118251387c8accf5_small.jpg",
                        "small2x": "https://s3.eu-north-1.amazonaws.com/gbg.serviceguiden/61e0a27fcfc4d247cca98dad_636a7ab7118251387c8accf5_small_2x.jpg",
                        "medium": "https://s3.eu-north-1.amazonaws.com/gbg.serviceguiden/61e0a27fcfc4d247cca98dad_636a7ab7118251387c8accf5_medium.jpg",
                        "medium2x": "https://s3.eu-north-1.amazonaws.com/gbg.serviceguiden/61e0a27fcfc4d247cca98dad_636a7ab7118251387c8accf5_medium_2x.jpg",
                        "large": "https://s3.eu-north-1.amazonaws.com/gbg.serviceguiden/61e0a27fcfc4d247cca98dad_636a7ab7118251387c8accf5_large.jpg",
                        "large2x": "https://s3.eu-north-1.amazonaws.com/gbg.serviceguiden/61e0a27fcfc4d247cca98dad_636a7ab7118251387c8accf5_large_2x.jpg",
                        "altText": "Bilden föreställer en gul byggnad och en förskolegård. På gården finns gunghästar, leksaksstugor, en gunga och sandlådor. ",
                        "description": "Foto: Davide Panzino"
                    }
                ],
                "todaysOpeningHours": {
                    "date": "2026-09-17",
                    "entries": []
                }
            }
        },
        {
            "type": "Feature",
            "geometry": {
                "type": "Point",
                "coordinates": [
                    11.910554711418808,
                    57.648629691790475
                ]
            },
            "properties": {
                "id": "61e0a282cfc4d247cca98fd8",
                "name": "Explorama",
                "businessId": 2453,
                "visitingAddress": "Topasgatan 7",
                "description": "<p>Det här är en fristående förskola. Kontakta förskolan om du vill veta mer om deras verksamhet.</p>",
                "todaysOpeningHours": {
                    "date": "2026-09-17",
                    "entries": []
                }
            }
        },
        {
            "type": "Feature",
            "geometry": {
                "type": "Point",
                "coordinates": [
                    12.003585781696861,
                    57.71842245009374
                ]
            },
            "properties": {
                "id": "61e0a282cfc4d247cca99028",
                "name": "Falkgatan 5 förskola",
                "businessId": 1680,
                "visitingAddress": "Falkgatan 5",
                "images": [
                    {
                        "small": "https://s3.eu-north-1.amazonaws.com/gbg.serviceguiden/61e0a282cfc4d247cca99028_634d5313118251387c906338_small.jpg",
                        "small2x": "https://s3.eu-north-1.amazonaws.com/gbg.serviceguiden/61e0a282cfc4d247cca99028_634d5313118251387c906338_small_2x.jpg",
                        "medium": "https://s3.eu-north-1.amazonaws.com/gbg.serviceguiden/61e0a282cfc4d247cca99028_634d5313118251387c906338_medium.jpg",
                        "medium2x": "https://s3.eu-north-1.amazonaws.com/gbg.serviceguiden/61e0a282cfc4d247cca99028_634d5313118251387c906338_medium_2x.jpg",
                        "large": "https://s3.eu-north-1.amazonaws.com/gbg.serviceguiden/61e0a282cfc4d247cca99028_634d5313118251387c906338_large.jpg",
                        "large2x": "https://s3.eu-north-1.amazonaws.com/gbg.serviceguiden/61e0a282cfc4d247cca99028_634d5313118251387c906338_large_2x.jpg",
                        "altText": "Bilden föreställer ett orange trähus med en bottenvåning av sten. ",
                        "description": "Foto: Davide Panzino "
                    }
                ],
                "todaysOpeningHours": {
                    "date": "2026-09-17",
                    "entries": []
                }
            }
        },
        {
            "type": "Feature",
            "geometry": {
                "type": "Point",
                "coordinates": [
                    11.92714196605633,
                    57.66338117746443
                ]
            },
            "properties": {
                "id": "61e0a286cfc4d247cca99357",
                "name": "Famngatan 18 förskola",
                "businessId": 6576,
                "visitingAddress": "Famngatan 18A",
                "images": [
                    {
                        "small": "https://s3.eu-north-1.amazonaws.com/gbg.serviceguiden/61e0a286cfc4d247cca99357_634d53e9118251387c9071cd_small.jpg",
                        "small2x": "https://s3.eu-north-1.amazonaws.com/gbg.serviceguiden/61e0a286cfc4d247cca99357_634d53e9118251387c9071cd_small_2x.jpg",
                        "medium": "https://s3.eu-north-1.amazonaws.com/gbg.serviceguiden/61e0a286cfc4d247cca99357_634d53e9118251387c9071cd_medium.jpg",
                        "medium2x": "https://s3.eu-north-1.amazonaws.com/gbg.serviceguiden/61e0a286cfc4d247cca99357_634d53e9118251387c9071cd_medium_2x.jpg",
                        "large": "https://s3.eu-north-1.amazonaws.com/gbg.serviceguiden/61e0a286cfc4d247cca99357_634d53e9118251387c9071cd_large.jpg",
                        "large2x": "https://s3.eu-north-1.amazonaws.com/gbg.serviceguiden/61e0a286cfc4d247cca99357_634d53e9118251387c9071cd_large_2x.jpg",
                        "altText": "Bilden föreställer fe lägenhetshus. I mitten av husen finns en lekplats med en röd rutschkana, en bänk och en gräskulle.",
                        "description": "Foto: Davide Panzino"
                    }
                ],
                "todaysOpeningHours": {
                    "date": "2026-09-17",
                    "entries": []
                }
            }
        },
        {
            "type": "Feature",
            "geometry": {
                "type": "Point",
                "coordinates": [
                    12.132707839583215,
                    57.79216522294153
                ]
            },
            "properties": {
                "id": "61e0a287cfc4d247cca99399",
                "name": "Fanjunkarens Lycka 7 förskola",
                "businessId": 3078,
                "visitingAddress": "Fanjunkarens Lycka 7",
                "images": [
                    {
                        "small": "https://s3.eu-north-1.amazonaws.com/gbg.serviceguiden/61e0a287cfc4d247cca99399_637f631c3b1f9e7372d1299b_small.jpg",
                        "small2x": "https://s3.eu-north-1.amazonaws.com/gbg.serviceguiden/61e0a287cfc4d247cca99399_637f631c3b1f9e7372d1299b_small_2x.jpg",
                        "medium": "https://s3.eu-north-1.amazonaws.com/gbg.serviceguiden/61e0a287cfc4d247cca99399_637f631c3b1f9e7372d1299b_medium.jpg",
                        "medium2x": "https://s3.eu-north-1.amazonaws.com/gbg.serviceguiden/61e0a287cfc4d247cca99399_637f631c3b1f9e7372d1299b_medium_2x.jpg",
                        "large": "https://s3.eu-north-1.amazonaws.com/gbg.serviceguiden/61e0a287cfc4d247cca99399_637f631c3b1f9e7372d1299b_large.jpg",
                        "large2x": "https://s3.eu-north-1.amazonaws.com/gbg.serviceguiden/61e0a287cfc4d247cca99399_637f631c3b1f9e7372d1299b_large_2x.jpg",
                        "altText": "Bilden föreställer en byggnad och en förskolegård med gungor, en sandlåda och färgade stenar. ",
                        "description": "Foto: Davide Panzino. Fanjunkarens lycka 7 förskola."
                    }
                ],
                "todaysOpeningHours": {
                    "date": "2026-09-17",
                    "entries": []
                }
            }
        },
        {
            "type": "Feature",
            "geometry": {
                "type": "Point",
                "coordinates": [
                    11.911358307715116,
                    57.659419879814486
                ]
            },
            "properties": {
                "id": "61e0a28acfc4d247cca995b8",
                "name": "Fiolgatan 20 förskola",
                "businessId": 461,
                "visitingAddress": "Fiolgatan 20",
                "images": [
                    {
                        "small": "https://s3.eu-north-1.amazonaws.com/gbg.serviceguiden/61e0a28acfc4d247cca995b8_6374d3ba3b1f9e73721f5bc2_small.jpg",
                        "small2x": "https://s3.eu-north-1.amazonaws.com/gbg.serviceguiden/61e0a28acfc4d247cca995b8_6374d3ba3b1f9e73721f5bc2_small_2x.jpg",
                        "medium": "https://s3.eu-north-1.amazonaws.com/gbg.serviceguiden/61e0a28acfc4d247cca995b8_6374d3ba3b1f9e73721f5bc2_medium.jpg",
                        "medium2x": "https://s3.eu-north-1.amazonaws.com/gbg.serviceguiden/61e0a28acfc4d247cca995b8_6374d3ba3b1f9e73721f5bc2_medium_2x.jpg",
                        "large": "https://s3.eu-north-1.amazonaws.com/gbg.serviceguiden/61e0a28acfc4d247cca995b8_6374d3ba3b1f9e73721f5bc2_large.jpg",
                        "large2x": "https://s3.eu-north-1.amazonaws.com/gbg.serviceguiden/61e0a28acfc4d247cca995b8_6374d3ba3b1f9e73721f5bc2_large_2x.jpg",
                        "altText": "Bilden föreställer en röd byggnad.",
                        "description": "Foto: Davide Panzino"
                    }
                ],
                "todaysOpeningHours": {
                    "date": "2026-09-17",
                    "entries": []
                }
            }
        },
        {
            "type": "Feature",
            "geometry": {
                "type": "Point",
                "coordinates": [
                    12.07051753588629,
                    57.80305117177739
                ]
            },
            "properties": {
                "id": "61e0a28bcfc4d247cca9973f",
                "name": "Fjällblomman 5 förskola",
                "businessId": 5801,
                "visitingAddress": "Fjällblomman 5",
                "images": [
                    {
                        "small": "https://s3.eu-north-1.amazonaws.com/gbg.serviceguiden/61e0a28bcfc4d247cca9973f_636d0c82118251387cb60bc1_small.jpg",
                        "small2x": "https://s3.eu-north-1.amazonaws.com/gbg.serviceguiden/61e0a28bcfc4d247cca9973f_636d0c82118251387cb60bc1_small_2x.jpg",
                        "medium": "https://s3.eu-north-1.amazonaws.com/gbg.serviceguiden/61e0a28bcfc4d247cca9973f_636d0c82118251387cb60bc1_medium.jpg",
                        "medium2x": "https://s3.eu-north-1.amazonaws.com/gbg.serviceguiden/61e0a28bcfc4d247cca9973f_636d0c82118251387cb60bc1_medium_2x.jpg",
                        "large": "https://s3.eu-north-1.amazonaws.com/gbg.serviceguiden/61e0a28bcfc4d247cca9973f_636d0c82118251387cb60bc1_large.jpg",
                        "large2x": "https://s3.eu-north-1.amazonaws.com/gbg.serviceguiden/61e0a28bcfc4d247cca9973f_636d0c82118251387cb60bc1_large_2x.jpg",
                        "altText": "Bilden föreställer en grön och vit byggnad och en förskolegård. På gården finns gungor och ett bollplank.",
                        "description": "Foto: Davide Panzino"
                    }
                ],
                "todaysOpeningHours": {
                    "date": "2026-09-17",
                    "entries": []
                }
            }
        },
        {
            "type": "Feature",
            "geometry": {
                "type": "Point",
                "coordinates": [
                    12.07390684793548,
                    57.80064392102718
                ]
            },
            "properties": {
                "id": "61e0a28ccfc4d247cca99847",
                "name": "Fjällkåpan 2 förskola",
                "businessId": 518,
                "visitingAddress": "Fjällkåpan 2",
                "images": [
                    {
                        "small": "https://s3.eu-north-1.amazonaws.com/gbg.serviceguiden/61e0a28ccfc4d247cca99847_6a82a94fa6447f1ed7a42284_small.jpg",
                        "small2x": "https://s3.eu-north-1.amazonaws.com/gbg.serviceguiden/61e0a28ccfc4d247cca99847_6a82a94fa6447f1ed7a42284_small_2x.jpg",
                        "medium": "https://s3.eu-north-1.amazonaws.com/gbg.serviceguiden/61e0a28ccfc4d247cca99847_6a82a94fa6447f1ed7a42284_medium.jpg",
                        "medium2x": "https://s3.eu-north-1.amazonaws.com/gbg.serviceguiden/61e0a28ccfc4d247cca99847_6a82a94fa6447f1ed7a42284_medium_2x.jpg",
                        "large": "https://s3.eu-north-1.amazonaws.com/gbg.serviceguiden/61e0a28ccfc4d247cca99847_6a82a94fa6447f1ed7a42284_large.jpg",
                        "large2x": "https://s3.eu-north-1.amazonaws.com/gbg.serviceguiden/61e0a28ccfc4d247cca99847_6a82a94fa6447f1ed7a42284_large_2x.jpg",
                        "altText": "Förskolans gröna enplansbyggnad med gården framför och bostadshus bakom.",
                        "description": "Foto: Förskoleförvaltningen"
                    }
                ],
                "todaysOpeningHours": {
                    "date": "2026-09-17",
                    "entries": []
                }
            }
        },
        {
            "type": "Feature",
            "geometry": {
                "type": "Point",
                "coordinates": [
                    12.059895477368071,
                    57.74225791389153
                ]
            },
            "properties": {
                "id": "61e0a28dcfc4d247cca998a9",
                "name": "Fjällstugan",
                "businessId": 2801,
                "visitingAddress": "Fjällbo Park 18",
                "description": "<p>Det här är en fristående förskola. Kontakta förskolan om du vill veta mer om deras verksamhet.</p>",
                "todaysOpeningHours": {
                    "date": "2026-09-17",
                    "entries": []
                }
            }
        },
        {
            "type": "Feature",
            "geometry": {
                "type": "Point",
                "coordinates": [
                    11.944117846433368,
                    57.72331766525584
                ]
            },
            "properties": {
                "id": "61e0a28dcfc4d247cca998eb",
                "name": "Fjärdingsgatan 20 förskola",
                "businessId": 6563,
                "visitingAddress": "Fjärdingsgatan 20",
                "images": [
                    {
                        "small": "https://s3.eu-north-1.amazonaws.com/gbg.serviceguiden/61e0a28dcfc4d247cca998eb_636137c1118251387cf88745_small.jpg",
                        "small2x": "https://s3.eu-north-1.amazonaws.com/gbg.serviceguiden/61e0a28dcfc4d247cca998eb_636137c1118251387cf88745_small_2x.jpg",
                        "medium": "https://s3.eu-north-1.amazonaws.com/gbg.serviceguiden/61e0a28dcfc4d247cca998eb_636137c1118251387cf88745_medium.jpg",
                        "medium2x": "https://s3.eu-north-1.amazonaws.com/gbg.serviceguiden/61e0a28dcfc4d247cca998eb_636137c1118251387cf88745_medium_2x.jpg",
                        "large": "https://s3.eu-north-1.amazonaws.com/gbg.serviceguiden/61e0a28dcfc4d247cca998eb_636137c1118251387cf88745_large.jpg",
                        "large2x": "https://s3.eu-north-1.amazonaws.com/gbg.serviceguiden/61e0a28dcfc4d247cca998eb_636137c1118251387cf88745_large_2x.jpg",
                        "altText": "Bilden föreställer en klätterställning i trä. Bakom ställningen finns en byggnad. ",
                        "description": "Foto: Davide Panzino"
                    }
                ],
                "todaysOpeningHours": {
                    "date": "2026-09-17",
                    "entries": []
                }
            }
        },
        {
            "type": "Feature",
            "geometry": {
                "type": "Point",
                "coordinates": [
                    11.9446482384547,
                    57.723520625411815
                ]
            },
            "properties": {
                "id": "61e0a28dcfc4d247cca9990d",
                "name": "Fjärdingsgatan 23 förskola",
                "businessId": 5346,
                "visitingAddress": "Fjärdingsgatan 23",
                "images": [
                    {
                        "small": "https://s3.eu-north-1.amazonaws.com/gbg.serviceguiden/61e0a28dcfc4d247cca9990d_6361382e118251387cf8939a_small.jpg",
                        "small2x": "https://s3.eu-north-1.amazonaws.com/gbg.serviceguiden/61e0a28dcfc4d247cca9990d_6361382e118251387cf8939a_small_2x.jpg",
                        "medium": "https://s3.eu-north-1.amazonaws.com/gbg.serviceguiden/61e0a28dcfc4d247cca9990d_6361382e118251387cf8939a_medium.jpg",
                        "medium2x": "https://s3.eu-north-1.amazonaws.com/gbg.serviceguiden/61e0a28dcfc4d247cca9990d_6361382e118251387cf8939a_medium_2x.jpg",
                        "large": "https://s3.eu-north-1.amazonaws.com/gbg.serviceguiden/61e0a28dcfc4d247cca9990d_6361382e118251387cf8939a_large.jpg",
                        "large2x": "https://s3.eu-north-1.amazonaws.com/gbg.serviceguiden/61e0a28dcfc4d247cca9990d_6361382e118251387cf8939a_large_2x.jpg",
                        "altText": "Bilden föreställer en grå byggnad. Framför byggnaden finns en lekplats med en krokodil i trä, en klätterställning, en gunga och en leksaksstuga. ",
                        "description": "Foto: Davide Panzino"
                    }
                ],
                "todaysOpeningHours": {
                    "date": "2026-09-17",
                    "entries": []
                }
            }
        },
        {
            "type": "Feature",
            "geometry": {
                "type": "Point",
                "coordinates": [
                    11.935111410115967,
                    57.69603184148675
                ]
            },
            "properties": {
                "id": "61e0a28fcfc4d247cca99a3b",
                "name": "Flotten",
                "businessId": 249,
                "visitingAddress": "Bangatan 25",
                "description": "<p>Det här är en fristående förskola. Kontakta förskolan om du vill veta mer om deras verksamhet.</p>",
                "todaysOpeningHours": {
                    "date": "2026-09-17",
                    "entries": []
                }
            }
        },
        {
            "type": "Feature",
            "geometry": {
                "type": "Point",
                "coordinates": [
                    11.77778510255366,
                    57.71323866345638
                ]
            },
            "properties": {
                "id": "67f90ecf3cd09b303019ec9d",
                "name": "Flygtornsvägen 2 förskola",
                "businessId": 7467,
                "visitingAddress": "Flygtornsvägen 2",
                "description": "<p>Förskolans lokaler kan komma att användas tillfälligt av andra förskolor när de renoveras. Du kan inte söka till den här förskolan.</p>",
                "todaysOpeningHours": {
                    "date": "2026-09-17",
                    "entries": []
                }
            }
        },
        {
            "type": "Feature",
            "geometry": {
                "type": "Point",
                "coordinates": [
                    11.886821521705738,
                    57.728494594611035
                ]
            },
            "properties": {
                "id": "61e0a28fcfc4d247cca99a99",
                "name": "Flygvädersgatan 13 förskola",
                "businessId": 152,
                "visitingAddress": "Flygvädersgatan 13",
                "images": [
                    {
                        "small": "https://s3.eu-north-1.amazonaws.com/gbg.serviceguiden/61e0a28fcfc4d247cca99a99_63613955118251387cf8b25d_small.jpg",
                        "small2x": "https://s3.eu-north-1.amazonaws.com/gbg.serviceguiden/61e0a28fcfc4d247cca99a99_63613955118251387cf8b25d_small_2x.jpg",
                        "medium": "https://s3.eu-north-1.amazonaws.com/gbg.serviceguiden/61e0a28fcfc4d247cca99a99_63613955118251387cf8b25d_medium.jpg",
                        "medium2x": "https://s3.eu-north-1.amazonaws.com/gbg.serviceguiden/61e0a28fcfc4d247cca99a99_63613955118251387cf8b25d_medium_2x.jpg",
                        "large": "https://s3.eu-north-1.amazonaws.com/gbg.serviceguiden/61e0a28fcfc4d247cca99a99_63613955118251387cf8b25d_large.jpg",
                        "large2x": "https://s3.eu-north-1.amazonaws.com/gbg.serviceguiden/61e0a28fcfc4d247cca99a99_63613955118251387cf8b25d_large_2x.jpg",
                        "altText": "Bilden föreställer en leksaksställning i en sandlåda. Bakom ställningen finns träd och en mindre och en större ljusgul byggnad. ",
                        "description": "Foto: Davide Panzino "
                    }
                ],
                "todaysOpeningHours": {
                    "date": "2026-09-17",
                    "entries": []
                }
            }
        },
        {
            "type": "Feature",
            "geometry": {
                "type": "Point",
                "coordinates": [
                    11.962552498785119,
                    57.69478638773638
                ]
            },
            "properties": {
                "id": "61e0a290cfc4d247cca99b02",
                "name": "Folke Bernadottes Gata 4 förskola",
                "businessId": 209,
                "visitingAddress": "Folke Bernadottes Gata 4",
                "images": [
                    {
                        "small": "https://s3.eu-north-1.amazonaws.com/gbg.serviceguiden/61e0a290cfc4d247cca99b02_634d5489118251387c907da2_small.jpg",
                        "small2x": "https://s3.eu-north-1.amazonaws.com/gbg.serviceguiden/61e0a290cfc4d247cca99b02_634d5489118251387c907da2_small_2x.jpg",
                        "medium": "https://s3.eu-north-1.amazonaws.com/gbg.serviceguiden/61e0a290cfc4d247cca99b02_634d5489118251387c907da2_medium.jpg",
                        "medium2x": "https://s3.eu-north-1.amazonaws.com/gbg.serviceguiden/61e0a290cfc4d247cca99b02_634d5489118251387c907da2_medium_2x.jpg",
                        "large": "https://s3.eu-north-1.amazonaws.com/gbg.serviceguiden/61e0a290cfc4d247cca99b02_634d5489118251387c907da2_large.jpg",
                        "large2x": "https://s3.eu-north-1.amazonaws.com/gbg.serviceguiden/61e0a290cfc4d247cca99b02_634d5489118251387c907da2_large_2x.jpg",
                        "altText": "Bilden föreställer ett tegelhus med bruna dörrar. Framför huset finns en lekplats med två gungar och en röd klätterställning med ruschkana. ",
                        "description": "Foto: Davide Panzino"
                    }
                ],
                "todaysOpeningHours": {
                    "date": "2026-09-17",
                    "entries": []
                }
            }
        },
        {
            "type": "Feature",
            "geometry": {
                "type": "Point",
                "coordinates": [
                    11.994606311577146,
                    57.683682238307796
                ]
            },
            "properties": {
                "id": "61e0a291cfc4d247cca99bb3",
                "name": "Framnäsgatan 16 förskola",
                "businessId": 4838,
                "visitingAddress": "Framnäsgatan 16",
                "images": [
                    {
                        "small": "https://s3.eu-north-1.amazonaws.com/gbg.serviceguiden/61e0a291cfc4d247cca99bb3_634d550e118251387c908c37_small.jpg",
                        "small2x": "https://s3.eu-north-1.amazonaws.com/gbg.serviceguiden/61e0a291cfc4d247cca99bb3_634d550e118251387c908c37_small_2x.jpg",
                        "medium": "https://s3.eu-north-1.amazonaws.com/gbg.serviceguiden/61e0a291cfc4d247cca99bb3_634d550e118251387c908c37_medium.jpg",
                        "medium2x": "https://s3.eu-north-1.amazonaws.com/gbg.serviceguiden/61e0a291cfc4d247cca99bb3_634d550e118251387c908c37_medium_2x.jpg",
                        "large": "https://s3.eu-north-1.amazonaws.com/gbg.serviceguiden/61e0a291cfc4d247cca99bb3_634d550e118251387c908c37_large.jpg",
                        "large2x": "https://s3.eu-north-1.amazonaws.com/gbg.serviceguiden/61e0a291cfc4d247cca99bb3_634d550e118251387c908c37_large_2x.jpg",
                        "altText": "Bilden förestället ett hult trähus med vita fönsterkarmar. Framför huset finns ett grönt staket. ",
                        "description": "Foto: Davide Panzino "
                    }
                ],
                "todaysOpeningHours": {
                    "date": "2026-09-17",
                    "entries": []
                }
            }
        },
        {
            "type": "Feature",
            "geometry": {
                "type": "Point",
                "coordinates": [
                    11.971123665686484,
                    57.69259064985995
                ]
            },
            "properties": {
                "id": "61e0a292cfc4d247cca99c2a",
                "name": "Franska förskolan",
                "businessId": 2979,
                "visitingAddress": "Landalagången 3",
                "description": "<p>Det här är en fristående förskola. Kontakta förskolan om du vill veta mer om deras verksamhet.</p>",
                "todaysOpeningHours": {
                    "date": "2026-09-17",
                    "entries": []
                }
            }
        },
        {
            "type": "Feature",
            "geometry": {
                "type": "Point",
                "coordinates": [
                    11.885020459817085,
                    57.65931798407645
                ]
            },
            "properties": {
                "id": "61e0a293cfc4d247cca99c7e",
                "name": "Fredagstomten 23 förskola",
                "businessId": 1629,
                "visitingAddress": "Fredagstomten 23",
                "images": [
                    {
                        "small": "https://s3.eu-north-1.amazonaws.com/gbg.serviceguiden/61e0a293cfc4d247cca99c7e_69cbb8c8db8419711783bc8c_small.jpg",
                        "small2x": "https://s3.eu-north-1.amazonaws.com/gbg.serviceguiden/61e0a293cfc4d247cca99c7e_69cbb8c8db8419711783bc8c_small_2x.jpg",
                        "medium": "https://s3.eu-north-1.amazonaws.com/gbg.serviceguiden/61e0a293cfc4d247cca99c7e_69cbb8c8db8419711783bc8c_medium.jpg",
                        "medium2x": "https://s3.eu-north-1.amazonaws.com/gbg.serviceguiden/61e0a293cfc4d247cca99c7e_69cbb8c8db8419711783bc8c_medium_2x.jpg",
                        "large": "https://s3.eu-north-1.amazonaws.com/gbg.serviceguiden/61e0a293cfc4d247cca99c7e_69cbb8c8db8419711783bc8c_large.jpg",
                        "large2x": "https://s3.eu-north-1.amazonaws.com/gbg.serviceguiden/61e0a293cfc4d247cca99c7e_69cbb8c8db8419711783bc8c_large_2x.jpg",
                        "altText": "Illustration av grön byggnad i två våningar. ",
                        "description": "Illustration av förskolan som ska byggas, från arkitektfirman White."
                    }
                ],
                "todaysOpeningHours": {
                    "date": "2026-09-17",
                    "entries": []
                }
            }
        },
        {
            "type": "Feature",
            "geometry": {
                "type": "Point",
                "coordinates": [
                    11.977097638037606,
                    57.80958857347354
                ]
            },
            "properties": {
                "id": "61e0a294cfc4d247cca99dc7",
                "name": "Friarelyckan 53 förskola",
                "businessId": 3103,
                "visitingAddress": "Friarelyckan 53",
                "images": [
                    {
                        "small": "https://s3.eu-north-1.amazonaws.com/gbg.serviceguiden/61e0a294cfc4d247cca99dc7_636139c6118251387cf8bf99_small.jpg",
                        "small2x": "https://s3.eu-north-1.amazonaws.com/gbg.serviceguiden/61e0a294cfc4d247cca99dc7_636139c6118251387cf8bf99_small_2x.jpg",
                        "medium": "https://s3.eu-north-1.amazonaws.com/gbg.serviceguiden/61e0a294cfc4d247cca99dc7_636139c6118251387cf8bf99_medium.jpg",
                        "medium2x": "https://s3.eu-north-1.amazonaws.com/gbg.serviceguiden/61e0a294cfc4d247cca99dc7_636139c6118251387cf8bf99_medium_2x.jpg",
                        "large": "https://s3.eu-north-1.amazonaws.com/gbg.serviceguiden/61e0a294cfc4d247cca99dc7_636139c6118251387cf8bf99_large.jpg",
                        "large2x": "https://s3.eu-north-1.amazonaws.com/gbg.serviceguiden/61e0a294cfc4d247cca99dc7_636139c6118251387cf8bf99_large_2x.jpg",
                        "altText": "Bilden föreställer en ljusgul byggnad. Framför byggnaden finns en lekplats med en ruschkana och två gunghästar. ",
                        "description": "Foto: Davide Panzino"
                    }
                ],
                "todaysOpeningHours": {
                    "date": "2026-09-17",
                    "entries": []
                }
            }
        },
        {
            "type": "Feature",
            "geometry": {
                "type": "Point",
                "coordinates": [
                    11.979557914650774,
                    57.809718355281326
                ]
            },
            "properties": {
                "id": "61e0a294cfc4d247cca99ded",
                "name": "Friarelyckan 55 förskola",
                "businessId": 4912,
                "visitingAddress": "Friarelyckan 55",
                "images": [
                    {
                        "small": "https://s3.eu-north-1.amazonaws.com/gbg.serviceguiden/61e0a294cfc4d247cca99ded_63628f71118251387c0fac46_small.jpg",
                        "small2x": "https://s3.eu-north-1.amazonaws.com/gbg.serviceguiden/61e0a294cfc4d247cca99ded_63628f71118251387c0fac46_small_2x.jpg",
                        "medium": "https://s3.eu-north-1.amazonaws.com/gbg.serviceguiden/61e0a294cfc4d247cca99ded_63628f71118251387c0fac46_medium.jpg",
                        "medium2x": "https://s3.eu-north-1.amazonaws.com/gbg.serviceguiden/61e0a294cfc4d247cca99ded_63628f71118251387c0fac46_medium_2x.jpg",
                        "large": "https://s3.eu-north-1.amazonaws.com/gbg.serviceguiden/61e0a294cfc4d247cca99ded_63628f71118251387c0fac46_large.jpg",
                        "large2x": "https://s3.eu-north-1.amazonaws.com/gbg.serviceguiden/61e0a294cfc4d247cca99ded_63628f71118251387c0fac46_large_2x.jpg",
                        "altText": "Bilden föreställer en ljus byggnad. Framför byggnaden finns en rund sandlåda, trälådor med gröna växter och en gungställning. ",
                        "description": "Foto: Davide Panzino"
                    }
                ],
                "todaysOpeningHours": {
                    "date": "2026-09-17",
                    "entries": []
                }
            }
        },
        {
            "type": "Feature",
            "geometry": {
                "type": "Point",
                "coordinates": [
                    12.013396957064264,
                    57.678824834768115
                ]
            },
            "properties": {
                "id": "66daf58a7da5b37475a287fb",
                "name": "Frida förskola Göteborg Kallebäck",
                "businessId": 7405,
                "visitingAddress": "Smörkärnegatan 17",
                "description": "<p>Det här är en fristående förskola. Kontakta förskolan om du vill veta mer om deras verksamhet.</p>",
                "todaysOpeningHours": {
                    "date": "2026-09-17",
                    "entries": []
                }
            }
        },
        {
            "type": "Feature",
            "geometry": {
                "type": "Point",
                "coordinates": [
                    11.94137571313453,
                    57.747506110823316
                ]
            },
            "properties": {
                "id": "61e0a294cfc4d247cca99e05",
                "name": "Frida förskola Göteborg Kvillebäcken",
                "businessId": 5540,
                "visitingAddress": "Finlandsvägen 10",
                "description": "<p>Det här är en fristående förskola. Kontakta förskolan om du vill veta mer om deras verksamhet.</p>",
                "todaysOpeningHours": {
                    "date": "2026-09-17",
                    "entries": []
                }
            }
        },
        {
            "type": "Feature",
            "geometry": {
                "type": "Point",
                "coordinates": [
                    11.912210316333386,
                    57.68324138899713
                ]
            },
            "properties": {
                "id": "61e0a295cfc4d247cca99e5b",
                "name": "Fridhemsgatan 33 förskola",
                "businessId": 1347,
                "visitingAddress": "Fridhemsgatan 33",
                "description": "<p>Förskolan kommer vara stängd augusti 2024–augusti 2028. Du kan inte söka till förskolan i nuläget. Förskolans lokaler kan komma att användas av andra förskolor vid behov.</p>",
                "images": [
                    {
                        "small": "https://s3.eu-north-1.amazonaws.com/gbg.serviceguiden/61e0a295cfc4d247cca99e5b_634d5720118251387c90bbe9_small.jpg",
                        "small2x": "https://s3.eu-north-1.amazonaws.com/gbg.serviceguiden/61e0a295cfc4d247cca99e5b_634d5720118251387c90bbe9_small_2x.jpg",
                        "medium": "https://s3.eu-north-1.amazonaws.com/gbg.serviceguiden/61e0a295cfc4d247cca99e5b_634d5720118251387c90bbe9_medium.jpg",
                        "medium2x": "https://s3.eu-north-1.amazonaws.com/gbg.serviceguiden/61e0a295cfc4d247cca99e5b_634d5720118251387c90bbe9_medium_2x.jpg",
                        "large": "https://s3.eu-north-1.amazonaws.com/gbg.serviceguiden/61e0a295cfc4d247cca99e5b_634d5720118251387c90bbe9_large.jpg",
                        "large2x": "https://s3.eu-north-1.amazonaws.com/gbg.serviceguiden/61e0a295cfc4d247cca99e5b_634d5720118251387c90bbe9_large_2x.jpg",
                        "altText": "Bilden föreställer grått-och terrakottafärgat hus. Framför huset finns en lekpark med en sandlåda, en fast gunga och två lekhus.",
                        "description": "Foto: Davide Panzino "
                    }
                ],
                "todaysOpeningHours": {
                    "date": "2026-09-17",
                    "entries": []
                }
            }
        },
        {
            "type": "Feature",
            "geometry": {
                "type": "Point",
                "coordinates": [
                    11.987327299964582,
                    57.75482869025168
                ]
            },
            "properties": {
                "id": "66f27b09600b4c12d885e62e",
                "name": "Friedländers gata 20 förskola",
                "businessId": 7408,
                "visitingAddress": "Friedländers Gata 20",
                "images": [
                    {
                        "small": "https://s3.eu-north-1.amazonaws.com/gbg.serviceguiden/66f27b09600b4c12d885e62e_6a1941aba6447f1ed704a3fb_small.jpg",
                        "small2x": "https://s3.eu-north-1.amazonaws.com/gbg.serviceguiden/66f27b09600b4c12d885e62e_6a1941aba6447f1ed704a3fb_small_2x.jpg",
                        "medium": "https://s3.eu-north-1.amazonaws.com/gbg.serviceguiden/66f27b09600b4c12d885e62e_6a1941aba6447f1ed704a3fb_medium.jpg",
                        "medium2x": "https://s3.eu-north-1.amazonaws.com/gbg.serviceguiden/66f27b09600b4c12d885e62e_6a1941aba6447f1ed704a3fb_medium_2x.jpg",
                        "large": "https://s3.eu-north-1.amazonaws.com/gbg.serviceguiden/66f27b09600b4c12d885e62e_6a1941aba6447f1ed704a3fb_large.jpg",
                        "large2x": "https://s3.eu-north-1.amazonaws.com/gbg.serviceguiden/66f27b09600b4c12d885e62e_6a1941aba6447f1ed704a3fb_large_2x.jpg",
                        "altText": "Bilden visar förskolans atriumgård",
                        "description": "Foto: Stadsfastighetsförvaltningen"
                    }
                ],
                "todaysOpeningHours": {
                    "date": "2026-09-17",
                    "entries": []
                }
            }
        },
        {
            "type": "Feature",
            "geometry": {
                "type": "Point",
                "coordinates": [
                    11.986203728496099,
                    57.70974511615899
                ]
            },
            "properties": {
                "id": "61e0a295cfc4d247cca99ead",
                "name": "Friggagatan 3B förskola",
                "businessId": 5468,
                "visitingAddress": "Friggagatan 3B",
                "images": [
                    {
                        "small": "https://s3.eu-north-1.amazonaws.com/gbg.serviceguiden/61e0a295cfc4d247cca99ead_634d62fb118251387c91bcc6_small.jpg",
                        "small2x": "https://s3.eu-north-1.amazonaws.com/gbg.serviceguiden/61e0a295cfc4d247cca99ead_634d62fb118251387c91bcc6_small_2x.jpg",
                        "medium": "https://s3.eu-north-1.amazonaws.com/gbg.serviceguiden/61e0a295cfc4d247cca99ead_634d62fb118251387c91bcc6_medium.jpg",
                        "medium2x": "https://s3.eu-north-1.amazonaws.com/gbg.serviceguiden/61e0a295cfc4d247cca99ead_634d62fb118251387c91bcc6_medium_2x.jpg",
                        "large": "https://s3.eu-north-1.amazonaws.com/gbg.serviceguiden/61e0a295cfc4d247cca99ead_634d62fb118251387c91bcc6_large.jpg",
                        "large2x": "https://s3.eu-north-1.amazonaws.com/gbg.serviceguiden/61e0a295cfc4d247cca99ead_634d62fb118251387c91bcc6_large_2x.jpg",
                        "altText": "Bilden föreställer lägenhetshus och en lekplats med en klätterställning med en ruschkana och en sandlåda. ",
                        "description": "Foto: Davide Panzino"
                    }
                ],
                "todaysOpeningHours": {
                    "date": "2026-09-17",
                    "entries": []
                }
            }
        },
        {
            "type": "Feature",
            "geometry": {
                "type": "Point",
                "coordinates": [
                    12.052016023093056,
                    57.7241424939643
                ]
            },
            "properties": {
                "id": "61e0a297cfc4d247cca9a05f",
                "name": "Fräntorpsgatan 57 förskola",
                "businessId": 586,
                "visitingAddress": "Fräntorpsgatan 57",
                "images": [
                    {
                        "small": "https://s3.eu-north-1.amazonaws.com/gbg.serviceguiden/61e0a297cfc4d247cca9a05f_634d63e0118251387c91d43d_small.jpg",
                        "small2x": "https://s3.eu-north-1.amazonaws.com/gbg.serviceguiden/61e0a297cfc4d247cca9a05f_634d63e0118251387c91d43d_small_2x.jpg",
                        "medium": "https://s3.eu-north-1.amazonaws.com/gbg.serviceguiden/61e0a297cfc4d247cca9a05f_634d63e0118251387c91d43d_medium.jpg",
                        "medium2x": "https://s3.eu-north-1.amazonaws.com/gbg.serviceguiden/61e0a297cfc4d247cca9a05f_634d63e0118251387c91d43d_medium_2x.jpg",
                        "large": "https://s3.eu-north-1.amazonaws.com/gbg.serviceguiden/61e0a297cfc4d247cca9a05f_634d63e0118251387c91d43d_large.jpg",
                        "large2x": "https://s3.eu-north-1.amazonaws.com/gbg.serviceguiden/61e0a297cfc4d247cca9a05f_634d63e0118251387c91d43d_large_2x.jpg",
                        "altText": "Bilden föreställer en vit och röd byggnad. Framför byggnaden finns en rund sandlåda med tre träbord.",
                        "description": "Foto: Davide Panzino"
                    }
                ],
                "todaysOpeningHours": {
                    "date": "2026-09-17",
                    "entries": []
                }
            }
        },
        {
            "type": "Feature",
            "geometry": {
                "type": "Point",
                "coordinates": [
                    11.98280967661396,
                    57.70838631161914
                ]
            },
            "properties": {
                "id": "61e0a29dcfc4d247cca9a4ff",
                "name": "Färgaregatan 7 förskola",
                "businessId": 211,
                "visitingAddress": "Färgaregatan 7",
                "images": [
                    {
                        "small": "https://s3.eu-north-1.amazonaws.com/gbg.serviceguiden/61e0a29dcfc4d247cca9a4ff_634d6473118251387c91dffa_small.jpg",
                        "small2x": "https://s3.eu-north-1.amazonaws.com/gbg.serviceguiden/61e0a29dcfc4d247cca9a4ff_634d6473118251387c91dffa_small_2x.jpg",
                        "medium": "https://s3.eu-north-1.amazonaws.com/gbg.serviceguiden/61e0a29dcfc4d247cca9a4ff_634d6473118251387c91dffa_medium.jpg",
                        "medium2x": "https://s3.eu-north-1.amazonaws.com/gbg.serviceguiden/61e0a29dcfc4d247cca9a4ff_634d6473118251387c91dffa_medium_2x.jpg",
                        "large": "https://s3.eu-north-1.amazonaws.com/gbg.serviceguiden/61e0a29dcfc4d247cca9a4ff_634d6473118251387c91dffa_large.jpg",
                        "large2x": "https://s3.eu-north-1.amazonaws.com/gbg.serviceguiden/61e0a29dcfc4d247cca9a4ff_634d6473118251387c91dffa_large_2x.jpg",
                        "altText": "Bilden föreställer en tegelbyggnad. På gården finns en sandlåda, en bänk och en rutschbana. ",
                        "description": "Foto: Peter Nilsson"
                    }
                ],
                "todaysOpeningHours": {
                    "date": "2026-09-17",
                    "entries": []
                }
            }
        },
        {
            "type": "Feature",
            "geometry": {
                "type": "Point",
                "coordinates": [
                    11.970632852180616,
                    57.730357832629906
                ]
            },
            "properties": {
                "id": "61e0a2a1cfc4d247cca9a8c1",
                "name": "Författaregatan 11 förskola",
                "businessId": 79,
                "visitingAddress": "Författaregatan 11",
                "images": [
                    {
                        "small": "https://s3.eu-north-1.amazonaws.com/gbg.serviceguiden/61e0a2a1cfc4d247cca9a8c1_63629006118251387c0fb816_small.jpg",
                        "small2x": "https://s3.eu-north-1.amazonaws.com/gbg.serviceguiden/61e0a2a1cfc4d247cca9a8c1_63629006118251387c0fb816_small_2x.jpg",
                        "medium": "https://s3.eu-north-1.amazonaws.com/gbg.serviceguiden/61e0a2a1cfc4d247cca9a8c1_63629006118251387c0fb816_medium.jpg",
                        "medium2x": "https://s3.eu-north-1.amazonaws.com/gbg.serviceguiden/61e0a2a1cfc4d247cca9a8c1_63629006118251387c0fb816_medium_2x.jpg",
                        "large": "https://s3.eu-north-1.amazonaws.com/gbg.serviceguiden/61e0a2a1cfc4d247cca9a8c1_63629006118251387c0fb816_large.jpg",
                        "large2x": "https://s3.eu-north-1.amazonaws.com/gbg.serviceguiden/61e0a2a1cfc4d247cca9a8c1_63629006118251387c0fb816_large_2x.jpg",
                        "altText": "Bilden föreställer tre höga byggnader och en lägre byggnad. Framför den lägre byggnaden finns en lekplats med två klätterställningar i trä och en sandlåda.",
                        "description": "Foto: Davide Panzino"
                    }
                ],
                "todaysOpeningHours": {
                    "date": "2026-09-17",
                    "entries": []
                }
            }
        },
        {
            "type": "Feature",
            "geometry": {
                "type": "Point",
                "coordinates": [
                    12.00686233523539,
                    57.71195544404038
                ]
            },
            "properties": {
                "id": "61e0a2a2cfc4d247cca9a963",
                "name": "Förskolan Danska vägen (Dibber)",
                "businessId": 5066,
                "visitingAddress": "Danska Vägen 80",
                "description": "<p>Det här är en fristående förskola. Kontakta förskolan om du vill veta mer om deras verksamhet.</p>",
                "todaysOpeningHours": {
                    "date": "2026-09-17",
                    "entries": []
                }
            }
        },
        {
            "type": "Feature",
            "geometry": {
                "type": "Point",
                "coordinates": [
                    11.888534753284643,
                    57.71808259862812
                ]
            },
            "properties": {
                "id": "61e0a2a2cfc4d247cca9a97b",
                "name": "Förskolan Emilia",
                "businessId": 2965,
                "visitingAddress": "Köldgatan 22",
                "description": "<p>Det här är en fristående förskola. Kontakta förskolan om du vill veta mer om deras verksamhet.</p>",
                "todaysOpeningHours": {
                    "date": "2026-09-17",
                    "entries": []
                }
            }
        },
        {
            "type": "Feature",
            "geometry": {
                "type": "Point",
                "coordinates": [
                    11.782525077210687,
                    57.71408016279215
                ]
            },
            "properties": {
                "id": "61e0a36bcfc4d247ccaa4f07",
                "name": "Förskolan Flygledarevägen (Dibber)",
                "businessId": 5234,
                "visitingAddress": "Flygledarevägen 3",
                "description": "<p>Det här är en fristående förskola. Kontakta förskolan om du vill veta mer om deras verksamhet.</p>",
                "todaysOpeningHours": {
                    "date": "2026-09-17",
                    "entries": []
                }
            }
        },
        {
            "type": "Feature",
            "geometry": {
                "type": "Point",
                "coordinates": [
                    11.904127040625665,
                    57.65130197818011
                ]
            },
            "properties": {
                "id": "61e0a2a2cfc4d247cca9a993",
                "name": "Förskolan Fyren",
                "businessId": 295,
                "visitingAddress": "Diamantgatan 3",
                "description": "<p>Det här är en fristående förskola. Kontakta förskolan om du vill veta mer om deras verksamhet.</p>",
                "todaysOpeningHours": {
                    "date": "2026-09-17",
                    "entries": []
                }
            }
        },
        {
            "type": "Feature",
            "geometry": {
                "type": "Point",
                "coordinates": [
                    12.050626365600367,
                    57.804135172962184
                ]
            },
            "properties": {
                "id": "61e0a2b0cfc4d247cca9b346",
                "name": "Förskolan Grenen",
                "businessId": 3258,
                "visitingAddress": "Trädgårdsgärdet 140",
                "description": "<p>Det här är en fristående förskola. Kontakta förskolan om du vill veta mer om deras verksamhet.</p>",
                "todaysOpeningHours": {
                    "date": "2026-09-17",
                    "entries": []
                }
            }
        },
        {
            "type": "Feature",
            "geometry": {
                "type": "Point",
                "coordinates": [
                    11.886242223283407,
                    57.749337078100865
                ]
            },
            "properties": {
                "id": "61e0a2a2cfc4d247cca9a9ab",
                "name": "Förskolan Helge",
                "businessId": 303,
                "visitingAddress": "Stenvägen 2",
                "description": "<p>Det här är en fristående förskola. Kontakta förskolan om du vill veta mer om deras verksamhet.</p>",
                "todaysOpeningHours": {
                    "date": "2026-09-17",
                    "entries": []
                }
            }
        },
        {
            "type": "Feature",
            "geometry": {
                "type": "Point",
                "coordinates": [
                    11.93852874594336,
                    57.719368195054976
                ]
            },
            "properties": {
                "id": "61e0a2a3cfc4d247cca9a9c3",
                "name": "Förskolan Jätten ",
                "businessId": 2967,
                "visitingAddress": "Övre Hallegatan 21",
                "description": "<p>Det här är en fristående förskola. Kontakta förskolan om du vill veta mer om deras verksamhet.</p>",
                "todaysOpeningHours": {
                    "date": "2026-09-17",
                    "entries": []
                }
            }
        },
        {
            "type": "Feature",
            "geometry": {
                "type": "Point",
                "coordinates": [
                    12.013317832169097,
                    57.768629345356004
                ]
            },
            "properties": {
                "id": "61e0a2a3cfc4d247cca9a9f3",
                "name": "Förskolan Ljuset",
                "businessId": 5131,
                "visitingAddress": "Skolspåret 5",
                "description": "<p>Det här är en fristående förskola. Kontakta förskolan om du vill veta mer om deras verksamhet.</p>",
                "todaysOpeningHours": {
                    "date": "2026-09-17",
                    "entries": []
                }
            }
        },
        {
            "type": "Feature",
            "geometry": {
                "type": "Point",
                "coordinates": [
                    11.897430984992575,
                    57.73939051965031
                ]
            },
            "properties": {
                "id": "61e0a2a3cfc4d247cca9aa23",
                "name": "Förskolan Månen",
                "businessId": 3757,
                "visitingAddress": "Solstrålegatan 28",
                "description": "<p>Det här är en fristående förskola. Kontakta förskolan om du vill veta mer om deras verksamhet.</p>",
                "todaysOpeningHours": {
                    "date": "2026-09-17",
                    "entries": []
                }
            }
        },
        {
            "type": "Feature",
            "geometry": {
                "type": "Point",
                "coordinates": [
                    12.069293229351338,
                    57.758724306860195
                ]
            },
            "properties": {
                "id": "61e0a2a4cfc4d247cca9aa3b",
                "name": "Förskolan Nymånen",
                "businessId": 1736,
                "visitingAddress": "Tellusgatan 46",
                "description": "<p>Det här är en fristående förskola. Kontakta förskolan om du vill veta mer om deras verksamhet.</p>",
                "todaysOpeningHours": {
                    "date": "2026-09-17",
                    "entries": []
                }
            }
        },
        {
            "type": "Feature",
            "geometry": {
                "type": "Point",
                "coordinates": [
                    12.031485504492599,
                    57.80651580737804
                ]
            },
            "properties": {
                "id": "61e0a2a4cfc4d247cca9aa6b",
                "name": "Förskolan Romano ILO",
                "businessId": 2560,
                "visitingAddress": "Muskotgatan 36",
                "description": "<p>Det här är en fristående förskola. Kontakta förskolan om du vill veta mer om deras verksamhet.</p>",
                "todaysOpeningHours": {
                    "date": "2026-09-17",
                    "entries": []
                }
            }
        },
        {
            "type": "Feature",
            "geometry": {
                "type": "Point",
                "coordinates": [
                    12.071887875659979,
                    57.74850157977268
                ]
            },
            "properties": {
                "id": "61e0a2a5cfc4d247cca9aa83",
                "name": "Förskolan Rymden",
                "businessId": 2102,
                "visitingAddress": "Zenitgatan 12",
                "description": "<p>Det här är en fristående förskola. Kontakta förskolan om du vill veta mer om deras verksamhet.</p>",
                "todaysOpeningHours": {
                    "date": "2026-09-17",
                    "entries": []
                }
            }
        },
        {
            "type": "Feature",
            "geometry": {
                "type": "Point",
                "coordinates": [
                    12.009137253016718,
                    57.71271216414253
                ]
            },
            "properties": {
                "id": "61e0a2a5cfc4d247cca9aa9b",
                "name": "Förskolan Räntmästaregatan (Dibber)",
                "businessId": 4226,
                "visitingAddress": "Räntmästaregatan 7A",
                "description": "<p>Det här är en fristående förskola. Kontakta förskolan om du vill veta mer om deras verksamhet.</p>",
                "todaysOpeningHours": {
                    "date": "2026-09-17",
                    "entries": []
                }
            }
        },
        {
            "type": "Feature",
            "geometry": {
                "type": "Point",
                "coordinates": [
                    12.025342404403153,
                    57.805978212982204
                ]
            },
            "properties": {
                "id": "61e0a2a5cfc4d247cca9aacb",
                "name": "Förskolan Solgården Aurinkopiha Ekonomisk Förening",
                "businessId": 3861,
                "visitingAddress": "Kanelgatan 23",
                "description": "<p>Det här är en fristående förskola. Kontakta förskolan om du vill veta mer om deras verksamhet.</p>",
                "todaysOpeningHours": {
                    "date": "2026-09-17",
                    "entries": []
                }
            }
        },
        {
            "type": "Feature",
            "geometry": {
                "type": "Point",
                "coordinates": [
                    11.790534117843368,
                    57.607561644692886
                ]
            },
            "properties": {
                "id": "61e0a36ccfc4d247ccaa4fd5",
                "name": "Förskolan Solöga",
                "businessId": 2671,
                "visitingAddress": "Skäretvägen 51",
                "description": "<p>Det här är en fristående förskola. Kontakta förskolan om du vill veta mer om deras verksamhet.</p>",
                "todaysOpeningHours": {
                    "date": "2026-09-17",
                    "entries": []
                }
            }
        },
        {
            "type": "Feature",
            "geometry": {
                "type": "Point",
                "coordinates": [
                    11.910678320136036,
                    57.70480638537395
                ]
            },
            "properties": {
                "id": "61e0a2a5cfc4d247cca9aae5",
                "name": "Förskolan Tindra Eriksberg",
                "businessId": 3401,
                "visitingAddress": "Pilegårdsgatan 5B",
                "description": "<p>Det här är en fristående förskola. Kontakta förskolan om du vill veta mer om deras verksamhet.</p>",
                "todaysOpeningHours": {
                    "date": "2026-09-17",
                    "entries": []
                }
            }
        },
        {
            "type": "Feature",
            "geometry": {
                "type": "Point",
                "coordinates": [
                    12.008315157919348,
                    57.712222331072766
                ]
            },
            "properties": {
                "id": "61e0a2a5cfc4d247cca9aafd",
                "name": "Förskolan Torkelsgatan (Dibber)",
                "businessId": 3969,
                "visitingAddress": "Torkelsgatan 4B",
                "description": "<p>Det här är en fristående förskola. Kontakta förskolan om du vill veta mer om deras verksamhet.</p>",
                "todaysOpeningHours": {
                    "date": "2026-09-17",
                    "entries": []
                }
            }
        },
        {
            "type": "Feature",
            "geometry": {
                "type": "Point",
                "coordinates": [
                    12.042944823272308,
                    57.77116949679264
                ]
            },
            "properties": {
                "id": "61e0a275cfc4d247cca985ed",
                "name": "Förskolan Upptäckarna",
                "businessId": 2269,
                "visitingAddress": "Eriksbo Östergärde 15",
                "description": "<p>Det här är en fristående förskola. Kontakta förskolan om du vill veta mer om deras verksamhet.</p>",
                "todaysOpeningHours": {
                    "date": "2026-09-17",
                    "entries": []
                }
            }
        },
        {
            "type": "Feature",
            "geometry": {
                "type": "Point",
                "coordinates": [
                    11.921262077165395,
                    57.66458403930815
                ]
            },
            "properties": {
                "id": "61e0a2a5cfc4d247cca9ab15",
                "name": "Förskolan Valen",
                "businessId": 660,
                "visitingAddress": "Tunnlandsgatan 20",
                "description": "<p>Det här är en fristående förskola. Kontakta förskolan om du vill veta mer om deras verksamhet.</p>",
                "todaysOpeningHours": {
                    "date": "2026-09-17",
                    "entries": []
                }
            }
        },
        {
            "type": "Feature",
            "geometry": {
                "type": "Point",
                "coordinates": [
                    12.03363266039435,
                    57.791918960148614
                ]
            },
            "properties": {
                "id": "61e0a2a6cfc4d247cca9ab2d",
                "name": "Förskolan Villa Ramnebacken",
                "businessId": 3112,
                "visitingAddress": "Ramnebacken 55",
                "description": "<p>Det här är en fristående förskola. Kontakta förskolan om du vill veta mer om deras verksamhet.</p>",
                "todaysOpeningHours": {
                    "date": "2026-09-17",
                    "entries": []
                }
            }
        },
        {
            "type": "Feature",
            "geometry": {
                "type": "Point",
                "coordinates": [
                    11.932752468118665,
                    57.62509842005571
                ]
            },
            "properties": {
                "id": "61e0a2a6cfc4d247cca9ab87",
                "name": "Förskolevägen 3 förskola",
                "businessId": 5097,
                "visitingAddress": "Förskolevägen 3",
                "images": [
                    {
                        "small": "https://s3.eu-north-1.amazonaws.com/gbg.serviceguiden/61e0a2a6cfc4d247cca9ab87_6374d5973b1f9e73721f977e_small.jpg",
                        "small2x": "https://s3.eu-north-1.amazonaws.com/gbg.serviceguiden/61e0a2a6cfc4d247cca9ab87_6374d5973b1f9e73721f977e_small_2x.jpg",
                        "medium": "https://s3.eu-north-1.amazonaws.com/gbg.serviceguiden/61e0a2a6cfc4d247cca9ab87_6374d5973b1f9e73721f977e_medium.jpg",
                        "medium2x": "https://s3.eu-north-1.amazonaws.com/gbg.serviceguiden/61e0a2a6cfc4d247cca9ab87_6374d5973b1f9e73721f977e_medium_2x.jpg",
                        "large": "https://s3.eu-north-1.amazonaws.com/gbg.serviceguiden/61e0a2a6cfc4d247cca9ab87_6374d5973b1f9e73721f977e_large.jpg",
                        "large2x": "https://s3.eu-north-1.amazonaws.com/gbg.serviceguiden/61e0a2a6cfc4d247cca9ab87_6374d5973b1f9e73721f977e_large_2x.jpg",
                        "altText": "Bilden föreställer en byggnad och en förskolegård.",
                        "description": "Foto: Davide Panzino"
                    }
                ],
                "todaysOpeningHours": {
                    "date": "2026-09-17",
                    "entries": []
                }
            }
        },
        {
            "type": "Feature",
            "geometry": {
                "type": "Point",
                "coordinates": [
                    12.035944308228775,
                    57.757677128024014
                ]
            },
            "properties": {
                "id": "61e0a2a6cfc4d247cca9abad",
                "name": "Förstamajgatan 28 förskola",
                "businessId": 690,
                "visitingAddress": "Förstamajgatan 28",
                "images": [
                    {
                        "small": "https://s3.eu-north-1.amazonaws.com/gbg.serviceguiden/61e0a2a6cfc4d247cca9abad_636d0d3a118251387cb61f20_small.jpg",
                        "small2x": "https://s3.eu-north-1.amazonaws.com/gbg.serviceguiden/61e0a2a6cfc4d247cca9abad_636d0d3a118251387cb61f20_small_2x.jpg",
                        "medium": "https://s3.eu-north-1.amazonaws.com/gbg.serviceguiden/61e0a2a6cfc4d247cca9abad_636d0d3a118251387cb61f20_medium.jpg",
                        "medium2x": "https://s3.eu-north-1.amazonaws.com/gbg.serviceguiden/61e0a2a6cfc4d247cca9abad_636d0d3a118251387cb61f20_medium_2x.jpg",
                        "large": "https://s3.eu-north-1.amazonaws.com/gbg.serviceguiden/61e0a2a6cfc4d247cca9abad_636d0d3a118251387cb61f20_large.jpg",
                        "large2x": "https://s3.eu-north-1.amazonaws.com/gbg.serviceguiden/61e0a2a6cfc4d247cca9abad_636d0d3a118251387cb61f20_large_2x.jpg",
                        "altText": "Bilden föreställer en tegelbyggnad och en förskolegård med gungor, utomhusbänkar, träd och stenar. ",
                        "description": "Foto: Davide Panzino"
                    }
                ],
                "todaysOpeningHours": {
                    "date": "2026-09-17",
                    "entries": []
                }
            }
        },
        {
            "type": "Feature",
            "geometry": {
                "type": "Point",
                "coordinates": [
                    12.039979539586074,
                    57.764379648008244
                ]
            },
            "properties": {
                "id": "61e0a2a8cfc4d247cca9acbf",
                "name": "Föräldrakooperativa förskolan Vildingen",
                "businessId": 2804,
                "visitingAddress": "Januarigatan 46",
                "description": "<p>Det här är en fristående förskola. Kontakta förskolan om du vill veta mer om deras verksamhet.</p>",
                "todaysOpeningHours": {
                    "date": "2026-09-17",
                    "entries": []
                }
            }
        },
        {
            "type": "Feature",
            "geometry": {
                "type": "Point",
                "coordinates": [
                    12.02169015241143,
                    57.71258093930754
                ]
            },
            "properties": {
                "id": "61e0a2a8cfc4d247cca9acef",
                "name": "Föräldrakooperativet Balsaminen",
                "businessId": 3001,
                "visitingAddress": "Utjordsgatan 17",
                "description": "<p>Det här är en fristående förskola. Kontakta förskolan om du vill veta mer om deras verksamhet.</p>",
                "todaysOpeningHours": {
                    "date": "2026-09-17",
                    "entries": []
                }
            }
        },
        {
            "type": "Feature",
            "geometry": {
                "type": "Point",
                "coordinates": [
                    11.899820906261942,
                    57.64979154101164
                ]
            },
            "properties": {
                "id": "61e0a24dcfc4d247cca9654f",
                "name": "Föräldrakooperativet Barnlåten",
                "businessId": 245,
                "visitingAddress": "Turkosgatan 1C",
                "description": "<p>Det här är en fristående förskola. Kontakta förskolan om du vill veta mer om deras verksamhet.</p>",
                "todaysOpeningHours": {
                    "date": "2026-09-17",
                    "entries": []
                }
            }
        },
        {
            "type": "Feature",
            "geometry": {
                "type": "Point",
                "coordinates": [
                    11.957143742539765,
                    57.69891271455105
                ]
            },
            "properties": {
                "id": "61e0a2c1cfc4d247cca9c0a9",
                "name": "Föräldrakooperativet Hagabarn",
                "businessId": 2625,
                "visitingAddress": "Östra Skansgatan 3B",
                "description": "<p>Det här är en fristående förskola. Kontakta förskolan om du vill veta mer om deras verksamhet.</p>",
                "todaysOpeningHours": {
                    "date": "2026-09-17",
                    "entries": []
                }
            }
        },
        {
            "type": "Feature",
            "geometry": {
                "type": "Point",
                "coordinates": [
                    11.892487656906185,
                    57.65266945961597
                ]
            },
            "properties": {
                "id": "61e0a2a8cfc4d247cca9acd7",
                "name": "Föräldrakooperativet Johannesgården ",
                "businessId": 4122,
                "visitingAddress": "Trollbärsvägen 16A",
                "description": "<p>Det här är en fristående förskola. Kontakta förskolan om du vill veta mer om deras verksamhet.</p>",
                "todaysOpeningHours": {
                    "date": "2026-09-17",
                    "entries": []
                }
            }
        },
        {
            "type": "Feature",
            "geometry": {
                "type": "Point",
                "coordinates": [
                    12.018921588509619,
                    57.67640291228193
                ]
            },
            "properties": {
                "id": "61e0a2a8cfc4d247cca9ad07",
                "name": "Föräldrakooperativet Kottarna",
                "businessId": 3002,
                "visitingAddress": "Solhusgatan 15",
                "description": "<p>Det här är en fristående förskola. Kontakta förskolan om du vill veta mer om deras verksamhet.</p>",
                "todaysOpeningHours": {
                    "date": "2026-09-17",
                    "entries": []
                }
            }
        },
        {
            "type": "Feature",
            "geometry": {
                "type": "Point",
                "coordinates": [
                    12.003379386559752,
                    57.71043029882443
                ]
            },
            "properties": {
                "id": "61e0a2a8cfc4d247cca9ad1f",
                "name": "Föräldrakooperativet Lekstugan",
                "businessId": 3003,
                "visitingAddress": "Lundgatan 8A",
                "description": "<p>Det här är en fristående förskola. Kontakta förskolan om du vill veta mer om deras verksamhet.</p>",
                "todaysOpeningHours": {
                    "date": "2026-09-17",
                    "entries": []
                }
            }
        },
        {
            "type": "Feature",
            "geometry": {
                "type": "Point",
                "coordinates": [
                    12.003493383354076,
                    57.70851757525913
                ]
            },
            "properties": {
                "id": "61e0a2a8cfc4d247cca9ad37",
                "name": "Föräldrakooperativet Linbråkan",
                "businessId": 3004,
                "visitingAddress": "Vävskedsgatan 3",
                "description": "<p>Det här är en fristående förskola. Kontakta förskolan om du vill veta mer om deras verksamhet.</p>",
                "todaysOpeningHours": {
                    "date": "2026-09-17",
                    "entries": []
                }
            }
        },
        {
            "type": "Feature",
            "geometry": {
                "type": "Point",
                "coordinates": [
                    11.961626127817965,
                    57.69803936170133
                ]
            },
            "properties": {
                "id": "61e0a2a8cfc4d247cca9ad4f",
                "name": "Föräldrakooperativet Lönnen",
                "businessId": 2626,
                "visitingAddress": "Haga Kyrkoplan 1",
                "description": "<p>Det här är en fristående förskola. Kontakta förskolan om du vill veta mer om deras verksamhet.</p>",
                "todaysOpeningHours": {
                    "date": "2026-09-17",
                    "entries": []
                }
            }
        },
        {
            "type": "Feature",
            "geometry": {
                "type": "Point",
                "coordinates": [
                    12.080797240186586,
                    57.78560747979573
                ]
            },
            "properties": {
                "id": "61e0a2a8cfc4d247cca9ad67",
                "name": "Föräldrakooperativet Nallarna",
                "businessId": 3113,
                "visitingAddress": "Vippärtsvägen 28",
                "description": "<p>Det här är en fristående förskola. Kontakta förskolan om du vill veta mer om deras verksamhet.</p>",
                "todaysOpeningHours": {
                    "date": "2026-09-17",
                    "entries": []
                }
            }
        },
        {
            "type": "Feature",
            "geometry": {
                "type": "Point",
                "coordinates": [
                    12.03272624801027,
                    57.72093287802094
                ]
            },
            "properties": {
                "id": "61e0a2a9cfc4d247cca9ad7f",
                "name": "Föräldrakooperativet Sagolunden",
                "businessId": 2487,
                "visitingAddress": "Ättekullen 1",
                "description": "<p>Det här är en fristående förskola. Kontakta förskolan om du vill veta mer om deras verksamhet.</p>",
                "todaysOpeningHours": {
                    "date": "2026-09-17",
                    "entries": []
                }
            }
        },
        {
            "type": "Feature",
            "geometry": {
                "type": "Point",
                "coordinates": [
                    12.170680887729777,
                    57.814118305213796
                ]
            },
            "properties": {
                "id": "61e0a2a9cfc4d247cca9ad97",
                "name": "Föräldrakooperativet Skattkammaren",
                "businessId": 3114,
                "visitingAddress": "Bergums Källegårdsväg 1",
                "description": "<p>Det här är en fristående förskola. Kontakta förskolan om du vill veta mer om deras verksamhet.</p>",
                "todaysOpeningHours": {
                    "date": "2026-09-17",
                    "entries": []
                }
            }
        },
        {
            "type": "Feature",
            "geometry": {
                "type": "Point",
                "coordinates": [
                    11.89499674886001,
                    57.62408727586811
                ]
            },
            "properties": {
                "id": "61e0a2a9cfc4d247cca9adaf",
                "name": "Föräldrakooperativet Snipan",
                "businessId": 373,
                "visitingAddress": "Norra Breviksvägen 11",
                "description": "<p>Det här är en fristående förskola. Kontakta förskolan om du vill veta mer om deras verksamhet.</p>",
                "todaysOpeningHours": {
                    "date": "2026-09-17",
                    "entries": []
                }
            }
        },
        {
            "type": "Feature",
            "geometry": {
                "type": "Point",
                "coordinates": [
                    12.02169015241143,
                    57.71258093930754
                ]
            },
            "properties": {
                "id": "61e0a2a9cfc4d247cca9adc7",
                "name": "Föräldrakooperativet Snurran",
                "businessId": 3007,
                "visitingAddress": "Utjordsgatan 17",
                "description": "<p>Det här är en fristående förskola. Kontakta förskolan om du vill veta mer om deras verksamhet.</p>",
                "todaysOpeningHours": {
                    "date": "2026-09-17",
                    "entries": []
                }
            }
        },
        {
            "type": "Feature",
            "geometry": {
                "type": "Point",
                "coordinates": [
                    12.05005066601356,
                    57.76064124230251
                ]
            },
            "properties": {
                "id": "61e0a2aacfc4d247cca9ae1c",
                "name": "Galaxgatan 1 förskola",
                "businessId": 106,
                "visitingAddress": "Galaxgatan 1",
                "images": [
                    {
                        "small": "https://s3.eu-north-1.amazonaws.com/gbg.serviceguiden/61e0a2aacfc4d247cca9ae1c_636d0d83118251387cb6277f_small.jpg",
                        "small2x": "https://s3.eu-north-1.amazonaws.com/gbg.serviceguiden/61e0a2aacfc4d247cca9ae1c_636d0d83118251387cb6277f_small_2x.jpg",
                        "medium": "https://s3.eu-north-1.amazonaws.com/gbg.serviceguiden/61e0a2aacfc4d247cca9ae1c_636d0d83118251387cb6277f_medium.jpg",
                        "medium2x": "https://s3.eu-north-1.amazonaws.com/gbg.serviceguiden/61e0a2aacfc4d247cca9ae1c_636d0d83118251387cb6277f_medium_2x.jpg",
                        "large": "https://s3.eu-north-1.amazonaws.com/gbg.serviceguiden/61e0a2aacfc4d247cca9ae1c_636d0d83118251387cb6277f_large.jpg",
                        "large2x": "https://s3.eu-north-1.amazonaws.com/gbg.serviceguiden/61e0a2aacfc4d247cca9ae1c_636d0d83118251387cb6277f_large_2x.jpg",
                        "altText": "Bilden föreställer en röd byggnad med vita fönsterkarmar. Framför byggnaden finns en gård med staket och ett träd. ",
                        "description": "Foto: Davide Panzino"
                    }
                ],
                "todaysOpeningHours": {
                    "date": "2026-09-17",
                    "entries": []
                }
            }
        },
        {
            "type": "Feature",
            "geometry": {
                "type": "Point",
                "coordinates": [
                    12.051342801870124,
                    57.760317689708515
                ]
            },
            "properties": {
                "id": "61e0a2aacfc4d247cca9ae3c",
                "name": "Galaxgatan 5 förskola",
                "businessId": 4175,
                "visitingAddress": "Galaxgatan 5",
                "images": [
                    {
                        "small": "https://s3.eu-north-1.amazonaws.com/gbg.serviceguiden/61e0a2aacfc4d247cca9ae3c_6a437438a6447f1ed7818927_small.jpg",
                        "small2x": "https://s3.eu-north-1.amazonaws.com/gbg.serviceguiden/61e0a2aacfc4d247cca9ae3c_6a437438a6447f1ed7818927_small_2x.jpg",
                        "medium": "https://s3.eu-north-1.amazonaws.com/gbg.serviceguiden/61e0a2aacfc4d247cca9ae3c_6a437438a6447f1ed7818927_medium.jpg",
                        "medium2x": "https://s3.eu-north-1.amazonaws.com/gbg.serviceguiden/61e0a2aacfc4d247cca9ae3c_6a437438a6447f1ed7818927_medium_2x.jpg",
                        "large": "https://s3.eu-north-1.amazonaws.com/gbg.serviceguiden/61e0a2aacfc4d247cca9ae3c_6a437438a6447f1ed7818927_large.jpg",
                        "large2x": "https://s3.eu-north-1.amazonaws.com/gbg.serviceguiden/61e0a2aacfc4d247cca9ae3c_6a437438a6447f1ed7818927_large_2x.jpg",
                        "altText": "Bilden föreställer en ljus byggnad med en orange dörr. Utanför byggnaden finns en förskolegård med en sandlåda.",
                        "description": "Foto: Davide Panzino"
                    }
                ],
                "todaysOpeningHours": {
                    "date": "2026-09-17",
                    "entries": []
                }
            }
        },
        {
            "type": "Feature",
            "geometry": {
                "type": "Point",
                "coordinates": [
                    11.756697655023235,
                    57.725634894178405
                ]
            },
            "properties": {
                "id": "61e0a2aacfc4d247cca9ae60",
                "name": "Gamla Tumlehedsvägen 100–104 förskola",
                "businessId": 2171,
                "visitingAddress": "Gamla Tumlehedsvägen 100",
                "images": [
                    {
                        "small": "https://s3.eu-north-1.amazonaws.com/gbg.serviceguiden/61e0a2aacfc4d247cca9ae60_6362907b118251387c0fc00e_small.jpg",
                        "small2x": "https://s3.eu-north-1.amazonaws.com/gbg.serviceguiden/61e0a2aacfc4d247cca9ae60_6362907b118251387c0fc00e_small_2x.jpg",
                        "medium": "https://s3.eu-north-1.amazonaws.com/gbg.serviceguiden/61e0a2aacfc4d247cca9ae60_6362907b118251387c0fc00e_medium.jpg",
                        "medium2x": "https://s3.eu-north-1.amazonaws.com/gbg.serviceguiden/61e0a2aacfc4d247cca9ae60_6362907b118251387c0fc00e_medium_2x.jpg",
                        "large": "https://s3.eu-north-1.amazonaws.com/gbg.serviceguiden/61e0a2aacfc4d247cca9ae60_6362907b118251387c0fc00e_large.jpg",
                        "large2x": "https://s3.eu-north-1.amazonaws.com/gbg.serviceguiden/61e0a2aacfc4d247cca9ae60_6362907b118251387c0fc00e_large_2x.jpg",
                        "altText": "Bilden föreställer en ljus byggnad. Framför byggnaden finns en lekplats med två lekstugor, en sandlåda och ett leksakståg. ",
                        "description": "Foto: Davide Panzino"
                    }
                ],
                "todaysOpeningHours": {
                    "date": "2026-09-17",
                    "entries": []
                }
            }
        },
        {
            "type": "Feature",
            "geometry": {
                "type": "Point",
                "coordinates": [
                    11.983059524823487,
                    57.68501866177359
                ]
            },
            "properties": {
                "id": "61e0a2accfc4d247cca9b088",
                "name": "Gibraltargatan 29 förskola",
                "businessId": 4466,
                "visitingAddress": "Gibraltargatan 29",
                "images": [
                    {
                        "small": "https://s3.eu-north-1.amazonaws.com/gbg.serviceguiden/61e0a2accfc4d247cca9b088_69a0063f8b461244a313abf6_small.jpg",
                        "small2x": "https://s3.eu-north-1.amazonaws.com/gbg.serviceguiden/61e0a2accfc4d247cca9b088_69a0063f8b461244a313abf6_small_2x.jpg",
                        "medium": "https://s3.eu-north-1.amazonaws.com/gbg.serviceguiden/61e0a2accfc4d247cca9b088_69a0063f8b461244a313abf6_medium.jpg",
                        "medium2x": "https://s3.eu-north-1.amazonaws.com/gbg.serviceguiden/61e0a2accfc4d247cca9b088_69a0063f8b461244a313abf6_medium_2x.jpg",
                        "large": "https://s3.eu-north-1.amazonaws.com/gbg.serviceguiden/61e0a2accfc4d247cca9b088_69a0063f8b461244a313abf6_large.jpg",
                        "large2x": "https://s3.eu-north-1.amazonaws.com/gbg.serviceguiden/61e0a2accfc4d247cca9b088_69a0063f8b461244a313abf6_large_2x.jpg",
                        "altText": "förskolegårdens pergola, stora sandlåda och leksaker. balansstock, picknickbord och liten karusell",
                        "description": ""
                    }
                ],
                "todaysOpeningHours": {
                    "date": "2026-09-17",
                    "entries": []
                }
            }
        },
        {
            "type": "Feature",
            "geometry": {
                "type": "Point",
                "coordinates": [
                    11.985279526279363,
                    57.68270018216358
                ]
            },
            "properties": {
                "id": "61e0a2adcfc4d247cca9b0ae",
                "name": "Gibraltarkroken 4 förskola",
                "businessId": 6333,
                "visitingAddress": "Gibraltarkroken 4",
                "images": [
                    {
                        "small": "https://s3.eu-north-1.amazonaws.com/gbg.serviceguiden/61e0a2adcfc4d247cca9b0ae_6a042e72a6447f1ed73e52bc_small.jpg",
                        "small2x": "https://s3.eu-north-1.amazonaws.com/gbg.serviceguiden/61e0a2adcfc4d247cca9b0ae_6a042e72a6447f1ed73e52bc_small_2x.jpg",
                        "medium": "https://s3.eu-north-1.amazonaws.com/gbg.serviceguiden/61e0a2adcfc4d247cca9b0ae_6a042e72a6447f1ed73e52bc_medium.jpg",
                        "medium2x": "https://s3.eu-north-1.amazonaws.com/gbg.serviceguiden/61e0a2adcfc4d247cca9b0ae_6a042e72a6447f1ed73e52bc_medium_2x.jpg",
                        "large": "https://s3.eu-north-1.amazonaws.com/gbg.serviceguiden/61e0a2adcfc4d247cca9b0ae_6a042e72a6447f1ed73e52bc_large.jpg",
                        "large2x": "https://s3.eu-north-1.amazonaws.com/gbg.serviceguiden/61e0a2adcfc4d247cca9b0ae_6a042e72a6447f1ed73e52bc_large_2x.jpg",
                        "altText": "Del av förskolans lekplats",
                        "description": "Foto: Davide Panzino"
                    }
                ],
                "todaysOpeningHours": {
                    "date": "2026-09-17",
                    "entries": []
                }
            }
        },
        {
            "type": "Feature",
            "geometry": {
                "type": "Point",
                "coordinates": [
                    11.920251943811945,
                    57.69367821902054
                ]
            },
            "properties": {
                "id": "61e0a2adcfc4d247cca9b0de",
                "name": "Giraffen",
                "businessId": 250,
                "visitingAddress": "Chapmans Torg 3",
                "description": "<p>Det här är en fristående förskola. Kontakta förskolan om du vill veta mer om deras verksamhet.</p>",
                "todaysOpeningHours": {
                    "date": "2026-09-17",
                    "entries": []
                }
            }
        },
        {
            "type": "Feature",
            "geometry": {
                "type": "Point",
                "coordinates": [
                    11.91452620446429,
                    57.66058290612542
                ]
            },
            "properties": {
                "id": "61e0a2adcfc4d247cca9b102",
                "name": "Gitarrgatan 5 förskola",
                "businessId": 462,
                "visitingAddress": "Gitarrgatan 5",
                "images": [
                    {
                        "small": "https://s3.eu-north-1.amazonaws.com/gbg.serviceguiden/61e0a2adcfc4d247cca9b102_69e7133ddb841971178d429e_small.jpg",
                        "small2x": "https://s3.eu-north-1.amazonaws.com/gbg.serviceguiden/61e0a2adcfc4d247cca9b102_69e7133ddb841971178d429e_small_2x.jpg",
                        "medium": "https://s3.eu-north-1.amazonaws.com/gbg.serviceguiden/61e0a2adcfc4d247cca9b102_69e7133ddb841971178d429e_medium.jpg",
                        "medium2x": "https://s3.eu-north-1.amazonaws.com/gbg.serviceguiden/61e0a2adcfc4d247cca9b102_69e7133ddb841971178d429e_medium_2x.jpg",
                        "large": "https://s3.eu-north-1.amazonaws.com/gbg.serviceguiden/61e0a2adcfc4d247cca9b102_69e7133ddb841971178d429e_large.jpg",
                        "large2x": "https://s3.eu-north-1.amazonaws.com/gbg.serviceguiden/61e0a2adcfc4d247cca9b102_69e7133ddb841971178d429e_large_2x.jpg",
                        "altText": "Beige träbyggnad i två plan",
                        "description": "Foto: Stadsfastighetsförvaltningen"
                    }
                ],
                "todaysOpeningHours": {
                    "date": "2026-09-17",
                    "entries": []
                }
            }
        },
        {
            "type": "Feature",
            "geometry": {
                "type": "Point",
                "coordinates": [
                    11.919614882158424,
                    57.63561456790631
                ]
            },
            "properties": {
                "id": "61e0a2adcfc4d247cca9b140",
                "name": "Gjutegården 7A förskola",
                "businessId": 22,
                "visitingAddress": "Gjutegården 7A",
                "images": [
                    {
                        "small": "https://s3.eu-north-1.amazonaws.com/gbg.serviceguiden/61e0a2adcfc4d247cca9b140_6374d7533b1f9e73721fcb74_small.jpg",
                        "small2x": "https://s3.eu-north-1.amazonaws.com/gbg.serviceguiden/61e0a2adcfc4d247cca9b140_6374d7533b1f9e73721fcb74_small_2x.jpg",
                        "medium": "https://s3.eu-north-1.amazonaws.com/gbg.serviceguiden/61e0a2adcfc4d247cca9b140_6374d7533b1f9e73721fcb74_medium.jpg",
                        "medium2x": "https://s3.eu-north-1.amazonaws.com/gbg.serviceguiden/61e0a2adcfc4d247cca9b140_6374d7533b1f9e73721fcb74_medium_2x.jpg",
                        "large": "https://s3.eu-north-1.amazonaws.com/gbg.serviceguiden/61e0a2adcfc4d247cca9b140_6374d7533b1f9e73721fcb74_large.jpg",
                        "large2x": "https://s3.eu-north-1.amazonaws.com/gbg.serviceguiden/61e0a2adcfc4d247cca9b140_6374d7533b1f9e73721fcb74_large_2x.jpg",
                        "altText": "Bilden föreställer en gul byggnad med och en förskolegård med en klätterställning med ruschkana. ",
                        "description": "Foto: Davide Panzino. Förskolan har byggnader på två adresser. På bild visas Gjutegården 7A. "
                    }
                ],
                "todaysOpeningHours": {
                    "date": "2026-09-17",
                    "entries": []
                }
            }
        },
        {
            "type": "Feature",
            "geometry": {
                "type": "Point",
                "coordinates": [
                    11.990935408617089,
                    57.683631037025286
                ]
            },
            "properties": {
                "id": "61e0a2aecfc4d247cca9b18e",
                "name": "Glasmästaregatan 2 förskola",
                "businessId": 212,
                "visitingAddress": "Glasmästaregatan 2",
                "images": [
                    {
                        "small": "https://s3.eu-north-1.amazonaws.com/gbg.serviceguiden/61e0a2aecfc4d247cca9b18e_63511de3118251387cddba27_small.jpg",
                        "small2x": "https://s3.eu-north-1.amazonaws.com/gbg.serviceguiden/61e0a2aecfc4d247cca9b18e_63511de3118251387cddba27_small_2x.jpg",
                        "medium": "https://s3.eu-north-1.amazonaws.com/gbg.serviceguiden/61e0a2aecfc4d247cca9b18e_63511de3118251387cddba27_medium.jpg",
                        "medium2x": "https://s3.eu-north-1.amazonaws.com/gbg.serviceguiden/61e0a2aecfc4d247cca9b18e_63511de3118251387cddba27_medium_2x.jpg",
                        "large": "https://s3.eu-north-1.amazonaws.com/gbg.serviceguiden/61e0a2aecfc4d247cca9b18e_63511de3118251387cddba27_large.jpg",
                        "large2x": "https://s3.eu-north-1.amazonaws.com/gbg.serviceguiden/61e0a2aecfc4d247cca9b18e_63511de3118251387cddba27_large_2x.jpg",
                        "altText": "Bilden föreställer en ljusblå byggnad och en lekplats med ett däck och en röd klätterställning.",
                        "description": "Foto: Davide Panzino"
                    }
                ],
                "todaysOpeningHours": {
                    "date": "2026-09-17",
                    "entries": []
                }
            }
        },
        {
            "type": "Feature",
            "geometry": {
                "type": "Point",
                "coordinates": [
                    11.991954520476613,
                    57.68381803921184
                ]
            },
            "properties": {
                "id": "61e0a2aecfc4d247cca9b1ac",
                "name": "Glasmästaregatan 6 E förskola",
                "businessId": 213,
                "visitingAddress": "Glasmästaregatan 6E",
                "todaysOpeningHours": {
                    "date": "2026-09-17",
                    "entries": []
                }
            }
        },
        {
            "type": "Feature",
            "geometry": {
                "type": "Point",
                "coordinates": [
                    11.926392029282125,
                    57.75335502088542
                ]
            },
            "properties": {
                "id": "61e0a2aecfc4d247cca9b22d",
                "name": "Glöstorpsvägen 26 förskola",
                "businessId": 4672,
                "visitingAddress": "Glöstorpsvägen 26",
                "images": [
                    {
                        "small": "https://s3.eu-north-1.amazonaws.com/gbg.serviceguiden/61e0a2aecfc4d247cca9b22d_63629103118251387c0fca1b_small.jpg",
                        "small2x": "https://s3.eu-north-1.amazonaws.com/gbg.serviceguiden/61e0a2aecfc4d247cca9b22d_63629103118251387c0fca1b_small_2x.jpg",
                        "medium": "https://s3.eu-north-1.amazonaws.com/gbg.serviceguiden/61e0a2aecfc4d247cca9b22d_63629103118251387c0fca1b_medium.jpg",
                        "medium2x": "https://s3.eu-north-1.amazonaws.com/gbg.serviceguiden/61e0a2aecfc4d247cca9b22d_63629103118251387c0fca1b_medium_2x.jpg",
                        "large": "https://s3.eu-north-1.amazonaws.com/gbg.serviceguiden/61e0a2aecfc4d247cca9b22d_63629103118251387c0fca1b_large.jpg",
                        "large2x": "https://s3.eu-north-1.amazonaws.com/gbg.serviceguiden/61e0a2aecfc4d247cca9b22d_63629103118251387c0fca1b_large_2x.jpg",
                        "altText": "Bilden föreställer en vit byggnad med tre entréer. Framför byggnaden finns en inhägnad park med en leksaksbåt, gunghästar och parkbänk.",
                        "description": "Foto: Peter Nilsson"
                    }
                ],
                "todaysOpeningHours": {
                    "date": "2026-09-17",
                    "entries": []
                }
            }
        },
        {
            "type": "Feature",
            "geometry": {
                "type": "Point",
                "coordinates": [
                    11.924035147007928,
                    57.65435684141241
                ]
            },
            "properties": {
                "id": "61e0a2afcfc4d247cca9b267",
                "name": "Gnistgatan 3 förskola",
                "businessId": 463,
                "visitingAddress": "Gnistgatan 3",
                "images": [
                    {
                        "small": "https://s3.eu-north-1.amazonaws.com/gbg.serviceguiden/61e0a2afcfc4d247cca9b267_6374d7873b1f9e73721fd339_small.jpg",
                        "small2x": "https://s3.eu-north-1.amazonaws.com/gbg.serviceguiden/61e0a2afcfc4d247cca9b267_6374d7873b1f9e73721fd339_small_2x.jpg",
                        "medium": "https://s3.eu-north-1.amazonaws.com/gbg.serviceguiden/61e0a2afcfc4d247cca9b267_6374d7873b1f9e73721fd339_medium.jpg",
                        "medium2x": "https://s3.eu-north-1.amazonaws.com/gbg.serviceguiden/61e0a2afcfc4d247cca9b267_6374d7873b1f9e73721fd339_medium_2x.jpg",
                        "large": "https://s3.eu-north-1.amazonaws.com/gbg.serviceguiden/61e0a2afcfc4d247cca9b267_6374d7873b1f9e73721fd339_large.jpg",
                        "large2x": "https://s3.eu-north-1.amazonaws.com/gbg.serviceguiden/61e0a2afcfc4d247cca9b267_6374d7873b1f9e73721fd339_large_2x.jpg",
                        "altText": "Bilden föreställer en röd byggnad.",
                        "description": "Foto: Davide Panzino"
                    }
                ],
                "todaysOpeningHours": {
                    "date": "2026-09-17",
                    "entries": []
                }
            }
        },
        {
            "type": "Feature",
            "geometry": {
                "type": "Point",
                "coordinates": [
                    11.923408813268233,
                    57.69437061632356
                ]
            },
            "properties": {
                "id": "61e0a2afcfc4d247cca9b2ce",
                "name": "Gothenburgs Preschool Krukmakaregatan",
                "businessId": 5328,
                "visitingAddress": "Krukmakaregatan 1A",
                "description": "<p>Det här är en fristående förskola. Kontakta förskolan om du vill veta mer om deras verksamhet.</p>",
                "todaysOpeningHours": {
                    "date": "2026-09-17",
                    "entries": []
                }
            }
        },
        {
            "type": "Feature",
            "geometry": {
                "type": "Point",
                "coordinates": [
                    11.936351195843365,
                    57.69102916957791
                ]
            },
            "properties": {
                "id": "61e0a2afcfc4d247cca9b2e6",
                "name": "Gothenburgs Preschool Söderlingsgatan",
                "businessId": 5868,
                "visitingAddress": "Söderlingsgatan 9A",
                "description": "<p>Det här är en fristående förskola. Kontakta förskolan om du vill veta mer om deras verksamhet.</p>",
                "todaysOpeningHours": {
                    "date": "2026-09-17",
                    "entries": []
                }
            }
        },
        {
            "type": "Feature",
            "geometry": {
                "type": "Point",
                "coordinates": [
                    11.91981100724405,
                    57.74931450413423
                ]
            },
            "properties": {
                "id": "61e0a2b1cfc4d247cca9b3f3",
                "name": "Grinnekullegatan 250 förskola",
                "businessId": 2384,
                "visitingAddress": "Grinnekullegatan 250",
                "images": [
                    {
                        "small": "https://s3.eu-north-1.amazonaws.com/gbg.serviceguiden/61e0a2b1cfc4d247cca9b3f3_636291bc118251387c0fd633_small.jpg",
                        "small2x": "https://s3.eu-north-1.amazonaws.com/gbg.serviceguiden/61e0a2b1cfc4d247cca9b3f3_636291bc118251387c0fd633_small_2x.jpg",
                        "medium": "https://s3.eu-north-1.amazonaws.com/gbg.serviceguiden/61e0a2b1cfc4d247cca9b3f3_636291bc118251387c0fd633_medium.jpg",
                        "medium2x": "https://s3.eu-north-1.amazonaws.com/gbg.serviceguiden/61e0a2b1cfc4d247cca9b3f3_636291bc118251387c0fd633_medium_2x.jpg",
                        "large": "https://s3.eu-north-1.amazonaws.com/gbg.serviceguiden/61e0a2b1cfc4d247cca9b3f3_636291bc118251387c0fd633_large.jpg",
                        "large2x": "https://s3.eu-north-1.amazonaws.com/gbg.serviceguiden/61e0a2b1cfc4d247cca9b3f3_636291bc118251387c0fd633_large_2x.jpg",
                        "altText": "Bilden föreställer en gul byggnad med vita fönsterkarmar. Framför byggnaden finns en klätterställning med ruschkana. ",
                        "description": "Foto: Davide Panzino"
                    }
                ],
                "todaysOpeningHours": {
                    "date": "2026-09-17",
                    "entries": []
                }
            }
        },
        {
            "type": "Feature",
            "geometry": {
                "type": "Point",
                "coordinates": [
                    11.946563725993744,
                    57.69178335189013
                ]
            },
            "properties": {
                "id": "61e0a2b1cfc4d247cca9b40b",
                "name": "Grodden i Slottsskogen",
                "businessId": 2616,
                "visitingAddress": "Jungmansgatan 49B",
                "description": "<p>Det här är en fristående förskola. Kontakta förskolan om du vill veta mer om deras verksamhet.</p>",
                "todaysOpeningHours": {
                    "date": "2026-09-17",
                    "entries": []
                }
            }
        },
        {
            "type": "Feature",
            "geometry": {
                "type": "Point",
                "coordinates": [
                    12.034933278910264,
                    57.78277621215926
                ]
            },
            "properties": {
                "id": "61e0a2b1cfc4d247cca9b431",
                "name": "Gropens gård 36 förskola",
                "businessId": 5362,
                "visitingAddress": "Gropens Gård 36",
                "images": [
                    {
                        "small": "https://s3.eu-north-1.amazonaws.com/gbg.serviceguiden/61e0a2b1cfc4d247cca9b431_636d10bb118251387cb66cd4_small.jpg",
                        "small2x": "https://s3.eu-north-1.amazonaws.com/gbg.serviceguiden/61e0a2b1cfc4d247cca9b431_636d10bb118251387cb66cd4_small_2x.jpg",
                        "medium": "https://s3.eu-north-1.amazonaws.com/gbg.serviceguiden/61e0a2b1cfc4d247cca9b431_636d10bb118251387cb66cd4_medium.jpg",
                        "medium2x": "https://s3.eu-north-1.amazonaws.com/gbg.serviceguiden/61e0a2b1cfc4d247cca9b431_636d10bb118251387cb66cd4_medium_2x.jpg",
                        "large": "https://s3.eu-north-1.amazonaws.com/gbg.serviceguiden/61e0a2b1cfc4d247cca9b431_636d10bb118251387cb66cd4_large.jpg",
                        "large2x": "https://s3.eu-north-1.amazonaws.com/gbg.serviceguiden/61e0a2b1cfc4d247cca9b431_636d10bb118251387cb66cd4_large_2x.jpg",
                        "altText": "Bilden föreställer en gul byggnad med en förskolegård. På gården finns gungor, en sandlåda, förråd och träd.",
                        "description": "Foto: Davide Panzino"
                    }
                ],
                "todaysOpeningHours": {
                    "date": "2026-09-17",
                    "entries": []
                }
            }
        },
        {
            "type": "Feature",
            "geometry": {
                "type": "Point",
                "coordinates": [
                    11.9318057792325,
                    57.72649115824341
                ]
            },
            "properties": {
                "id": "61e0a2b2cfc4d247cca9b4a9",
                "name": "Gryningen",
                "businessId": 300,
                "visitingAddress": "Fyrklöversgatan 58",
                "description": "<p>Det här är en fristående förskola. Kontakta förskolan om du vill veta mer om deras verksamhet.</p>",
                "todaysOpeningHours": {
                    "date": "2026-09-17",
                    "entries": []
                }
            }
        },
        {
            "type": "Feature",
            "geometry": {
                "type": "Point",
                "coordinates": [
                    11.786241234969394,
                    57.57063389661027
                ]
            },
            "properties": {
                "id": "61e0a2b2cfc4d247cca9b52e",
                "name": "Grållekroksvägen 4–8 förskola",
                "businessId": 3015,
                "visitingAddress": "Grållekroksvägen 4",
                "images": [
                    {
                        "small": "https://s3.eu-north-1.amazonaws.com/gbg.serviceguiden/61e0a2b2cfc4d247cca9b52e_6374da1d3b1f9e7372200a5b_small.jpg",
                        "small2x": "https://s3.eu-north-1.amazonaws.com/gbg.serviceguiden/61e0a2b2cfc4d247cca9b52e_6374da1d3b1f9e7372200a5b_small_2x.jpg",
                        "medium": "https://s3.eu-north-1.amazonaws.com/gbg.serviceguiden/61e0a2b2cfc4d247cca9b52e_6374da1d3b1f9e7372200a5b_medium.jpg",
                        "medium2x": "https://s3.eu-north-1.amazonaws.com/gbg.serviceguiden/61e0a2b2cfc4d247cca9b52e_6374da1d3b1f9e7372200a5b_medium_2x.jpg",
                        "large": "https://s3.eu-north-1.amazonaws.com/gbg.serviceguiden/61e0a2b2cfc4d247cca9b52e_6374da1d3b1f9e7372200a5b_large.jpg",
                        "large2x": "https://s3.eu-north-1.amazonaws.com/gbg.serviceguiden/61e0a2b2cfc4d247cca9b52e_6374da1d3b1f9e7372200a5b_large_2x.jpg",
                        "altText": "Bilden föreställer en byggnad och en uteplats med en klätterställning och ett växthus. ",
                        "description": "Foto: Davide Panzino"
                    }
                ],
                "todaysOpeningHours": {
                    "date": "2026-09-17",
                    "entries": []
                }
            }
        },
        {
            "type": "Feature",
            "geometry": {
                "type": "Point",
                "coordinates": [
                    11.909209758954345,
                    57.7125292416497
                ]
            },
            "properties": {
                "id": "61e0a27acfc4d247cca98a82",
                "name": "Grönebackens Gata 19 förskola",
                "businessId": 1235,
                "visitingAddress": "Grönebackens Gata 19",
                "images": [
                    {
                        "small": "https://s3.eu-north-1.amazonaws.com/gbg.serviceguiden/61e0a27acfc4d247cca98a82_63613653118251387cf85ebc_small.jpg",
                        "small2x": "https://s3.eu-north-1.amazonaws.com/gbg.serviceguiden/61e0a27acfc4d247cca98a82_63613653118251387cf85ebc_small_2x.jpg",
                        "medium": "https://s3.eu-north-1.amazonaws.com/gbg.serviceguiden/61e0a27acfc4d247cca98a82_63613653118251387cf85ebc_medium.jpg",
                        "medium2x": "https://s3.eu-north-1.amazonaws.com/gbg.serviceguiden/61e0a27acfc4d247cca98a82_63613653118251387cf85ebc_medium_2x.jpg",
                        "large": "https://s3.eu-north-1.amazonaws.com/gbg.serviceguiden/61e0a27acfc4d247cca98a82_63613653118251387cf85ebc_large.jpg",
                        "large2x": "https://s3.eu-north-1.amazonaws.com/gbg.serviceguiden/61e0a27acfc4d247cca98a82_63613653118251387cf85ebc_large_2x.jpg",
                        "altText": "Bilden föreställer en ljus hörnbyggnad med rosa persienner. Framför byggnaden finns en lekplats med en lekstuga, en ruschkana, utomhusbänkar och gunghästar. ",
                        "description": "Foto: Davide Panzino"
                    }
                ],
                "todaysOpeningHours": {
                    "date": "2026-09-17",
                    "entries": []
                }
            }
        },
        {
            "type": "Feature",
            "geometry": {
                "type": "Point",
                "coordinates": [
                    12.018419516131413,
                    57.7000647729178
                ]
            },
            "properties": {
                "id": "61e0a2b4cfc4d247cca9b750",
                "name": "Gunn Wållgrens Gata 3B förskola",
                "businessId": 5871,
                "visitingAddress": "Gunn Wållgrens Gata 3B",
                "images": [
                    {
                        "small": "https://s3.eu-north-1.amazonaws.com/gbg.serviceguiden/61e0a2b4cfc4d247cca9b750_63511e9d118251387cde4bb9_small.jpg",
                        "small2x": "https://s3.eu-north-1.amazonaws.com/gbg.serviceguiden/61e0a2b4cfc4d247cca9b750_63511e9d118251387cde4bb9_small_2x.jpg",
                        "medium": "https://s3.eu-north-1.amazonaws.com/gbg.serviceguiden/61e0a2b4cfc4d247cca9b750_63511e9d118251387cde4bb9_medium.jpg",
                        "medium2x": "https://s3.eu-north-1.amazonaws.com/gbg.serviceguiden/61e0a2b4cfc4d247cca9b750_63511e9d118251387cde4bb9_medium_2x.jpg",
                        "large": "https://s3.eu-north-1.amazonaws.com/gbg.serviceguiden/61e0a2b4cfc4d247cca9b750_63511e9d118251387cde4bb9_large.jpg",
                        "large2x": "https://s3.eu-north-1.amazonaws.com/gbg.serviceguiden/61e0a2b4cfc4d247cca9b750_63511e9d118251387cde4bb9_large_2x.jpg",
                        "altText": "Bilden föreställer en grå tegelbyggnad med en grön dörr. Framför ingången finns en sandlåda med ett bord. ",
                        "description": "Foto: Davide Panzino"
                    }
                ],
                "todaysOpeningHours": {
                    "date": "2026-09-17",
                    "entries": []
                }
            }
        },
        {
            "type": "Feature",
            "geometry": {
                "type": "Point",
                "coordinates": [
                    12.087389313495384,
                    57.786143552447385
                ]
            },
            "properties": {
                "id": "61e0a2b6cfc4d247cca9b89c",
                "name": "Gunnilse Skolväg 3 förskola",
                "businessId": 3077,
                "visitingAddress": "Gunnilse Skolväg 3",
                "images": [
                    {
                        "small": "https://s3.eu-north-1.amazonaws.com/gbg.serviceguiden/61e0a2b6cfc4d247cca9b89c_636d115b118251387cb67a60_small.jpg",
                        "small2x": "https://s3.eu-north-1.amazonaws.com/gbg.serviceguiden/61e0a2b6cfc4d247cca9b89c_636d115b118251387cb67a60_small_2x.jpg",
                        "medium": "https://s3.eu-north-1.amazonaws.com/gbg.serviceguiden/61e0a2b6cfc4d247cca9b89c_636d115b118251387cb67a60_medium.jpg",
                        "medium2x": "https://s3.eu-north-1.amazonaws.com/gbg.serviceguiden/61e0a2b6cfc4d247cca9b89c_636d115b118251387cb67a60_medium_2x.jpg",
                        "large": "https://s3.eu-north-1.amazonaws.com/gbg.serviceguiden/61e0a2b6cfc4d247cca9b89c_636d115b118251387cb67a60_large.jpg",
                        "large2x": "https://s3.eu-north-1.amazonaws.com/gbg.serviceguiden/61e0a2b6cfc4d247cca9b89c_636d115b118251387cb67a60_large_2x.jpg",
                        "altText": "Bilden föreställer en gul byggnad med en förskolegård med en sandlåda, en ruschkana och krukor med växter.",
                        "description": "Foto: Heléne Lindblom Artfors"
                    }
                ],
                "todaysOpeningHours": {
                    "date": "2026-09-17",
                    "entries": []
                }
            }
        },
        {
            "type": "Feature",
            "geometry": {
                "type": "Point",
                "coordinates": [
                    11.945601061496498,
                    57.72285277494024
                ]
            },
            "properties": {
                "id": "61e0a2b7cfc4d247cca9b95e",
                "name": "Gustaf Dalénsgatan 7D förskola",
                "businessId": 5347,
                "visitingAddress": "Gustaf Dalénsgatan 7D",
                "images": [
                    {
                        "small": "https://s3.eu-north-1.amazonaws.com/gbg.serviceguiden/61e0a2b7cfc4d247cca9b95e_636292d5118251387c0fe792_small.jpg",
                        "small2x": "https://s3.eu-north-1.amazonaws.com/gbg.serviceguiden/61e0a2b7cfc4d247cca9b95e_636292d5118251387c0fe792_small_2x.jpg",
                        "medium": "https://s3.eu-north-1.amazonaws.com/gbg.serviceguiden/61e0a2b7cfc4d247cca9b95e_636292d5118251387c0fe792_medium.jpg",
                        "medium2x": "https://s3.eu-north-1.amazonaws.com/gbg.serviceguiden/61e0a2b7cfc4d247cca9b95e_636292d5118251387c0fe792_medium_2x.jpg",
                        "large": "https://s3.eu-north-1.amazonaws.com/gbg.serviceguiden/61e0a2b7cfc4d247cca9b95e_636292d5118251387c0fe792_large.jpg",
                        "large2x": "https://s3.eu-north-1.amazonaws.com/gbg.serviceguiden/61e0a2b7cfc4d247cca9b95e_636292d5118251387c0fe792_large_2x.jpg",
                        "altText": "Bilden föreställer en sandlåda med en leksaksbil och en ruschkana. Bakom lekplatsen finns en grå byggnad.",
                        "description": "Foto: Peter Nilsson"
                    }
                ],
                "todaysOpeningHours": {
                    "date": "2026-09-17",
                    "entries": []
                }
            }
        },
        {
            "type": "Feature",
            "geometry": {
                "type": "Point",
                "coordinates": [
                    11.904544473489121,
                    57.65675147398043
                ]
            },
            "properties": {
                "id": "61e0a2b8cfc4d247cca9ba0e",
                "name": "Gånglåten 31 förskola (dag-, kväll- och helgomsorg)",
                "businessId": 4915,
                "visitingAddress": "Gånglåten 31",
                "images": [
                    {
                        "small": "https://s3.eu-north-1.amazonaws.com/gbg.serviceguiden/61e0a2b8cfc4d247cca9ba0e_6761421e3a54475efaf019c5_small.jpg",
                        "small2x": "https://s3.eu-north-1.amazonaws.com/gbg.serviceguiden/61e0a2b8cfc4d247cca9ba0e_6761421e3a54475efaf019c5_small_2x.jpg",
                        "medium": "https://s3.eu-north-1.amazonaws.com/gbg.serviceguiden/61e0a2b8cfc4d247cca9ba0e_6761421e3a54475efaf019c5_medium.jpg",
                        "medium2x": "https://s3.eu-north-1.amazonaws.com/gbg.serviceguiden/61e0a2b8cfc4d247cca9ba0e_6761421e3a54475efaf019c5_medium_2x.jpg",
                        "large": "https://s3.eu-north-1.amazonaws.com/gbg.serviceguiden/61e0a2b8cfc4d247cca9ba0e_6761421e3a54475efaf019c5_large.jpg",
                        "large2x": "https://s3.eu-north-1.amazonaws.com/gbg.serviceguiden/61e0a2b8cfc4d247cca9ba0e_6761421e3a54475efaf019c5_large_2x.jpg",
                        "altText": "Bild på en gul byggnad med sandlåda och en röd lekstuga framför.",
                        "description": "Dagverksamheten sker på Munspelsgatan 6."
                    }
                ],
                "todaysOpeningHours": {
                    "date": "2026-09-17",
                    "entries": []
                }
            }
        },
        {
            "type": "Feature",
            "geometry": {
                "type": "Point",
                "coordinates": [
                    11.943181390079907,
                    57.709273300183334
                ]
            },
            "properties": {
                "id": "61e0a2bbcfc4d247cca9bc63",
                "name": "Götaverksgatan 22 förskola",
                "businessId": 6463,
                "visitingAddress": "Götaverksgatan 22",
                "images": [
                    {
                        "small": "https://s3.eu-north-1.amazonaws.com/gbg.serviceguiden/61e0a2bbcfc4d247cca9bc63_63629352118251387c0fee5e_small.jpg",
                        "small2x": "https://s3.eu-north-1.amazonaws.com/gbg.serviceguiden/61e0a2bbcfc4d247cca9bc63_63629352118251387c0fee5e_small_2x.jpg",
                        "medium": "https://s3.eu-north-1.amazonaws.com/gbg.serviceguiden/61e0a2bbcfc4d247cca9bc63_63629352118251387c0fee5e_medium.jpg",
                        "medium2x": "https://s3.eu-north-1.amazonaws.com/gbg.serviceguiden/61e0a2bbcfc4d247cca9bc63_63629352118251387c0fee5e_medium_2x.jpg",
                        "large": "https://s3.eu-north-1.amazonaws.com/gbg.serviceguiden/61e0a2bbcfc4d247cca9bc63_63629352118251387c0fee5e_large.jpg",
                        "large2x": "https://s3.eu-north-1.amazonaws.com/gbg.serviceguiden/61e0a2bbcfc4d247cca9bc63_63629352118251387c0fee5e_large_2x.jpg",
                        "altText": "Bilden föreställer en röd byggnad och en grå byggnad. Framför byggnaderna finns en uteplats med träd och förråd.",
                        "description": "Foto: Davide Panzino"
                    }
                ],
                "todaysOpeningHours": {
                    "date": "2026-09-17",
                    "entries": []
                }
            }
        },
        {
            "type": "Feature",
            "geometry": {
                "type": "Point",
                "coordinates": [
                    12.01349203438309,
                    57.71814340547914
                ]
            },
            "properties": {
                "id": "61e0a2bbcfc4d247cca9bc94",
                "name": "Götebojarnas förskola",
                "businessId": 3009,
                "visitingAddress": "Landerigatan 9",
                "description": "<p>Det här är en fristående förskola. Kontakta förskolan om du vill veta mer om deras verksamhet.</p>",
                "todaysOpeningHours": {
                    "date": "2026-09-17",
                    "entries": []
                }
            }
        },
        {
            "type": "Feature",
            "geometry": {
                "type": "Point",
                "coordinates": [
                    11.964337947161784,
                    57.69475189817048
                ]
            },
            "properties": {
                "id": "61e0a2bdcfc4d247cca9bdce",
                "name": "Göteborgs Högre Samskola Förskola",
                "businessId": 2974,
                "visitingAddress": "Föreningsgatan 13",
                "description": "<p>Det här är en fristående förskola. Kontakta förskolan om du vill veta mer om deras verksamhet.</p>",
                "todaysOpeningHours": {
                    "date": "2026-09-17",
                    "entries": []
                }
            }
        },
        {
            "type": "Feature",
            "geometry": {
                "type": "Point",
                "coordinates": [
                    12.00898907968647,
                    57.691098900370626
                ]
            },
            "properties": {
                "id": "61e0a2c0cfc4d247cca9c01d",
                "name": "Hackspettsgatan 1-7 förskola",
                "businessId": 1683,
                "visitingAddress": "Hackspettsgatan 1",
                "images": [
                    {
                        "small": "https://s3.eu-north-1.amazonaws.com/gbg.serviceguiden/61e0a2c0cfc4d247cca9c01d_63511f20118251387cdeb1b8_small.jpg",
                        "small2x": "https://s3.eu-north-1.amazonaws.com/gbg.serviceguiden/61e0a2c0cfc4d247cca9c01d_63511f20118251387cdeb1b8_small_2x.jpg",
                        "medium": "https://s3.eu-north-1.amazonaws.com/gbg.serviceguiden/61e0a2c0cfc4d247cca9c01d_63511f20118251387cdeb1b8_medium.jpg",
                        "medium2x": "https://s3.eu-north-1.amazonaws.com/gbg.serviceguiden/61e0a2c0cfc4d247cca9c01d_63511f20118251387cdeb1b8_medium_2x.jpg",
                        "large": "https://s3.eu-north-1.amazonaws.com/gbg.serviceguiden/61e0a2c0cfc4d247cca9c01d_63511f20118251387cdeb1b8_large.jpg",
                        "large2x": "https://s3.eu-north-1.amazonaws.com/gbg.serviceguiden/61e0a2c0cfc4d247cca9c01d_63511f20118251387cdeb1b8_large_2x.jpg",
                        "altText": "Bilden föreställer en gul träbyggnad. Framför byggnaden finns en lekplats med en gunga, klätterställning och rutschbana. Runt lekplatsen finns gröna träd.",
                        "description": "Foto: Davide Panzino"
                    }
                ],
                "todaysOpeningHours": {
                    "date": "2026-09-17",
                    "entries": []
                }
            }
        },
        {
            "type": "Feature",
            "geometry": {
                "type": "Point",
                "coordinates": [
                    11.956670072802599,
                    57.6983670091819
                ]
            },
            "properties": {
                "id": "61e0a2c1cfc4d247cca9c091",
                "name": "Haga Nygata 17 förskola",
                "businessId": 2607,
                "visitingAddress": "Haga Nygata 17",
                "images": [
                    {
                        "small": "https://s3.eu-north-1.amazonaws.com/gbg.serviceguiden/61e0a2c1cfc4d247cca9c091_63512088118251387cdf543c_small.jpg",
                        "small2x": "https://s3.eu-north-1.amazonaws.com/gbg.serviceguiden/61e0a2c1cfc4d247cca9c091_63512088118251387cdf543c_small_2x.jpg",
                        "medium": "https://s3.eu-north-1.amazonaws.com/gbg.serviceguiden/61e0a2c1cfc4d247cca9c091_63512088118251387cdf543c_medium.jpg",
                        "medium2x": "https://s3.eu-north-1.amazonaws.com/gbg.serviceguiden/61e0a2c1cfc4d247cca9c091_63512088118251387cdf543c_medium_2x.jpg",
                        "large": "https://s3.eu-north-1.amazonaws.com/gbg.serviceguiden/61e0a2c1cfc4d247cca9c091_63512088118251387cdf543c_large.jpg",
                        "large2x": "https://s3.eu-north-1.amazonaws.com/gbg.serviceguiden/61e0a2c1cfc4d247cca9c091_63512088118251387cdf543c_large_2x.jpg",
                        "altText": "Bilden föreställer en tegelbyggnad. Framför byggnaden finns en lekplats med bänkar, en blå lekställning, en röd stående gunghäst. ",
                        "description": "Foto: Davide Panzino. Förskolan har byggnader på två adresser. På bilden visas Haga Nygata 17. "
                    }
                ],
                "todaysOpeningHours": {
                    "date": "2026-09-17",
                    "entries": []
                }
            }
        },
        {
            "type": "Feature",
            "geometry": {
                "type": "Point",
                "coordinates": [
                    11.883863519314684,
                    57.67628230627477
                ]
            },
            "properties": {
                "id": "61e0a2c2cfc4d247cca9c13c",
                "name": "Hagens Kapellväg 4 förskola",
                "businessId": 1632,
                "visitingAddress": "Hagens Kapellväg 4",
                "images": [
                    {
                        "small": "https://s3.eu-north-1.amazonaws.com/gbg.serviceguiden/61e0a2c2cfc4d247cca9c13c_6374e1be3b1f9e737220b212_small.jpg",
                        "small2x": "https://s3.eu-north-1.amazonaws.com/gbg.serviceguiden/61e0a2c2cfc4d247cca9c13c_6374e1be3b1f9e737220b212_small_2x.jpg",
                        "medium": "https://s3.eu-north-1.amazonaws.com/gbg.serviceguiden/61e0a2c2cfc4d247cca9c13c_6374e1be3b1f9e737220b212_medium.jpg",
                        "medium2x": "https://s3.eu-north-1.amazonaws.com/gbg.serviceguiden/61e0a2c2cfc4d247cca9c13c_6374e1be3b1f9e737220b212_medium_2x.jpg",
                        "large": "https://s3.eu-north-1.amazonaws.com/gbg.serviceguiden/61e0a2c2cfc4d247cca9c13c_6374e1be3b1f9e737220b212_large.jpg",
                        "large2x": "https://s3.eu-north-1.amazonaws.com/gbg.serviceguiden/61e0a2c2cfc4d247cca9c13c_6374e1be3b1f9e737220b212_large_2x.jpg",
                        "altText": "Bilden föreställer en två träbyggnader och en förskolegård med en bänk i regnbågens färger. ",
                        "description": "Foto: Davide Panzino"
                    }
                ],
                "todaysOpeningHours": {
                    "date": "2026-09-17",
                    "entries": []
                }
            }
        },
        {
            "type": "Feature",
            "geometry": {
                "type": "Point",
                "coordinates": [
                    11.938555027053088,
                    57.61608436602678
                ]
            },
            "properties": {
                "id": "61e0a2c3cfc4d247cca9c1ea",
                "name": "Hagvidson Fyreviken",
                "businessId": 2563,
                "visitingAddress": "Hovåsvägen 1",
                "description": "<p>Det här är en fristående förskola. Kontakta förskolan om du vill veta mer om deras verksamhet.</p>",
                "todaysOpeningHours": {
                    "date": "2026-09-17",
                    "entries": []
                }
            }
        },
        {
            "type": "Feature",
            "geometry": {
                "type": "Point",
                "coordinates": [
                    11.900093466977005,
                    57.72062650579822
                ]
            },
            "properties": {
                "id": "61e0a2c3cfc4d247cca9c212",
                "name": "Hakefjordsgatan 119 förskola",
                "businessId": 156,
                "visitingAddress": "Hakefjordsgatan 119",
                "images": [
                    {
                        "small": "https://s3.eu-north-1.amazonaws.com/gbg.serviceguiden/61e0a2c3cfc4d247cca9c212_6362949c118251387c1005cf_small.jpg",
                        "small2x": "https://s3.eu-north-1.amazonaws.com/gbg.serviceguiden/61e0a2c3cfc4d247cca9c212_6362949c118251387c1005cf_small_2x.jpg",
                        "medium": "https://s3.eu-north-1.amazonaws.com/gbg.serviceguiden/61e0a2c3cfc4d247cca9c212_6362949c118251387c1005cf_medium.jpg",
                        "medium2x": "https://s3.eu-north-1.amazonaws.com/gbg.serviceguiden/61e0a2c3cfc4d247cca9c212_6362949c118251387c1005cf_medium_2x.jpg",
                        "large": "https://s3.eu-north-1.amazonaws.com/gbg.serviceguiden/61e0a2c3cfc4d247cca9c212_6362949c118251387c1005cf_large.jpg",
                        "large2x": "https://s3.eu-north-1.amazonaws.com/gbg.serviceguiden/61e0a2c3cfc4d247cca9c212_6362949c118251387c1005cf_large_2x.jpg",
                        "altText": "Bilden föreställer en byggnad. Framför byggnaden finns en uteplats med en gräsplätt, en leksaksbåt, träd och stenbumlingar.",
                        "description": "Foto: Davide Panzino"
                    }
                ],
                "todaysOpeningHours": {
                    "date": "2026-09-17",
                    "entries": []
                }
            }
        },
        {
            "type": "Feature",
            "geometry": {
                "type": "Point",
                "coordinates": [
                    11.982876378782123,
                    57.70281351410781
                ]
            },
            "properties": {
                "id": "61e0a2c3cfc4d247cca9c249",
                "name": "Hallandsgatan 7 förskola",
                "businessId": 218,
                "visitingAddress": "Hallandsgatan 7",
                "images": [
                    {
                        "small": "https://s3.eu-north-1.amazonaws.com/gbg.serviceguiden/61e0a2c3cfc4d247cca9c249_6a1fcf11d821e8478273a734_small.jpg",
                        "small2x": "https://s3.eu-north-1.amazonaws.com/gbg.serviceguiden/61e0a2c3cfc4d247cca9c249_6a1fcf11d821e8478273a734_small_2x.jpg",
                        "medium": "https://s3.eu-north-1.amazonaws.com/gbg.serviceguiden/61e0a2c3cfc4d247cca9c249_6a1fcf11d821e8478273a734_medium.jpg",
                        "medium2x": "https://s3.eu-north-1.amazonaws.com/gbg.serviceguiden/61e0a2c3cfc4d247cca9c249_6a1fcf11d821e8478273a734_medium_2x.jpg",
                        "large": "https://s3.eu-north-1.amazonaws.com/gbg.serviceguiden/61e0a2c3cfc4d247cca9c249_6a1fcf11d821e8478273a734_large.jpg",
                        "large2x": "https://s3.eu-north-1.amazonaws.com/gbg.serviceguiden/61e0a2c3cfc4d247cca9c249_6a1fcf11d821e8478273a734_large_2x.jpg",
                        "altText": "Del av förskolans lekplats",
                        "description": "Foto: Davide Panzino"
                    }
                ],
                "todaysOpeningHours": {
                    "date": "2026-09-17",
                    "entries": []
                }
            }
        },
        {
            "type": "Feature",
            "geometry": {
                "type": "Point",
                "coordinates": [
                    12.042211604518148,
                    57.778150814780965
                ]
            },
            "properties": {
                "id": "61e0a2c4cfc4d247cca9c2d0",
                "name": "Hammarkroken 1 förskola",
                "businessId": 1307,
                "visitingAddress": "Hammarkroken 1",
                "images": [
                    {
                        "small": "https://s3.eu-north-1.amazonaws.com/gbg.serviceguiden/61e0a2c4cfc4d247cca9c2d0_636d121e118251387cb688e9_small.jpg",
                        "small2x": "https://s3.eu-north-1.amazonaws.com/gbg.serviceguiden/61e0a2c4cfc4d247cca9c2d0_636d121e118251387cb688e9_small_2x.jpg",
                        "medium": "https://s3.eu-north-1.amazonaws.com/gbg.serviceguiden/61e0a2c4cfc4d247cca9c2d0_636d121e118251387cb688e9_medium.jpg",
                        "medium2x": "https://s3.eu-north-1.amazonaws.com/gbg.serviceguiden/61e0a2c4cfc4d247cca9c2d0_636d121e118251387cb688e9_medium_2x.jpg",
                        "large": "https://s3.eu-north-1.amazonaws.com/gbg.serviceguiden/61e0a2c4cfc4d247cca9c2d0_636d121e118251387cb688e9_large.jpg",
                        "large2x": "https://s3.eu-north-1.amazonaws.com/gbg.serviceguiden/61e0a2c4cfc4d247cca9c2d0_636d121e118251387cb688e9_large_2x.jpg",
                        "altText": "Bilden föreställer en röd byggnad med vita fönsterkarmar. Utanför byggnaden finns en förskolegård med en ruschkana och en gunghäst. ",
                        "description": "Foto: Davide Panzino"
                    }
                ],
                "todaysOpeningHours": {
                    "date": "2026-09-17",
                    "entries": []
                }
            }
        },
        {
            "type": "Feature",
            "geometry": {
                "type": "Point",
                "coordinates": [
                    12.0386457422009,
                    57.78152168661961
                ]
            },
            "properties": {
                "id": "61e0a2c4cfc4d247cca9c2f4",
                "name": "Hammarkullegatan 3 förskola",
                "businessId": 2173,
                "visitingAddress": "Hammarkullegatan 3",
                "todaysOpeningHours": {
                    "date": "2026-09-17",
                    "entries": []
                }
            }
        },
        {
            "type": "Feature",
            "geometry": {
                "type": "Point",
                "coordinates": [
                    12.036170719123682,
                    57.781625395167914
                ]
            },
            "properties": {
                "id": "61e0a2c4cfc4d247cca9c31a",
                "name": "Hammarkullegatan 5 förskola",
                "businessId": 1308,
                "visitingAddress": "Hammarkullegatan 5",
                "description": "<p>Förskolan är stängd. Verksamheten har flyttat in till förskolan på Hammarkroken 1. </p>",
                "todaysOpeningHours": {
                    "date": "2026-09-17",
                    "entries": []
                }
            }
        },
        {
            "type": "Feature",
            "geometry": {
                "type": "Point",
                "coordinates": [
                    11.899668518447115,
                    57.62467699648669
                ]
            },
            "properties": {
                "id": "61e0a2c6cfc4d247cca9c4e0",
                "name": "Hammarvägen 4A förskola",
                "businessId": 4188,
                "visitingAddress": "Hammarvägen 4A",
                "images": [
                    {
                        "small": "https://s3.eu-north-1.amazonaws.com/gbg.serviceguiden/61e0a2c6cfc4d247cca9c4e0_6a4e0ac0a6447f1ed7d7062e_small.jpg",
                        "small2x": "https://s3.eu-north-1.amazonaws.com/gbg.serviceguiden/61e0a2c6cfc4d247cca9c4e0_6a4e0ac0a6447f1ed7d7062e_small_2x.jpg",
                        "medium": "https://s3.eu-north-1.amazonaws.com/gbg.serviceguiden/61e0a2c6cfc4d247cca9c4e0_6a4e0ac0a6447f1ed7d7062e_medium.jpg",
                        "medium2x": "https://s3.eu-north-1.amazonaws.com/gbg.serviceguiden/61e0a2c6cfc4d247cca9c4e0_6a4e0ac0a6447f1ed7d7062e_medium_2x.jpg",
                        "large": "https://s3.eu-north-1.amazonaws.com/gbg.serviceguiden/61e0a2c6cfc4d247cca9c4e0_6a4e0ac0a6447f1ed7d7062e_large.jpg",
                        "large2x": "https://s3.eu-north-1.amazonaws.com/gbg.serviceguiden/61e0a2c6cfc4d247cca9c4e0_6a4e0ac0a6447f1ed7d7062e_large_2x.jpg",
                        "altText": "Gul byggnad i ett plan med sandlåda och lekutrustning framför.",
                        "description": "Hammarvägen 4A. Foto: Davide Panzino"
                    }
                ],
                "todaysOpeningHours": {
                    "date": "2026-09-17",
                    "entries": []
                }
            }
        },
        {
            "type": "Feature",
            "geometry": {
                "type": "Point",
                "coordinates": [
                    12.027472912138995,
                    57.73534371222728
                ]
            },
            "properties": {
                "id": "61e0a2c9cfc4d247cca9c6fe",
                "name": "Hinderbanan 1 förskola",
                "businessId": 4623,
                "visitingAddress": "Hinderbanan 1",
                "images": [
                    {
                        "small": "https://s3.eu-north-1.amazonaws.com/gbg.serviceguiden/61e0a2c9cfc4d247cca9c6fe_636d127b118251387cb690c3_small.jpg",
                        "small2x": "https://s3.eu-north-1.amazonaws.com/gbg.serviceguiden/61e0a2c9cfc4d247cca9c6fe_636d127b118251387cb690c3_small_2x.jpg",
                        "medium": "https://s3.eu-north-1.amazonaws.com/gbg.serviceguiden/61e0a2c9cfc4d247cca9c6fe_636d127b118251387cb690c3_medium.jpg",
                        "medium2x": "https://s3.eu-north-1.amazonaws.com/gbg.serviceguiden/61e0a2c9cfc4d247cca9c6fe_636d127b118251387cb690c3_medium_2x.jpg",
                        "large": "https://s3.eu-north-1.amazonaws.com/gbg.serviceguiden/61e0a2c9cfc4d247cca9c6fe_636d127b118251387cb690c3_large.jpg",
                        "large2x": "https://s3.eu-north-1.amazonaws.com/gbg.serviceguiden/61e0a2c9cfc4d247cca9c6fe_636d127b118251387cb690c3_large_2x.jpg",
                        "altText": "Bilden föreställer en allé som leder till en byggnad.",
                        "description": "Foto: Davide Panzino"
                    }
                ],
                "todaysOpeningHours": {
                    "date": "2026-09-17",
                    "entries": []
                }
            }
        },
        {
            "type": "Feature",
            "geometry": {
                "type": "Point",
                "coordinates": [
                    11.726706792969464,
                    57.71396197305684
                ]
            },
            "properties": {
                "id": "61e0a2cccfc4d247cca9c8a4",
                "name": "Hjuviks Fyrs förskola",
                "businessId": 294,
                "visitingAddress": "Torslanda Hästeviks Väg 12",
                "description": "<p>Det här är en fristående förskola. Kontakta förskolan om du vill veta mer om deras verksamhet.</p>",
                "todaysOpeningHours": {
                    "date": "2026-09-17",
                    "entries": []
                }
            }
        },
        {
            "type": "Feature",
            "geometry": {
                "type": "Point",
                "coordinates": [
                    11.919614882158424,
                    57.63561456790631
                ]
            },
            "properties": {
                "id": "61e0a2cecfc4d247cca9ca5e",
                "name": "Holmenstyr",
                "businessId": 2564,
                "visitingAddress": "Gjutegården 7A",
                "description": "<p>Det här är en fristående förskola. Kontakta förskolan om du vill veta mer om deras verksamhet.</p>",
                "todaysOpeningHours": {
                    "date": "2026-09-17",
                    "entries": []
                }
            }
        },
        {
            "type": "Feature",
            "geometry": {
                "type": "Point",
                "coordinates": [
                    11.939840940173811,
                    57.640262220048186
                ]
            },
            "properties": {
                "id": "61e0a2d1cfc4d247cca9cd1c",
                "name": "Hyltevägen 1 förskola",
                "businessId": 27,
                "visitingAddress": "Hyltevägen 1",
                "images": [
                    {
                        "small": "https://s3.eu-north-1.amazonaws.com/gbg.serviceguiden/61e0a2d1cfc4d247cca9cd1c_6374d4ba3b1f9e73721f7a74_small.jpg",
                        "small2x": "https://s3.eu-north-1.amazonaws.com/gbg.serviceguiden/61e0a2d1cfc4d247cca9cd1c_6374d4ba3b1f9e73721f7a74_small_2x.jpg",
                        "medium": "https://s3.eu-north-1.amazonaws.com/gbg.serviceguiden/61e0a2d1cfc4d247cca9cd1c_6374d4ba3b1f9e73721f7a74_medium.jpg",
                        "medium2x": "https://s3.eu-north-1.amazonaws.com/gbg.serviceguiden/61e0a2d1cfc4d247cca9cd1c_6374d4ba3b1f9e73721f7a74_medium_2x.jpg",
                        "large": "https://s3.eu-north-1.amazonaws.com/gbg.serviceguiden/61e0a2d1cfc4d247cca9cd1c_6374d4ba3b1f9e73721f7a74_large.jpg",
                        "large2x": "https://s3.eu-north-1.amazonaws.com/gbg.serviceguiden/61e0a2d1cfc4d247cca9cd1c_6374d4ba3b1f9e73721f7a74_large_2x.jpg",
                        "altText": "Bilden föreställer en gul byggnad med en röd dörr. ",
                        "description": "Foto: Peter Nilsson"
                    }
                ],
                "todaysOpeningHours": {
                    "date": "2026-09-17",
                    "entries": []
                }
            }
        },
        {
            "type": "Feature",
            "geometry": {
                "type": "Point",
                "coordinates": [
                    11.938160814008247,
                    57.64130303747082
                ]
            },
            "properties": {
                "id": "61e0a2d1cfc4d247cca9cd3e",
                "name": "Hyltevägen 51 förskola",
                "businessId": 28,
                "visitingAddress": "Hyltevägen 51",
                "images": [
                    {
                        "small": "https://s3.eu-north-1.amazonaws.com/gbg.serviceguiden/61e0a2d1cfc4d247cca9cd3e_6374ef5b3b1f9e7372221cff_small.jpg",
                        "small2x": "https://s3.eu-north-1.amazonaws.com/gbg.serviceguiden/61e0a2d1cfc4d247cca9cd3e_6374ef5b3b1f9e7372221cff_small_2x.jpg",
                        "medium": "https://s3.eu-north-1.amazonaws.com/gbg.serviceguiden/61e0a2d1cfc4d247cca9cd3e_6374ef5b3b1f9e7372221cff_medium.jpg",
                        "medium2x": "https://s3.eu-north-1.amazonaws.com/gbg.serviceguiden/61e0a2d1cfc4d247cca9cd3e_6374ef5b3b1f9e7372221cff_medium_2x.jpg",
                        "large": "https://s3.eu-north-1.amazonaws.com/gbg.serviceguiden/61e0a2d1cfc4d247cca9cd3e_6374ef5b3b1f9e7372221cff_large.jpg",
                        "large2x": "https://s3.eu-north-1.amazonaws.com/gbg.serviceguiden/61e0a2d1cfc4d247cca9cd3e_6374ef5b3b1f9e7372221cff_large_2x.jpg",
                        "altText": "Bilden föreställer en röd byggnad och en klätterställning med staket runtom. ",
                        "description": "Foto: Peter Nilsson"
                    }
                ],
                "todaysOpeningHours": {
                    "date": "2026-09-17",
                    "entries": []
                }
            }
        },
        {
            "type": "Feature",
            "geometry": {
                "type": "Point",
                "coordinates": [
                    11.99885383174071,
                    57.70642519910484
                ]
            },
            "properties": {
                "id": "61e0a2d2cfc4d247cca9cda8",
                "name": "Häcklöparegatan 3 förskola",
                "businessId": 1690,
                "visitingAddress": "Häcklöparegatan 3",
                "images": [
                    {
                        "small": "https://s3.eu-north-1.amazonaws.com/gbg.serviceguiden/61e0a2d2cfc4d247cca9cda8_6a8c305dd821e84782288207_small.jpg",
                        "small2x": "https://s3.eu-north-1.amazonaws.com/gbg.serviceguiden/61e0a2d2cfc4d247cca9cda8_6a8c305dd821e84782288207_small_2x.jpg",
                        "medium": "https://s3.eu-north-1.amazonaws.com/gbg.serviceguiden/61e0a2d2cfc4d247cca9cda8_6a8c305dd821e84782288207_medium.jpg",
                        "medium2x": "https://s3.eu-north-1.amazonaws.com/gbg.serviceguiden/61e0a2d2cfc4d247cca9cda8_6a8c305dd821e84782288207_medium_2x.jpg",
                        "large": "https://s3.eu-north-1.amazonaws.com/gbg.serviceguiden/61e0a2d2cfc4d247cca9cda8_6a8c305dd821e84782288207_large.jpg",
                        "large2x": "https://s3.eu-north-1.amazonaws.com/gbg.serviceguiden/61e0a2d2cfc4d247cca9cda8_6a8c305dd821e84782288207_large_2x.jpg",
                        "altText": "Gul fasad, solceller på taket och en lekplats i förgrunden",
                        "description": "Foto: Stadsfastighetsförvaltningen"
                    }
                ],
                "todaysOpeningHours": {
                    "date": "2026-09-17",
                    "entries": []
                }
            }
        },
        {
            "type": "Feature",
            "geometry": {
                "type": "Point",
                "coordinates": [
                    11.932937400376098,
                    57.729890615638986
                ]
            },
            "properties": {
                "id": "61e0a2d2cfc4d247cca9cdc8",
                "name": "Hällskriftsgatan 1A förskola",
                "businessId": 1239,
                "visitingAddress": "Hällskriftsgatan 1A",
                "images": [
                    {
                        "small": "https://s3.eu-north-1.amazonaws.com/gbg.serviceguiden/61e0a2d2cfc4d247cca9cdc8_6363bad6118251387c214bb5_small.jpg",
                        "small2x": "https://s3.eu-north-1.amazonaws.com/gbg.serviceguiden/61e0a2d2cfc4d247cca9cdc8_6363bad6118251387c214bb5_small_2x.jpg",
                        "medium": "https://s3.eu-north-1.amazonaws.com/gbg.serviceguiden/61e0a2d2cfc4d247cca9cdc8_6363bad6118251387c214bb5_medium.jpg",
                        "medium2x": "https://s3.eu-north-1.amazonaws.com/gbg.serviceguiden/61e0a2d2cfc4d247cca9cdc8_6363bad6118251387c214bb5_medium_2x.jpg",
                        "large": "https://s3.eu-north-1.amazonaws.com/gbg.serviceguiden/61e0a2d2cfc4d247cca9cdc8_6363bad6118251387c214bb5_large.jpg",
                        "large2x": "https://s3.eu-north-1.amazonaws.com/gbg.serviceguiden/61e0a2d2cfc4d247cca9cdc8_6363bad6118251387c214bb5_large_2x.jpg",
                        "altText": "Bilden föreställer en trappa som leder upp till en vit byggnad. Bredvid trappan finns en ruschkana och träd.",
                        "description": "Foto: Davide Panzino"
                    }
                ],
                "todaysOpeningHours": {
                    "date": "2026-09-17",
                    "entries": []
                }
            }
        },
        {
            "type": "Feature",
            "geometry": {
                "type": "Point",
                "coordinates": [
                    11.892342872200285,
                    57.71535535535405
                ]
            },
            "properties": {
                "id": "61e0a2d7cfc4d247cca9d1be",
                "name": "Höstvädersgatan 51-57 förskola",
                "businessId": 158,
                "visitingAddress": "Höstvädersgatan 51",
                "images": [
                    {
                        "small": "https://s3.eu-north-1.amazonaws.com/gbg.serviceguiden/61e0a2d7cfc4d247cca9d1be_6363bb22118251387c215063_small.jpg",
                        "small2x": "https://s3.eu-north-1.amazonaws.com/gbg.serviceguiden/61e0a2d7cfc4d247cca9d1be_6363bb22118251387c215063_small_2x.jpg",
                        "medium": "https://s3.eu-north-1.amazonaws.com/gbg.serviceguiden/61e0a2d7cfc4d247cca9d1be_6363bb22118251387c215063_medium.jpg",
                        "medium2x": "https://s3.eu-north-1.amazonaws.com/gbg.serviceguiden/61e0a2d7cfc4d247cca9d1be_6363bb22118251387c215063_medium_2x.jpg",
                        "large": "https://s3.eu-north-1.amazonaws.com/gbg.serviceguiden/61e0a2d7cfc4d247cca9d1be_6363bb22118251387c215063_large.jpg",
                        "large2x": "https://s3.eu-north-1.amazonaws.com/gbg.serviceguiden/61e0a2d7cfc4d247cca9d1be_6363bb22118251387c215063_large_2x.jpg",
                        "altText": "Bilden föreställer en röd och gul byggnad. Framför byggnaden finns en lekplats med en klätterställning och en ruschkana. ",
                        "description": "Foto: Davide Panzino"
                    }
                ],
                "todaysOpeningHours": {
                    "date": "2026-09-17",
                    "entries": []
                }
            }
        },
        {
            "type": "Feature",
            "geometry": {
                "type": "Point",
                "coordinates": [
                    11.893082609918809,
                    57.71983343936049
                ]
            },
            "properties": {
                "id": "61e0a2d7cfc4d247cca9d1e4",
                "name": "Höstvädersgatan 73 förskola",
                "businessId": 159,
                "visitingAddress": "Höstvädersgatan 73",
                "images": [
                    {
                        "small": "https://s3.eu-north-1.amazonaws.com/gbg.serviceguiden/61e0a2d7cfc4d247cca9d1e4_6363bb70118251387c2154c2_small.jpg",
                        "small2x": "https://s3.eu-north-1.amazonaws.com/gbg.serviceguiden/61e0a2d7cfc4d247cca9d1e4_6363bb70118251387c2154c2_small_2x.jpg",
                        "medium": "https://s3.eu-north-1.amazonaws.com/gbg.serviceguiden/61e0a2d7cfc4d247cca9d1e4_6363bb70118251387c2154c2_medium.jpg",
                        "medium2x": "https://s3.eu-north-1.amazonaws.com/gbg.serviceguiden/61e0a2d7cfc4d247cca9d1e4_6363bb70118251387c2154c2_medium_2x.jpg",
                        "large": "https://s3.eu-north-1.amazonaws.com/gbg.serviceguiden/61e0a2d7cfc4d247cca9d1e4_6363bb70118251387c2154c2_large.jpg",
                        "large2x": "https://s3.eu-north-1.amazonaws.com/gbg.serviceguiden/61e0a2d7cfc4d247cca9d1e4_6363bb70118251387c2154c2_large_2x.jpg",
                        "altText": "Bilden föreställer en gul byggnad. Framför byggnaden finns en klätterställning med en ruschkana.",
                        "description": "Foto: Davide Panzino"
                    }
                ],
                "todaysOpeningHours": {
                    "date": "2026-09-17",
                    "entries": []
                }
            }
        },
        {
            "type": "Feature",
            "geometry": {
                "type": "Point",
                "coordinates": [
                    12.041042186498485,
                    57.73267210678161
                ]
            },
            "properties": {
                "id": "61e0a2d9cfc4d247cca9d2a5",
                "name": "Illbattingen",
                "businessId": 2802,
                "visitingAddress": "Kvibergsnäs Allé 22",
                "description": "<p>Det här är en fristående förskola. Kontakta förskolan om du vill veta mer om deras verksamhet.</p>",
                "todaysOpeningHours": {
                    "date": "2026-09-17",
                    "entries": []
                }
            }
        },
        {
            "type": "Feature",
            "geometry": {
                "type": "Point",
                "coordinates": [
                    11.952636406719352,
                    57.74966843107112
                ]
            },
            "properties": {
                "id": "61e0a2dacfc4d247cca9d39a",
                "name": "Innovitaskolan S:t Jörgen",
                "businessId": 6871,
                "visitingAddress": "Sankt Jörgens Väg 14B",
                "description": "<p>Det här är en fristående förskola. Kontakta förskolan om du vill veta mer om deras verksamhet.</p>",
                "todaysOpeningHours": {
                    "date": "2026-09-17",
                    "entries": []
                }
            }
        },
        {
            "type": "Feature",
            "geometry": {
                "type": "Point",
                "coordinates": [
                    11.891883716369785,
                    57.72522986444449
                ]
            },
            "properties": {
                "id": "61e0a2dbcfc4d247cca9d41e",
                "name": "International Preschool Biskopsgården",
                "businessId": 2966,
                "visitingAddress": "Friskväderstorget 11",
                "description": "<p>Det här är en fristående förskola. Kontakta förskolan om du vill veta mer om deras verksamhet.</p>",
                "todaysOpeningHours": {
                    "date": "2026-09-17",
                    "entries": []
                }
            }
        },
        {
            "type": "Feature",
            "geometry": {
                "type": "Point",
                "coordinates": [
                    11.967720438014098,
                    57.68745285423844
                ]
            },
            "properties": {
                "id": "61e0a2dbcfc4d247cca9d436",
                "name": "International Preschool Guldheden",
                "businessId": 2988,
                "visitingAddress": "Doktor Saléns Gata 2C",
                "description": "<p>Det här är en fristående förskola. Kontakta förskolan om du vill veta mer om deras verksamhet.</p>",
                "todaysOpeningHours": {
                    "date": "2026-09-17",
                    "entries": []
                }
            }
        },
        {
            "type": "Feature",
            "geometry": {
                "type": "Point",
                "coordinates": [
                    11.916055071619299,
                    57.68976882240137
                ]
            },
            "properties": {
                "id": "61e0a2dbcfc4d247cca9d44e",
                "name": "International Preschool Majorna",
                "businessId": 261,
                "visitingAddress": "Slottsskogsgatan 5E",
                "description": "<p>Det här är en fristående förskola. Kontakta förskolan om du vill veta mer om deras verksamhet.</p>",
                "todaysOpeningHours": {
                    "date": "2026-09-17",
                    "entries": []
                }
            }
        },
        {
            "type": "Feature",
            "geometry": {
                "type": "Point",
                "coordinates": [
                    11.883139055600383,
                    57.670914334807335
                ]
            },
            "properties": {
                "id": "61e0a2dbcfc4d247cca9d466",
                "name": "International Preschool Älvsborg",
                "businessId": 5330,
                "visitingAddress": "Redebacken 31",
                "description": "<p>Det här är en fristående förskola. Kontakta förskolan om du vill veta mer om deras verksamhet.</p>",
                "todaysOpeningHours": {
                    "date": "2026-09-17",
                    "entries": []
                }
            }
        },
        {
            "type": "Feature",
            "geometry": {
                "type": "Point",
                "coordinates": [
                    12.041319276495553,
                    57.763159956684355
                ]
            },
            "properties": {
                "id": "61e0a2ddcfc4d247cca9d59b",
                "name": "Januarigatan 5 förskola",
                "businessId": 696,
                "visitingAddress": "Januarigatan 5",
                "images": [
                    {
                        "small": "https://s3.eu-north-1.amazonaws.com/gbg.serviceguiden/61e0a2ddcfc4d247cca9d59b_636d135a118251387cb6a56f_small.jpg",
                        "small2x": "https://s3.eu-north-1.amazonaws.com/gbg.serviceguiden/61e0a2ddcfc4d247cca9d59b_636d135a118251387cb6a56f_small_2x.jpg",
                        "medium": "https://s3.eu-north-1.amazonaws.com/gbg.serviceguiden/61e0a2ddcfc4d247cca9d59b_636d135a118251387cb6a56f_medium.jpg",
                        "medium2x": "https://s3.eu-north-1.amazonaws.com/gbg.serviceguiden/61e0a2ddcfc4d247cca9d59b_636d135a118251387cb6a56f_medium_2x.jpg",
                        "large": "https://s3.eu-north-1.amazonaws.com/gbg.serviceguiden/61e0a2ddcfc4d247cca9d59b_636d135a118251387cb6a56f_large.jpg",
                        "large2x": "https://s3.eu-north-1.amazonaws.com/gbg.serviceguiden/61e0a2ddcfc4d247cca9d59b_636d135a118251387cb6a56f_large_2x.jpg",
                        "altText": "Bilden föreställer en byggnad och en förskolegård med träd, en klätterbana i trä och en ruschkana. ",
                        "description": "Foto: Davide Panzino "
                    }
                ],
                "todaysOpeningHours": {
                    "date": "2026-09-17",
                    "entries": []
                }
            }
        },
        {
            "type": "Feature",
            "geometry": {
                "type": "Point",
                "coordinates": [
                    11.946640049366316,
                    57.692037133353494
                ]
            },
            "properties": {
                "id": "61e0a2decfc4d247cca9d6e9",
                "name": "Jungmansgatan 45 B förskola",
                "businessId": 2634,
                "visitingAddress": "Jungmansgatan 45B",
                "images": [
                    {
                        "small": "https://s3.eu-north-1.amazonaws.com/gbg.serviceguiden/61e0a2decfc4d247cca9d6e9_6351229d118251387cdf9889_small.jpg",
                        "small2x": "https://s3.eu-north-1.amazonaws.com/gbg.serviceguiden/61e0a2decfc4d247cca9d6e9_6351229d118251387cdf9889_small_2x.jpg",
                        "medium": "https://s3.eu-north-1.amazonaws.com/gbg.serviceguiden/61e0a2decfc4d247cca9d6e9_6351229d118251387cdf9889_medium.jpg",
                        "medium2x": "https://s3.eu-north-1.amazonaws.com/gbg.serviceguiden/61e0a2decfc4d247cca9d6e9_6351229d118251387cdf9889_medium_2x.jpg",
                        "large": "https://s3.eu-north-1.amazonaws.com/gbg.serviceguiden/61e0a2decfc4d247cca9d6e9_6351229d118251387cdf9889_large.jpg",
                        "large2x": "https://s3.eu-north-1.amazonaws.com/gbg.serviceguiden/61e0a2decfc4d247cca9d6e9_6351229d118251387cdf9889_large_2x.jpg",
                        "altText": "Bilden föreställer en tegelbyggnad med vita fönsterkarmar. Framför byggnaden finns en inhägnad gräsmatta med en orange trälekborg och gröna statyer.  ",
                        "description": "Foto: Davide Panzino "
                    }
                ],
                "todaysOpeningHours": {
                    "date": "2026-09-17",
                    "entries": []
                }
            }
        },
        {
            "type": "Feature",
            "geometry": {
                "type": "Point",
                "coordinates": [
                    11.946434256638298,
                    57.690938577638846
                ]
            },
            "properties": {
                "id": "61e0a2decfc4d247cca9d70b",
                "name": "Jungmansgatan 65 förskola",
                "businessId": 5086,
                "visitingAddress": "Jungmansgatan 65",
                "images": [
                    {
                        "small": "https://s3.eu-north-1.amazonaws.com/gbg.serviceguiden/61e0a2decfc4d247cca9d70b_6351232e118251387cdfe869_small.jpg",
                        "small2x": "https://s3.eu-north-1.amazonaws.com/gbg.serviceguiden/61e0a2decfc4d247cca9d70b_6351232e118251387cdfe869_small_2x.jpg",
                        "medium": "https://s3.eu-north-1.amazonaws.com/gbg.serviceguiden/61e0a2decfc4d247cca9d70b_6351232e118251387cdfe869_medium.jpg",
                        "medium2x": "https://s3.eu-north-1.amazonaws.com/gbg.serviceguiden/61e0a2decfc4d247cca9d70b_6351232e118251387cdfe869_medium_2x.jpg",
                        "large": "https://s3.eu-north-1.amazonaws.com/gbg.serviceguiden/61e0a2decfc4d247cca9d70b_6351232e118251387cdfe869_large.jpg",
                        "large2x": "https://s3.eu-north-1.amazonaws.com/gbg.serviceguiden/61e0a2decfc4d247cca9d70b_6351232e118251387cdfe869_large_2x.jpg",
                        "altText": "Bilden föreställer en grå byggnad med ett trä däck. Utanför byggnaden finns en lekplats med en sandlåda, gröna träd, en lekbåt och en stående gunga.",
                        "description": "Foto: Davide Panzino"
                    }
                ],
                "todaysOpeningHours": {
                    "date": "2026-09-17",
                    "entries": []
                }
            }
        },
        {
            "type": "Feature",
            "geometry": {
                "type": "Point",
                "coordinates": [
                    11.980711645614605,
                    57.68051856205786
                ]
            },
            "properties": {
                "id": "61e0a2dfcfc4d247cca9d73b",
                "name": "Just like hemma",
                "businessId": 5357,
                "visitingAddress": "Doktor Forselius Gata 16",
                "description": "<p>Det här är en fristående förskola. Kontakta förskolan om du vill veta mer om deras verksamhet.</p>",
                "todaysOpeningHours": {
                    "date": "2026-09-17",
                    "entries": []
                }
            }
        },
        {
            "type": "Feature",
            "geometry": {
                "type": "Point",
                "coordinates": [
                    11.779845401580436,
                    57.64032841946716
                ]
            },
            "properties": {
                "id": "61e0a2dfcfc4d247cca9d773",
                "name": "Jydeklovan 2 förskola",
                "businessId": 3013,
                "visitingAddress": "Jydeklovan 2",
                "images": [
                    {
                        "small": "https://s3.eu-north-1.amazonaws.com/gbg.serviceguiden/61e0a2dfcfc4d247cca9d773_6a980f7f57eeed2df4e8f2a6_small.jpg",
                        "small2x": "https://s3.eu-north-1.amazonaws.com/gbg.serviceguiden/61e0a2dfcfc4d247cca9d773_6a980f7f57eeed2df4e8f2a6_small_2x.jpg",
                        "medium": "https://s3.eu-north-1.amazonaws.com/gbg.serviceguiden/61e0a2dfcfc4d247cca9d773_6a980f7f57eeed2df4e8f2a6_medium.jpg",
                        "medium2x": "https://s3.eu-north-1.amazonaws.com/gbg.serviceguiden/61e0a2dfcfc4d247cca9d773_6a980f7f57eeed2df4e8f2a6_medium_2x.jpg",
                        "large": "https://s3.eu-north-1.amazonaws.com/gbg.serviceguiden/61e0a2dfcfc4d247cca9d773_6a980f7f57eeed2df4e8f2a6_large.jpg",
                        "large2x": "https://s3.eu-north-1.amazonaws.com/gbg.serviceguiden/61e0a2dfcfc4d247cca9d773_6a980f7f57eeed2df4e8f2a6_large_2x.jpg",
                        "altText": "Ljusgrå byggnad i ett plan",
                        "description": "Foto: Förskoleförvaltningen"
                    }
                ],
                "todaysOpeningHours": {
                    "date": "2026-09-17",
                    "entries": []
                }
            }
        },
        {
            "type": "Feature",
            "geometry": {
                "type": "Point",
                "coordinates": [
                    12.03272898967406,
                    57.74786328613385
                ]
            },
            "properties": {
                "id": "61e0a2e3cfc4d247cca9d99a",
                "name": "Kalendervägen 15-17 förskola",
                "businessId": 701,
                "visitingAddress": "Kalendervägen 15",
                "images": [
                    {
                        "small": "https://s3.eu-north-1.amazonaws.com/gbg.serviceguiden/61e0a2e3cfc4d247cca9d99a_69fb293ba6447f1ed7e703ee_small.jpg",
                        "small2x": "https://s3.eu-north-1.amazonaws.com/gbg.serviceguiden/61e0a2e3cfc4d247cca9d99a_69fb293ba6447f1ed7e703ee_small_2x.jpg",
                        "medium": "https://s3.eu-north-1.amazonaws.com/gbg.serviceguiden/61e0a2e3cfc4d247cca9d99a_69fb293ba6447f1ed7e703ee_medium.jpg",
                        "medium2x": "https://s3.eu-north-1.amazonaws.com/gbg.serviceguiden/61e0a2e3cfc4d247cca9d99a_69fb293ba6447f1ed7e703ee_medium_2x.jpg",
                        "large": "https://s3.eu-north-1.amazonaws.com/gbg.serviceguiden/61e0a2e3cfc4d247cca9d99a_69fb293ba6447f1ed7e703ee_large.jpg",
                        "large2x": "https://s3.eu-north-1.amazonaws.com/gbg.serviceguiden/61e0a2e3cfc4d247cca9d99a_69fb293ba6447f1ed7e703ee_large_2x.jpg",
                        "altText": "Bilden föreställer ett tegelhus med ingång till förskolans avdelningar. Ett staket ramar in byggnaden.",
                        "description": "Foto: Maria Bergqvist"
                    }
                ],
                "todaysOpeningHours": {
                    "date": "2026-09-17",
                    "entries": []
                }
            }
        },
        {
            "type": "Feature",
            "geometry": {
                "type": "Point",
                "coordinates": [
                    12.025933330892238,
                    57.805475103240845
                ]
            },
            "properties": {
                "id": "61e0a2e4cfc4d247cca9da1d",
                "name": "Kanelgatan 38A förskola",
                "businessId": 3478,
                "visitingAddress": "Kanelgatan 38A",
                "images": [
                    {
                        "small": "https://s3.eu-north-1.amazonaws.com/gbg.serviceguiden/61e0a2e4cfc4d247cca9da1d_636e67a5118251387ccebb25_small.jpg",
                        "small2x": "https://s3.eu-north-1.amazonaws.com/gbg.serviceguiden/61e0a2e4cfc4d247cca9da1d_636e67a5118251387ccebb25_small_2x.jpg",
                        "medium": "https://s3.eu-north-1.amazonaws.com/gbg.serviceguiden/61e0a2e4cfc4d247cca9da1d_636e67a5118251387ccebb25_medium.jpg",
                        "medium2x": "https://s3.eu-north-1.amazonaws.com/gbg.serviceguiden/61e0a2e4cfc4d247cca9da1d_636e67a5118251387ccebb25_medium_2x.jpg",
                        "large": "https://s3.eu-north-1.amazonaws.com/gbg.serviceguiden/61e0a2e4cfc4d247cca9da1d_636e67a5118251387ccebb25_large.jpg",
                        "large2x": "https://s3.eu-north-1.amazonaws.com/gbg.serviceguiden/61e0a2e4cfc4d247cca9da1d_636e67a5118251387ccebb25_large_2x.jpg",
                        "altText": "Bilden föreställer en orange byggnad och en förskolegård med ett träd, en leksaksstuga och en sandlåda. ",
                        "description": "Foto: Davide Panzino"
                    }
                ],
                "todaysOpeningHours": {
                    "date": "2026-09-17",
                    "entries": []
                }
            }
        },
        {
            "type": "Feature",
            "geometry": {
                "type": "Point",
                "coordinates": [
                    12.066936208623503,
                    57.74147980324467
                ]
            },
            "properties": {
                "id": "61e0a2e5cfc4d247cca9db5e",
                "name": "Kanngjutaregatan 1 förskola",
                "businessId": 703,
                "visitingAddress": "Kanngjutaregatan 1",
                "images": [
                    {
                        "small": "https://s3.eu-north-1.amazonaws.com/gbg.serviceguiden/61e0a2e5cfc4d247cca9db5e_636e6805118251387ccec182_small.jpg",
                        "small2x": "https://s3.eu-north-1.amazonaws.com/gbg.serviceguiden/61e0a2e5cfc4d247cca9db5e_636e6805118251387ccec182_small_2x.jpg",
                        "medium": "https://s3.eu-north-1.amazonaws.com/gbg.serviceguiden/61e0a2e5cfc4d247cca9db5e_636e6805118251387ccec182_medium.jpg",
                        "medium2x": "https://s3.eu-north-1.amazonaws.com/gbg.serviceguiden/61e0a2e5cfc4d247cca9db5e_636e6805118251387ccec182_medium_2x.jpg",
                        "large": "https://s3.eu-north-1.amazonaws.com/gbg.serviceguiden/61e0a2e5cfc4d247cca9db5e_636e6805118251387ccec182_large.jpg",
                        "large2x": "https://s3.eu-north-1.amazonaws.com/gbg.serviceguiden/61e0a2e5cfc4d247cca9db5e_636e6805118251387ccec182_large_2x.jpg",
                        "altText": "Bilden föreställer en blå byggnad och en gård med träd.",
                        "description": "Foto: Davide Panzino"
                    }
                ],
                "todaysOpeningHours": {
                    "date": "2026-09-17",
                    "entries": []
                }
            }
        },
        {
            "type": "Feature",
            "geometry": {
                "type": "Point",
                "coordinates": [
                    11.972791035098275,
                    57.69255388716172
                ]
            },
            "properties": {
                "id": "61e0a2e5cfc4d247cca9db82",
                "name": "Kapellgången 8 förskola (dygnet runt-omsorg)",
                "businessId": 220,
                "visitingAddress": "Kapellgången 8",
                "images": [
                    {
                        "small": "https://s3.eu-north-1.amazonaws.com/gbg.serviceguiden/61e0a2e5cfc4d247cca9db82_6351241d118251387ce04200_small.jpg",
                        "small2x": "https://s3.eu-north-1.amazonaws.com/gbg.serviceguiden/61e0a2e5cfc4d247cca9db82_6351241d118251387ce04200_small_2x.jpg",
                        "medium": "https://s3.eu-north-1.amazonaws.com/gbg.serviceguiden/61e0a2e5cfc4d247cca9db82_6351241d118251387ce04200_medium.jpg",
                        "medium2x": "https://s3.eu-north-1.amazonaws.com/gbg.serviceguiden/61e0a2e5cfc4d247cca9db82_6351241d118251387ce04200_medium_2x.jpg",
                        "large": "https://s3.eu-north-1.amazonaws.com/gbg.serviceguiden/61e0a2e5cfc4d247cca9db82_6351241d118251387ce04200_large.jpg",
                        "large2x": "https://s3.eu-north-1.amazonaws.com/gbg.serviceguiden/61e0a2e5cfc4d247cca9db82_6351241d118251387ce04200_large_2x.jpg",
                        "altText": "Bilden föreställer en byggnad. Framför byggnaden finns en lekplats med gungor, klätterställning, sandlåda och gräsmatta.",
                        "description": "Foto: Peter Nilsson"
                    }
                ],
                "todaysOpeningHours": {
                    "date": "2026-09-17",
                    "entries": []
                }
            }
        },
        {
            "type": "Feature",
            "geometry": {
                "type": "Point",
                "coordinates": [
                    12.070956071627176,
                    57.742558715365455
                ]
            },
            "properties": {
                "id": "61e0a2e5cfc4d247cca9dba2",
                "name": "Karduansmakaregatan 44 förskola",
                "businessId": 3378,
                "visitingAddress": "Karduansmakaregatan 44",
                "images": [
                    {
                        "small": "https://s3.eu-north-1.amazonaws.com/gbg.serviceguiden/61e0a2e5cfc4d247cca9dba2_69fda6cea6447f1ed7013ae6_small.jpg",
                        "small2x": "https://s3.eu-north-1.amazonaws.com/gbg.serviceguiden/61e0a2e5cfc4d247cca9dba2_69fda6cea6447f1ed7013ae6_small_2x.jpg",
                        "medium": "https://s3.eu-north-1.amazonaws.com/gbg.serviceguiden/61e0a2e5cfc4d247cca9dba2_69fda6cea6447f1ed7013ae6_medium.jpg",
                        "medium2x": "https://s3.eu-north-1.amazonaws.com/gbg.serviceguiden/61e0a2e5cfc4d247cca9dba2_69fda6cea6447f1ed7013ae6_medium_2x.jpg",
                        "large": "https://s3.eu-north-1.amazonaws.com/gbg.serviceguiden/61e0a2e5cfc4d247cca9dba2_69fda6cea6447f1ed7013ae6_large.jpg",
                        "large2x": "https://s3.eu-north-1.amazonaws.com/gbg.serviceguiden/61e0a2e5cfc4d247cca9dba2_69fda6cea6447f1ed7013ae6_large_2x.jpg",
                        "altText": "Bilden föreställer en röd byggnad och en förskolegård. På gården finns klätterställningar och träd.",
                        "description": "Foto: Davide Panzino"
                    }
                ],
                "todaysOpeningHours": {
                    "date": "2026-09-17",
                    "entries": []
                }
            }
        },
        {
            "type": "Feature",
            "geometry": {
                "type": "Point",
                "coordinates": [
                    11.924396823270309,
                    57.69608504970422
                ]
            },
            "properties": {
                "id": "61e0a2e5cfc4d247cca9dbc0",
                "name": "Karl Johansgatan 50 förskola",
                "businessId": 3199,
                "visitingAddress": "Karl Johansgatan 50",
                "images": [
                    {
                        "small": "https://s3.eu-north-1.amazonaws.com/gbg.serviceguiden/61e0a2e5cfc4d247cca9dbc0_63512ae2118251387ce2782c_small.jpg",
                        "small2x": "https://s3.eu-north-1.amazonaws.com/gbg.serviceguiden/61e0a2e5cfc4d247cca9dbc0_63512ae2118251387ce2782c_small_2x.jpg",
                        "medium": "https://s3.eu-north-1.amazonaws.com/gbg.serviceguiden/61e0a2e5cfc4d247cca9dbc0_63512ae2118251387ce2782c_medium.jpg",
                        "medium2x": "https://s3.eu-north-1.amazonaws.com/gbg.serviceguiden/61e0a2e5cfc4d247cca9dbc0_63512ae2118251387ce2782c_medium_2x.jpg",
                        "large": "https://s3.eu-north-1.amazonaws.com/gbg.serviceguiden/61e0a2e5cfc4d247cca9dbc0_63512ae2118251387ce2782c_large.jpg",
                        "large2x": "https://s3.eu-north-1.amazonaws.com/gbg.serviceguiden/61e0a2e5cfc4d247cca9dbc0_63512ae2118251387ce2782c_large_2x.jpg",
                        "altText": "Bilden föreställer en tegelbyggnad med två ståltrappor utanför. Framför byggnaden finns en lekplats med en klätterställning och ruschbana. Det finns även ett vitt förråd och en kompisgunga.",
                        "description": "Foto: Davide Panzino"
                    }
                ],
                "todaysOpeningHours": {
                    "date": "2026-09-17",
                    "entries": []
                }
            }
        },
        {
            "type": "Feature",
            "geometry": {
                "type": "Point",
                "coordinates": [
                    12.004257559472627,
                    57.712621815535464
                ]
            },
            "properties": {
                "id": "61e0a2e6cfc4d247cca9dc9c",
                "name": "Karlagatan 10 B förskola",
                "businessId": 1684,
                "visitingAddress": "Karlagatan 10B",
                "images": [
                    {
                        "small": "https://s3.eu-north-1.amazonaws.com/gbg.serviceguiden/61e0a2e6cfc4d247cca9dc9c_6352a4b4118251387c1bda91_small.jpg",
                        "small2x": "https://s3.eu-north-1.amazonaws.com/gbg.serviceguiden/61e0a2e6cfc4d247cca9dc9c_6352a4b4118251387c1bda91_small_2x.jpg",
                        "medium": "https://s3.eu-north-1.amazonaws.com/gbg.serviceguiden/61e0a2e6cfc4d247cca9dc9c_6352a4b4118251387c1bda91_medium.jpg",
                        "medium2x": "https://s3.eu-north-1.amazonaws.com/gbg.serviceguiden/61e0a2e6cfc4d247cca9dc9c_6352a4b4118251387c1bda91_medium_2x.jpg",
                        "large": "https://s3.eu-north-1.amazonaws.com/gbg.serviceguiden/61e0a2e6cfc4d247cca9dc9c_6352a4b4118251387c1bda91_large.jpg",
                        "large2x": "https://s3.eu-north-1.amazonaws.com/gbg.serviceguiden/61e0a2e6cfc4d247cca9dc9c_6352a4b4118251387c1bda91_large_2x.jpg",
                        "altText": "Bilden föreställer en tegelbyggnad med vita fönsterkarmar. Framför byggnaden finns en lekplats med en sandlåda, två klätterställningar med ruschkana. På gården finns också ett rött garage och utomhusbänkar.",
                        "description": "Foto: Peter Nilsson"
                    }
                ],
                "todaysOpeningHours": {
                    "date": "2026-09-17",
                    "entries": []
                }
            }
        },
        {
            "type": "Feature",
            "geometry": {
                "type": "Point",
                "coordinates": [
                    11.893489091804707,
                    57.6562649709604
                ]
            },
            "properties": {
                "id": "61e0a2e7cfc4d247cca9dcce",
                "name": "Karneolgatan 79 förskola",
                "businessId": 1540,
                "visitingAddress": "Karneolgatan 79",
                "todaysOpeningHours": {
                    "date": "2026-09-17",
                    "entries": []
                }
            }
        },
        {
            "type": "Feature",
            "geometry": {
                "type": "Point",
                "coordinates": [
                    11.934757944118154,
                    57.71839699252576
                ]
            },
            "properties": {
                "id": "61e0a2e8cfc4d247cca9dd80",
                "name": "Kastvindsgatan 3 förskola",
                "businessId": 1240,
                "visitingAddress": "Kastvindsgatan 3",
                "images": [
                    {
                        "small": "https://s3.eu-north-1.amazonaws.com/gbg.serviceguiden/61e0a2e8cfc4d247cca9dd80_6363bbdf118251387c215cd9_small.jpg",
                        "small2x": "https://s3.eu-north-1.amazonaws.com/gbg.serviceguiden/61e0a2e8cfc4d247cca9dd80_6363bbdf118251387c215cd9_small_2x.jpg",
                        "medium": "https://s3.eu-north-1.amazonaws.com/gbg.serviceguiden/61e0a2e8cfc4d247cca9dd80_6363bbdf118251387c215cd9_medium.jpg",
                        "medium2x": "https://s3.eu-north-1.amazonaws.com/gbg.serviceguiden/61e0a2e8cfc4d247cca9dd80_6363bbdf118251387c215cd9_medium_2x.jpg",
                        "large": "https://s3.eu-north-1.amazonaws.com/gbg.serviceguiden/61e0a2e8cfc4d247cca9dd80_6363bbdf118251387c215cd9_large.jpg",
                        "large2x": "https://s3.eu-north-1.amazonaws.com/gbg.serviceguiden/61e0a2e8cfc4d247cca9dd80_6363bbdf118251387c215cd9_large_2x.jpg",
                        "altText": "Bilden föreställer en lekplats med en kompisgunga, en sandlåda med två bord och träd. Bakom lekplatsen kan man se en tegelbyggnad. ",
                        "description": "Foto: Davide Panzino "
                    }
                ],
                "todaysOpeningHours": {
                    "date": "2026-09-17",
                    "entries": []
                }
            }
        },
        {
            "type": "Feature",
            "geometry": {
                "type": "Point",
                "coordinates": [
                    12.006665970597528,
                    57.70779039562491
                ]
            },
            "properties": {
                "id": "61e0a2e8cfc4d247cca9ddb0",
                "name": "Katolska skolans förskola",
                "businessId": 3323,
                "visitingAddress": "Lilla Danska Vägen 26",
                "description": "<p>Det här är en fristående förskola. Kontakta förskolan om du vill veta mer om deras verksamhet.</p>",
                "todaysOpeningHours": {
                    "date": "2026-09-17",
                    "entries": []
                }
            }
        },
        {
            "type": "Feature",
            "geometry": {
                "type": "Point",
                "coordinates": [
                    11.926750990065969,
                    57.69037531293625
                ]
            },
            "properties": {
                "id": "61e0a2e9cfc4d247cca9de3e",
                "name": "Kattfoten",
                "businessId": 255,
                "visitingAddress": "Kravellgatan 1",
                "description": "<p>Det här är en fristående förskola. Kontakta förskolan om du vill veta mer om deras verksamhet.</p>",
                "todaysOpeningHours": {
                    "date": "2026-09-17",
                    "entries": []
                }
            }
        },
        {
            "type": "Feature",
            "geometry": {
                "type": "Point",
                "coordinates": [
                    11.91382107075876,
                    57.685933717392594
                ]
            },
            "properties": {
                "id": "61e0a336cfc4d247ccaa1f4e",
                "name": "Kennedygatan 1  förskola",
                "businessId": 1345,
                "visitingAddress": "Kennedygatan 1",
                "images": [
                    {
                        "small": "https://s3.eu-north-1.amazonaws.com/gbg.serviceguiden/61e0a336cfc4d247ccaa1f4e_6a4e0e64d821e8478210767a_small.jpg",
                        "small2x": "https://s3.eu-north-1.amazonaws.com/gbg.serviceguiden/61e0a336cfc4d247ccaa1f4e_6a4e0e64d821e8478210767a_small_2x.jpg",
                        "medium": "https://s3.eu-north-1.amazonaws.com/gbg.serviceguiden/61e0a336cfc4d247ccaa1f4e_6a4e0e64d821e8478210767a_medium.jpg",
                        "medium2x": "https://s3.eu-north-1.amazonaws.com/gbg.serviceguiden/61e0a336cfc4d247ccaa1f4e_6a4e0e64d821e8478210767a_medium_2x.jpg",
                        "large": "https://s3.eu-north-1.amazonaws.com/gbg.serviceguiden/61e0a336cfc4d247ccaa1f4e_6a4e0e64d821e8478210767a_large.jpg",
                        "large2x": "https://s3.eu-north-1.amazonaws.com/gbg.serviceguiden/61e0a336cfc4d247ccaa1f4e_6a4e0e64d821e8478210767a_large_2x.jpg",
                        "altText": "Förskolans byggnad i brunt tegel och trä.",
                        "description": "Foto: Förskoleförvaltningen"
                    }
                ],
                "todaysOpeningHours": {
                    "date": "2026-09-17",
                    "entries": []
                }
            }
        },
        {
            "type": "Feature",
            "geometry": {
                "type": "Point",
                "coordinates": [
                    11.993801204989472,
                    57.792555168662496
                ]
            },
            "properties": {
                "id": "61e0a2eccfc4d247cca9e06f",
                "name": "Klockarevägen 3 förskola",
                "businessId": 6219,
                "visitingAddress": "Klockarevägen 3",
                "images": [
                    {
                        "small": "https://s3.eu-north-1.amazonaws.com/gbg.serviceguiden/61e0a2eccfc4d247cca9e06f_6363bc37118251387c216318_small.jpg",
                        "small2x": "https://s3.eu-north-1.amazonaws.com/gbg.serviceguiden/61e0a2eccfc4d247cca9e06f_6363bc37118251387c216318_small_2x.jpg",
                        "medium": "https://s3.eu-north-1.amazonaws.com/gbg.serviceguiden/61e0a2eccfc4d247cca9e06f_6363bc37118251387c216318_medium.jpg",
                        "medium2x": "https://s3.eu-north-1.amazonaws.com/gbg.serviceguiden/61e0a2eccfc4d247cca9e06f_6363bc37118251387c216318_medium_2x.jpg",
                        "large": "https://s3.eu-north-1.amazonaws.com/gbg.serviceguiden/61e0a2eccfc4d247cca9e06f_6363bc37118251387c216318_large.jpg",
                        "large2x": "https://s3.eu-north-1.amazonaws.com/gbg.serviceguiden/61e0a2eccfc4d247cca9e06f_6363bc37118251387c216318_large_2x.jpg",
                        "altText": "Bilden föreställer två tegelbyggnader. Framför byggnaderna finns en gård med gungor. ",
                        "description": "Foto: Davide Panzino"
                    }
                ],
                "todaysOpeningHours": {
                    "date": "2026-09-17",
                    "entries": []
                }
            }
        },
        {
            "type": "Feature",
            "geometry": {
                "type": "Point",
                "coordinates": [
                    11.947180720188115,
                    57.59943474995196
                ]
            },
            "properties": {
                "id": "61e0a2eccfc4d247cca9e0c7",
                "name": "Klåvavägen 77 förskola",
                "businessId": 4159,
                "visitingAddress": "Klåvavägen 77",
                "images": [
                    {
                        "small": "https://s3.eu-north-1.amazonaws.com/gbg.serviceguiden/61e0a2eccfc4d247cca9e0c7_6374d5273b1f9e73721f8894_small.jpg",
                        "small2x": "https://s3.eu-north-1.amazonaws.com/gbg.serviceguiden/61e0a2eccfc4d247cca9e0c7_6374d5273b1f9e73721f8894_small_2x.jpg",
                        "medium": "https://s3.eu-north-1.amazonaws.com/gbg.serviceguiden/61e0a2eccfc4d247cca9e0c7_6374d5273b1f9e73721f8894_medium.jpg",
                        "medium2x": "https://s3.eu-north-1.amazonaws.com/gbg.serviceguiden/61e0a2eccfc4d247cca9e0c7_6374d5273b1f9e73721f8894_medium_2x.jpg",
                        "large": "https://s3.eu-north-1.amazonaws.com/gbg.serviceguiden/61e0a2eccfc4d247cca9e0c7_6374d5273b1f9e73721f8894_large.jpg",
                        "large2x": "https://s3.eu-north-1.amazonaws.com/gbg.serviceguiden/61e0a2eccfc4d247cca9e0c7_6374d5273b1f9e73721f8894_large_2x.jpg",
                        "altText": "Bilden föreställer en vit och svart byggnad och en förskolegård med en gunga och en lekstuga i trä. ",
                        "description": "Foto: Peter Nilsson"
                    }
                ],
                "todaysOpeningHours": {
                    "date": "2026-09-17",
                    "entries": []
                }
            }
        },
        {
            "type": "Feature",
            "geometry": {
                "type": "Point",
                "coordinates": [
                    12.049815918532893,
                    57.73933484176472
                ]
            },
            "properties": {
                "id": "61e0a2eccfc4d247cca9e0e7",
                "name": "Knivsmedsgatan 2 förskola",
                "businessId": 704,
                "visitingAddress": "Knivsmedsgatan 2",
                "images": [
                    {
                        "small": "https://s3.eu-north-1.amazonaws.com/gbg.serviceguiden/61e0a2eccfc4d247cca9e0e7_636e687f118251387ccecd64_small.jpg",
                        "small2x": "https://s3.eu-north-1.amazonaws.com/gbg.serviceguiden/61e0a2eccfc4d247cca9e0e7_636e687f118251387ccecd64_small_2x.jpg",
                        "medium": "https://s3.eu-north-1.amazonaws.com/gbg.serviceguiden/61e0a2eccfc4d247cca9e0e7_636e687f118251387ccecd64_medium.jpg",
                        "medium2x": "https://s3.eu-north-1.amazonaws.com/gbg.serviceguiden/61e0a2eccfc4d247cca9e0e7_636e687f118251387ccecd64_medium_2x.jpg",
                        "large": "https://s3.eu-north-1.amazonaws.com/gbg.serviceguiden/61e0a2eccfc4d247cca9e0e7_636e687f118251387ccecd64_large.jpg",
                        "large2x": "https://s3.eu-north-1.amazonaws.com/gbg.serviceguiden/61e0a2eccfc4d247cca9e0e7_636e687f118251387ccecd64_large_2x.jpg",
                        "altText": "Bilden föreställer en grå byggnad och en sandlåda med en klätterställning i trä. ",
                        "description": "Foto: Davide Panzino"
                    }
                ],
                "todaysOpeningHours": {
                    "date": "2026-09-17",
                    "entries": []
                }
            }
        },
        {
            "type": "Feature",
            "geometry": {
                "type": "Point",
                "coordinates": [
                    12.014815607183126,
                    57.72027258575509
                ]
            },
            "properties": {
                "id": "61e0a2edcfc4d247cca9e165",
                "name": "Kobergsgatan 32 förskola",
                "businessId": 1685,
                "visitingAddress": "Kobergsgatan 32",
                "images": [
                    {
                        "small": "https://s3.eu-north-1.amazonaws.com/gbg.serviceguiden/61e0a2edcfc4d247cca9e165_6352a56e118251387c1bf06a_small.jpg",
                        "small2x": "https://s3.eu-north-1.amazonaws.com/gbg.serviceguiden/61e0a2edcfc4d247cca9e165_6352a56e118251387c1bf06a_small_2x.jpg",
                        "medium": "https://s3.eu-north-1.amazonaws.com/gbg.serviceguiden/61e0a2edcfc4d247cca9e165_6352a56e118251387c1bf06a_medium.jpg",
                        "medium2x": "https://s3.eu-north-1.amazonaws.com/gbg.serviceguiden/61e0a2edcfc4d247cca9e165_6352a56e118251387c1bf06a_medium_2x.jpg",
                        "large": "https://s3.eu-north-1.amazonaws.com/gbg.serviceguiden/61e0a2edcfc4d247cca9e165_6352a56e118251387c1bf06a_large.jpg",
                        "large2x": "https://s3.eu-north-1.amazonaws.com/gbg.serviceguiden/61e0a2edcfc4d247cca9e165_6352a56e118251387c1bf06a_large_2x.jpg",
                        "altText": "Bilden föreställer ett rött trähus med vita fönsterkarmar. Framför huset finns en lekplats med en gunghäst, sandlåda och bankar. Vid byggnadens entré hänger girlanger i olika färger.  ",
                        "description": "Foto: Davide Panzino"
                    }
                ],
                "todaysOpeningHours": {
                    "date": "2026-09-17",
                    "entries": []
                }
            }
        },
        {
            "type": "Feature",
            "geometry": {
                "type": "Point",
                "coordinates": [
                    12.074274919701477,
                    57.74924228557285
                ]
            },
            "properties": {
                "id": "61e0a2eecfc4d247cca9e1a0",
                "name": "Kometgatan 2 förskola",
                "businessId": 107,
                "visitingAddress": "Kometgatan 2",
                "images": [
                    {
                        "small": "https://s3.eu-north-1.amazonaws.com/gbg.serviceguiden/61e0a2eecfc4d247cca9e1a0_636e68df118251387cced3d4_small.jpg",
                        "small2x": "https://s3.eu-north-1.amazonaws.com/gbg.serviceguiden/61e0a2eecfc4d247cca9e1a0_636e68df118251387cced3d4_small_2x.jpg",
                        "medium": "https://s3.eu-north-1.amazonaws.com/gbg.serviceguiden/61e0a2eecfc4d247cca9e1a0_636e68df118251387cced3d4_medium.jpg",
                        "medium2x": "https://s3.eu-north-1.amazonaws.com/gbg.serviceguiden/61e0a2eecfc4d247cca9e1a0_636e68df118251387cced3d4_medium_2x.jpg",
                        "large": "https://s3.eu-north-1.amazonaws.com/gbg.serviceguiden/61e0a2eecfc4d247cca9e1a0_636e68df118251387cced3d4_large.jpg",
                        "large2x": "https://s3.eu-north-1.amazonaws.com/gbg.serviceguiden/61e0a2eecfc4d247cca9e1a0_636e68df118251387cced3d4_large_2x.jpg",
                        "altText": "Bilden föreställer en grå byggnad och en förskolegård. På gården fins en gunga, en klätterställning, en balansgång, en tunnel och ett träd. ",
                        "description": "Foto: Davide Panzino"
                    }
                ],
                "todaysOpeningHours": {
                    "date": "2026-09-17",
                    "entries": []
                }
            }
        },
        {
            "type": "Feature",
            "geometry": {
                "type": "Point",
                "coordinates": [
                    11.940917376800183,
                    57.69478688478212
                ]
            },
            "properties": {
                "id": "61e0a2f0cfc4d247cca9e34e",
                "name": "Kompassgatan 11 förskola",
                "businessId": 2597,
                "visitingAddress": "Kompassgatan 11",
                "images": [
                    {
                        "small": "https://s3.eu-north-1.amazonaws.com/gbg.serviceguiden/61e0a2f0cfc4d247cca9e34e_6352a635118251387c1c044e_small.jpg",
                        "small2x": "https://s3.eu-north-1.amazonaws.com/gbg.serviceguiden/61e0a2f0cfc4d247cca9e34e_6352a635118251387c1c044e_small_2x.jpg",
                        "medium": "https://s3.eu-north-1.amazonaws.com/gbg.serviceguiden/61e0a2f0cfc4d247cca9e34e_6352a635118251387c1c044e_medium.jpg",
                        "medium2x": "https://s3.eu-north-1.amazonaws.com/gbg.serviceguiden/61e0a2f0cfc4d247cca9e34e_6352a635118251387c1c044e_medium_2x.jpg",
                        "large": "https://s3.eu-north-1.amazonaws.com/gbg.serviceguiden/61e0a2f0cfc4d247cca9e34e_6352a635118251387c1c044e_large.jpg",
                        "large2x": "https://s3.eu-north-1.amazonaws.com/gbg.serviceguiden/61e0a2f0cfc4d247cca9e34e_6352a635118251387c1c044e_large_2x.jpg",
                        "altText": "Bilden föreställer ett vitt trähus med en grön dörr. Framför byggnaden finns grönabuskar och en bänk. På bilden finns även en grön klätterställning med ruschkana. ",
                        "description": "Foto: Davide Panzino"
                    }
                ],
                "todaysOpeningHours": {
                    "date": "2026-09-17",
                    "entries": []
                }
            }
        },
        {
            "type": "Feature",
            "geometry": {
                "type": "Point",
                "coordinates": [
                    11.937202071723066,
                    57.72353207019047
                ]
            },
            "properties": {
                "id": "61e0a2f2cfc4d247cca9e466",
                "name": "Konvaljegatan 8 förskola",
                "businessId": 2215,
                "visitingAddress": "Konvaljegatan 8",
                "images": [
                    {
                        "small": "https://s3.eu-north-1.amazonaws.com/gbg.serviceguiden/61e0a2f2cfc4d247cca9e466_6363bc90118251387c216bd7_small.jpg",
                        "small2x": "https://s3.eu-north-1.amazonaws.com/gbg.serviceguiden/61e0a2f2cfc4d247cca9e466_6363bc90118251387c216bd7_small_2x.jpg",
                        "medium": "https://s3.eu-north-1.amazonaws.com/gbg.serviceguiden/61e0a2f2cfc4d247cca9e466_6363bc90118251387c216bd7_medium.jpg",
                        "medium2x": "https://s3.eu-north-1.amazonaws.com/gbg.serviceguiden/61e0a2f2cfc4d247cca9e466_6363bc90118251387c216bd7_medium_2x.jpg",
                        "large": "https://s3.eu-north-1.amazonaws.com/gbg.serviceguiden/61e0a2f2cfc4d247cca9e466_6363bc90118251387c216bd7_large.jpg",
                        "large2x": "https://s3.eu-north-1.amazonaws.com/gbg.serviceguiden/61e0a2f2cfc4d247cca9e466_6363bc90118251387c216bd7_large_2x.jpg",
                        "altText": "Bilden föreställer en gul byggnad med en grön dörr. Framför byggnaden finns en ruschkana och ett träd.",
                        "description": "Foto: Davide Panzino"
                    }
                ],
                "todaysOpeningHours": {
                    "date": "2026-09-17",
                    "entries": []
                }
            }
        },
        {
            "type": "Feature",
            "geometry": {
                "type": "Point",
                "coordinates": [
                    11.904932246984066,
                    57.718805504289215
                ]
            },
            "properties": {
                "id": "61e0a2f2cfc4d247cca9e4f4",
                "name": "Korsklevegatan 1 förskola",
                "businessId": 6306,
                "visitingAddress": "Korsklevegatan 1",
                "images": [
                    {
                        "small": "https://s3.eu-north-1.amazonaws.com/gbg.serviceguiden/61e0a2f2cfc4d247cca9e4f4_6363bd0b118251387c2175aa_small.jpg",
                        "small2x": "https://s3.eu-north-1.amazonaws.com/gbg.serviceguiden/61e0a2f2cfc4d247cca9e4f4_6363bd0b118251387c2175aa_small_2x.jpg",
                        "medium": "https://s3.eu-north-1.amazonaws.com/gbg.serviceguiden/61e0a2f2cfc4d247cca9e4f4_6363bd0b118251387c2175aa_medium.jpg",
                        "medium2x": "https://s3.eu-north-1.amazonaws.com/gbg.serviceguiden/61e0a2f2cfc4d247cca9e4f4_6363bd0b118251387c2175aa_medium_2x.jpg",
                        "large": "https://s3.eu-north-1.amazonaws.com/gbg.serviceguiden/61e0a2f2cfc4d247cca9e4f4_6363bd0b118251387c2175aa_large.jpg",
                        "large2x": "https://s3.eu-north-1.amazonaws.com/gbg.serviceguiden/61e0a2f2cfc4d247cca9e4f4_6363bd0b118251387c2175aa_large_2x.jpg",
                        "altText": "Bilden föreställer en grå och orange byggnad. Framför byggnaden finns sandlådor med tre parasoller i trä och en ruschkana. ",
                        "description": "Foto: Davide Panzino"
                    }
                ],
                "todaysOpeningHours": {
                    "date": "2026-09-17",
                    "entries": []
                }
            }
        },
        {
            "type": "Feature",
            "geometry": {
                "type": "Point",
                "coordinates": [
                    11.907032567560602,
                    57.6449194729836
                ]
            },
            "properties": {
                "id": "61e0a2f3cfc4d247cca9e529",
                "name": "Korsåsliden 29 förskola",
                "businessId": 5805,
                "visitingAddress": "Korsåsliden 29",
                "images": [
                    {
                        "small": "https://s3.eu-north-1.amazonaws.com/gbg.serviceguiden/61e0a2f3cfc4d247cca9e529_6374efe13b1f9e7372222c91_small.jpg",
                        "small2x": "https://s3.eu-north-1.amazonaws.com/gbg.serviceguiden/61e0a2f3cfc4d247cca9e529_6374efe13b1f9e7372222c91_small_2x.jpg",
                        "medium": "https://s3.eu-north-1.amazonaws.com/gbg.serviceguiden/61e0a2f3cfc4d247cca9e529_6374efe13b1f9e7372222c91_medium.jpg",
                        "medium2x": "https://s3.eu-north-1.amazonaws.com/gbg.serviceguiden/61e0a2f3cfc4d247cca9e529_6374efe13b1f9e7372222c91_medium_2x.jpg",
                        "large": "https://s3.eu-north-1.amazonaws.com/gbg.serviceguiden/61e0a2f3cfc4d247cca9e529_6374efe13b1f9e7372222c91_large.jpg",
                        "large2x": "https://s3.eu-north-1.amazonaws.com/gbg.serviceguiden/61e0a2f3cfc4d247cca9e529_6374efe13b1f9e7372222c91_large_2x.jpg",
                        "altText": "Bilden föreställer en barack och en förskolegård med bland annat en klätterställning med ruschkana. ",
                        "description": "Foto: Davide Panzino "
                    }
                ],
                "todaysOpeningHours": {
                    "date": "2026-09-17",
                    "entries": []
                }
            }
        },
        {
            "type": "Feature",
            "geometry": {
                "type": "Point",
                "coordinates": [
                    12.03060768505876,
                    57.75052202106526
                ]
            },
            "properties": {
                "id": "61e0a2f3cfc4d247cca9e598",
                "name": "Kortedala Park 1 förskola",
                "businessId": 5653,
                "visitingAddress": "Hundraårsgatan 19",
                "images": [
                    {
                        "small": "https://s3.eu-north-1.amazonaws.com/gbg.serviceguiden/61e0a2f3cfc4d247cca9e598_636e6928118251387cced7d7_small.jpg",
                        "small2x": "https://s3.eu-north-1.amazonaws.com/gbg.serviceguiden/61e0a2f3cfc4d247cca9e598_636e6928118251387cced7d7_small_2x.jpg",
                        "medium": "https://s3.eu-north-1.amazonaws.com/gbg.serviceguiden/61e0a2f3cfc4d247cca9e598_636e6928118251387cced7d7_medium.jpg",
                        "medium2x": "https://s3.eu-north-1.amazonaws.com/gbg.serviceguiden/61e0a2f3cfc4d247cca9e598_636e6928118251387cced7d7_medium_2x.jpg",
                        "large": "https://s3.eu-north-1.amazonaws.com/gbg.serviceguiden/61e0a2f3cfc4d247cca9e598_636e6928118251387cced7d7_large.jpg",
                        "large2x": "https://s3.eu-north-1.amazonaws.com/gbg.serviceguiden/61e0a2f3cfc4d247cca9e598_636e6928118251387cced7d7_large_2x.jpg",
                        "altText": "Bilden föreställer en grå byggnad och en förskolegård med två trähyddor, en tunnel och bord. ",
                        "description": "Foto: Davide Panzino"
                    }
                ],
                "todaysOpeningHours": {
                    "date": "2026-09-17",
                    "entries": []
                }
            }
        },
        {
            "type": "Feature",
            "geometry": {
                "type": "Point",
                "coordinates": [
                    12.069028085052947,
                    57.74814078800543
                ]
            },
            "properties": {
                "id": "63db70bf9e48e85fc0c87ac9",
                "name": "Kosmosgatan 1A förskola",
                "businessId": 7217,
                "visitingAddress": "Kosmosgatan 1A",
                "images": [
                    {
                        "small": "https://s3.eu-north-1.amazonaws.com/gbg.serviceguiden/63db70bf9e48e85fc0c87ac9_69ef459ca6447f1ed7719499_small.jpg",
                        "small2x": "https://s3.eu-north-1.amazonaws.com/gbg.serviceguiden/63db70bf9e48e85fc0c87ac9_69ef459ca6447f1ed7719499_small_2x.jpg",
                        "medium": "https://s3.eu-north-1.amazonaws.com/gbg.serviceguiden/63db70bf9e48e85fc0c87ac9_69ef459ca6447f1ed7719499_medium.jpg",
                        "medium2x": "https://s3.eu-north-1.amazonaws.com/gbg.serviceguiden/63db70bf9e48e85fc0c87ac9_69ef459ca6447f1ed7719499_medium_2x.jpg",
                        "large": "https://s3.eu-north-1.amazonaws.com/gbg.serviceguiden/63db70bf9e48e85fc0c87ac9_69ef459ca6447f1ed7719499_large.jpg",
                        "large2x": "https://s3.eu-north-1.amazonaws.com/gbg.serviceguiden/63db70bf9e48e85fc0c87ac9_69ef459ca6447f1ed7719499_large_2x.jpg",
                        "altText": "En grå förskolebyggnad i två våningar.",
                        "description": "Foto: Stadsfastighetsförvaltningen"
                    }
                ],
                "todaysOpeningHours": {
                    "date": "2026-09-17",
                    "entries": []
                }
            }
        },
        {
            "type": "Feature",
            "geometry": {
                "type": "Point",
                "coordinates": [
                    12.034996610552797,
                    57.70432567241005
                ]
            },
            "properties": {
                "id": "61e0a2f4cfc4d247cca9e637",
                "name": "Kottar och Frön Skatås",
                "businessId": 5561,
                "visitingAddress": "Skidåkaren 2",
                "description": "<p>Det här är en fristående förskola. Kontakta förskolan om du vill veta mer om deras verksamhet.</p>",
                "todaysOpeningHours": {
                    "date": "2026-09-17",
                    "entries": []
                }
            }
        },
        {
            "type": "Feature",
            "geometry": {
                "type": "Point",
                "coordinates": [
                    12.038112109440219,
                    57.70455621269671
                ]
            },
            "properties": {
                "id": "61e0a2f4cfc4d247cca9e61f",
                "name": "Kottar och Frön Skatås Nedre",
                "businessId": 4867,
                "visitingAddress": "Orienteraren 12",
                "description": "<p>Det här är en fristående förskola. Kontakta förskolan om du vill veta mer om deras verksamhet.</p>",
                "todaysOpeningHours": {
                    "date": "2026-09-17",
                    "entries": []
                }
            }
        },
        {
            "type": "Feature",
            "geometry": {
                "type": "Point",
                "coordinates": [
                    12.047169534369846,
                    57.715813553314206
                ]
            },
            "properties": {
                "id": "61e0a32acfc4d247ccaa149a",
                "name": "Kottar och Frön Stabbegatan",
                "businessId": 2500,
                "visitingAddress": "Stabbegatan 4",
                "description": "<p>Det här är en fristående förskola. Kontakta förskolan om du vill veta mer om deras verksamhet.</p>",
                "todaysOpeningHours": {
                    "date": "2026-09-17",
                    "entries": []
                }
            }
        },
        {
            "type": "Feature",
            "geometry": {
                "type": "Point",
                "coordinates": [
                    12.071257554890055,
                    57.80113819943061
                ]
            },
            "properties": {
                "id": "61e0a2f6cfc4d247cca9e79b",
                "name": "Kristinaskolans förskola",
                "businessId": 4720,
                "visitingAddress": "Fjällkåpan 16",
                "description": "<p>Det här är en fristående förskola. Kontakta förskolan om du vill veta mer om deras verksamhet.</p>",
                "todaysOpeningHours": {
                    "date": "2026-09-17",
                    "entries": []
                }
            }
        },
        {
            "type": "Feature",
            "geometry": {
                "type": "Point",
                "coordinates": [
                    11.971636952232199,
                    57.74449770802733
                ]
            },
            "properties": {
                "id": "61e0a2f6cfc4d247cca9e856",
                "name": "Krumeluren 6 förskola",
                "businessId": 82,
                "visitingAddress": "Krumeluren 6",
                "images": [
                    {
                        "small": "https://s3.eu-north-1.amazonaws.com/gbg.serviceguiden/61e0a2f6cfc4d247cca9e856_6363bd6b118251387c217f87_small.jpg",
                        "small2x": "https://s3.eu-north-1.amazonaws.com/gbg.serviceguiden/61e0a2f6cfc4d247cca9e856_6363bd6b118251387c217f87_small_2x.jpg",
                        "medium": "https://s3.eu-north-1.amazonaws.com/gbg.serviceguiden/61e0a2f6cfc4d247cca9e856_6363bd6b118251387c217f87_medium.jpg",
                        "medium2x": "https://s3.eu-north-1.amazonaws.com/gbg.serviceguiden/61e0a2f6cfc4d247cca9e856_6363bd6b118251387c217f87_medium_2x.jpg",
                        "large": "https://s3.eu-north-1.amazonaws.com/gbg.serviceguiden/61e0a2f6cfc4d247cca9e856_6363bd6b118251387c217f87_large.jpg",
                        "large2x": "https://s3.eu-north-1.amazonaws.com/gbg.serviceguiden/61e0a2f6cfc4d247cca9e856_6363bd6b118251387c217f87_large_2x.jpg",
                        "altText": "Bilden föreställer en gul och vit byggnad med en gård utanför. På gården finns gröna buskar. ",
                        "description": "Foto: Davide Panzino"
                    }
                ],
                "todaysOpeningHours": {
                    "date": "2026-09-17",
                    "entries": []
                }
            }
        },
        {
            "type": "Feature",
            "geometry": {
                "type": "Point",
                "coordinates": [
                    11.986857094329407,
                    57.68192544788153
                ]
            },
            "properties": {
                "id": "61e0a2f7cfc4d247cca9e8e4",
                "name": "Kulladalens förskola",
                "businessId": 2970,
                "visitingAddress": "Fridkullagatan 19A",
                "description": "<p>Det här är en fristående förskola. Kontakta förskolan om du vill veta mer om deras verksamhet.</p>",
                "todaysOpeningHours": {
                    "date": "2026-09-17",
                    "entries": []
                }
            }
        },
        {
            "type": "Feature",
            "geometry": {
                "type": "Point",
                "coordinates": [
                    12.04365009887132,
                    57.811494663773786
                ]
            },
            "properties": {
                "id": "61e0a2fbcfc4d247cca9ebee",
                "name": "Kummingatan 126 förskola",
                "businessId": 525,
                "visitingAddress": "Kummingatan 126",
                "images": [
                    {
                        "small": "https://s3.eu-north-1.amazonaws.com/gbg.serviceguiden/61e0a2fbcfc4d247cca9ebee_637248d83b1f9e7372f10e64_small.jpg",
                        "small2x": "https://s3.eu-north-1.amazonaws.com/gbg.serviceguiden/61e0a2fbcfc4d247cca9ebee_637248d83b1f9e7372f10e64_small_2x.jpg",
                        "medium": "https://s3.eu-north-1.amazonaws.com/gbg.serviceguiden/61e0a2fbcfc4d247cca9ebee_637248d83b1f9e7372f10e64_medium.jpg",
                        "medium2x": "https://s3.eu-north-1.amazonaws.com/gbg.serviceguiden/61e0a2fbcfc4d247cca9ebee_637248d83b1f9e7372f10e64_medium_2x.jpg",
                        "large": "https://s3.eu-north-1.amazonaws.com/gbg.serviceguiden/61e0a2fbcfc4d247cca9ebee_637248d83b1f9e7372f10e64_large.jpg",
                        "large2x": "https://s3.eu-north-1.amazonaws.com/gbg.serviceguiden/61e0a2fbcfc4d247cca9ebee_637248d83b1f9e7372f10e64_large_2x.jpg",
                        "altText": "Bilden föreställer en ljus byggnad. Bakom byggnaden finns ett lägenhetshus. ",
                        "description": "Foto: Davide Panzino"
                    }
                ],
                "todaysOpeningHours": {
                    "date": "2026-09-17",
                    "entries": []
                }
            }
        },
        {
            "type": "Feature",
            "geometry": {
                "type": "Point",
                "coordinates": [
                    12.04628129155559,
                    57.80958856625119
                ]
            },
            "properties": {
                "id": "61e0a2fbcfc4d247cca9ec30",
                "name": "Kummingatan 132 förskola",
                "businessId": 526,
                "visitingAddress": "Kummingatan 132",
                "description": "<p>Kummingatan 132 finns i nedre Lövgärdet och är en del av Kummingatan 126 förskola. <span>Om du får en plats på förskolan kommer ditt barn bli placerat på antingen Kummingatan 126 eller Kummingatan 132.</span></p>\r\n<p><a href=\"https://goteborg.se/wps/portal?uri=gbglnk%3agbg.page.ae9bdaaa-8b90-4ea0-80e1-6651457a90fd&amp;id=525\" target=\"_self\">Mer om verksamheten på sidan för Kummingatan 126</a></p>",
                "images": [
                    {
                        "small": "https://s3.eu-north-1.amazonaws.com/gbg.serviceguiden/61e0a2fbcfc4d247cca9ec30_6372497b3b1f9e7372f11c28_small.jpg",
                        "small2x": "https://s3.eu-north-1.amazonaws.com/gbg.serviceguiden/61e0a2fbcfc4d247cca9ec30_6372497b3b1f9e7372f11c28_small_2x.jpg",
                        "medium": "https://s3.eu-north-1.amazonaws.com/gbg.serviceguiden/61e0a2fbcfc4d247cca9ec30_6372497b3b1f9e7372f11c28_medium.jpg",
                        "medium2x": "https://s3.eu-north-1.amazonaws.com/gbg.serviceguiden/61e0a2fbcfc4d247cca9ec30_6372497b3b1f9e7372f11c28_medium_2x.jpg",
                        "large": "https://s3.eu-north-1.amazonaws.com/gbg.serviceguiden/61e0a2fbcfc4d247cca9ec30_6372497b3b1f9e7372f11c28_large.jpg",
                        "large2x": "https://s3.eu-north-1.amazonaws.com/gbg.serviceguiden/61e0a2fbcfc4d247cca9ec30_6372497b3b1f9e7372f11c28_large_2x.jpg",
                        "altText": "Bilden föreställer en röd byggnad och en förskolegård. På gården finns en röd klätterställning med ruschkana.",
                        "description": "Foto: Davide Panzino"
                    }
                ],
                "todaysOpeningHours": {
                    "date": "2026-09-17",
                    "entries": []
                }
            }
        },
        {
            "type": "Feature",
            "geometry": {
                "type": "Point",
                "coordinates": [
                    11.93342295212936,
                    57.704182556780395
                ]
            },
            "properties": {
                "id": "61e0a2fccfc4d247cca9edb6",
                "name": "Kunskapsgatan 3 förskola",
                "businessId": 5348,
                "visitingAddress": "Kunskapsgatan 3A",
                "images": [
                    {
                        "small": "https://s3.eu-north-1.amazonaws.com/gbg.serviceguiden/61e0a2fccfc4d247cca9edb6_6363bdb8118251387c218592_small.jpg",
                        "small2x": "https://s3.eu-north-1.amazonaws.com/gbg.serviceguiden/61e0a2fccfc4d247cca9edb6_6363bdb8118251387c218592_small_2x.jpg",
                        "medium": "https://s3.eu-north-1.amazonaws.com/gbg.serviceguiden/61e0a2fccfc4d247cca9edb6_6363bdb8118251387c218592_medium.jpg",
                        "medium2x": "https://s3.eu-north-1.amazonaws.com/gbg.serviceguiden/61e0a2fccfc4d247cca9edb6_6363bdb8118251387c218592_medium_2x.jpg",
                        "large": "https://s3.eu-north-1.amazonaws.com/gbg.serviceguiden/61e0a2fccfc4d247cca9edb6_6363bdb8118251387c218592_large.jpg",
                        "large2x": "https://s3.eu-north-1.amazonaws.com/gbg.serviceguiden/61e0a2fccfc4d247cca9edb6_6363bdb8118251387c218592_large_2x.jpg",
                        "altText": "Bilden föreställer en gul byggnad med en spiraltrappa vid kortsidan. ",
                        "description": "Foto: Davide Panzino"
                    }
                ],
                "todaysOpeningHours": {
                    "date": "2026-09-17",
                    "entries": []
                }
            }
        },
        {
            "type": "Feature",
            "geometry": {
                "type": "Point",
                "coordinates": [
                    12.060583845589525,
                    57.757971600574535
                ]
            },
            "properties": {
                "id": "61e0a2fdcfc4d247cca9ee24",
                "name": "Kvadrantgatan 1 förskola",
                "businessId": 5446,
                "visitingAddress": "Kvadrantgatan 1",
                "images": [
                    {
                        "small": "https://s3.eu-north-1.amazonaws.com/gbg.serviceguiden/61e0a2fdcfc4d247cca9ee24_637249cc3b1f9e7372f12457_small.jpg",
                        "small2x": "https://s3.eu-north-1.amazonaws.com/gbg.serviceguiden/61e0a2fdcfc4d247cca9ee24_637249cc3b1f9e7372f12457_small_2x.jpg",
                        "medium": "https://s3.eu-north-1.amazonaws.com/gbg.serviceguiden/61e0a2fdcfc4d247cca9ee24_637249cc3b1f9e7372f12457_medium.jpg",
                        "medium2x": "https://s3.eu-north-1.amazonaws.com/gbg.serviceguiden/61e0a2fdcfc4d247cca9ee24_637249cc3b1f9e7372f12457_medium_2x.jpg",
                        "large": "https://s3.eu-north-1.amazonaws.com/gbg.serviceguiden/61e0a2fdcfc4d247cca9ee24_637249cc3b1f9e7372f12457_large.jpg",
                        "large2x": "https://s3.eu-north-1.amazonaws.com/gbg.serviceguiden/61e0a2fdcfc4d247cca9ee24_637249cc3b1f9e7372f12457_large_2x.jpg",
                        "altText": "Bilden föreställer en röd byggnad och en förskolegård. På gården finns träd, en hinderbana och gungor. ",
                        "description": "Foto: Davide Panzino"
                    }
                ],
                "todaysOpeningHours": {
                    "date": "2026-09-17",
                    "entries": []
                }
            }
        },
        {
            "type": "Feature",
            "geometry": {
                "type": "Point",
                "coordinates": [
                    12.033903909254521,
                    57.75188731282517
                ]
            },
            "properties": {
                "id": "61e0a36acfc4d247ccaa4e8f",
                "name": "Kvarteret förskola Kortedala",
                "businessId": 5070,
                "visitingAddress": "Tideräkningsgatan 1",
                "description": "<p>Det här är en fristående förskola. Kontakta förskolan om du vill veta mer om deras verksamhet.</p>",
                "todaysOpeningHours": {
                    "date": "2026-09-17",
                    "entries": []
                }
            }
        },
        {
            "type": "Feature",
            "geometry": {
                "type": "Point",
                "coordinates": [
                    12.005012939293442,
                    57.713800483984286
                ]
            },
            "properties": {
                "id": "61e0a36acfc4d247ccaa4ea8",
                "name": "Kvarteret förskola Lunden",
                "businessId": 3000,
                "visitingAddress": "Sankt Pauligatan 2",
                "description": "<p>Det här är en fristående förskola. Kontakta förskolan om du vill veta mer om deras verksamhet.</p>",
                "todaysOpeningHours": {
                    "date": "2026-09-17",
                    "entries": []
                }
            }
        },
        {
            "type": "Feature",
            "geometry": {
                "type": "Point",
                "coordinates": [
                    11.979849197819098,
                    57.6914503128536
                ]
            },
            "properties": {
                "id": "61e0a390cfc4d247ccaa6ec7",
                "name": "Kyrkans förskola Trädet",
                "businessId": 2971,
                "visitingAddress": "Walleriusgatan 1",
                "description": "<p>Det här är en fristående förskola. Kontakta förskolan om du vill veta mer om deras verksamhet.</p>",
                "todaysOpeningHours": {
                    "date": "2026-09-17",
                    "entries": []
                }
            }
        },
        {
            "type": "Feature",
            "geometry": {
                "type": "Point",
                "coordinates": [
                    11.774469657075606,
                    57.71799805108838
                ]
            },
            "properties": {
                "id": "61e0a2ffcfc4d247cca9f0d4",
                "name": "Kålhagen 2, Specialförskolan Nallen",
                "businessId": 1466,
                "visitingAddress": "Kålhagen 2A",
                "images": [
                    {
                        "small": "https://s3.eu-north-1.amazonaws.com/gbg.serviceguiden/61e0a2ffcfc4d247cca9f0d4_6363be4a118251387c218fa4_small.jpg",
                        "small2x": "https://s3.eu-north-1.amazonaws.com/gbg.serviceguiden/61e0a2ffcfc4d247cca9f0d4_6363be4a118251387c218fa4_small_2x.jpg",
                        "medium": "https://s3.eu-north-1.amazonaws.com/gbg.serviceguiden/61e0a2ffcfc4d247cca9f0d4_6363be4a118251387c218fa4_medium.jpg",
                        "medium2x": "https://s3.eu-north-1.amazonaws.com/gbg.serviceguiden/61e0a2ffcfc4d247cca9f0d4_6363be4a118251387c218fa4_medium_2x.jpg",
                        "large": "https://s3.eu-north-1.amazonaws.com/gbg.serviceguiden/61e0a2ffcfc4d247cca9f0d4_6363be4a118251387c218fa4_large.jpg",
                        "large2x": "https://s3.eu-north-1.amazonaws.com/gbg.serviceguiden/61e0a2ffcfc4d247cca9f0d4_6363be4a118251387c218fa4_large_2x.jpg",
                        "altText": "Bilden föreställer en gul byggnad med vita fönsterkarmar. Framför byggnaden finns en lekplats med gungor och ruschkana. ",
                        "description": "Foto: Davide Panzino"
                    }
                ],
                "todaysOpeningHours": {
                    "date": "2026-09-17",
                    "entries": []
                }
            }
        },
        {
            "type": "Feature",
            "geometry": {
                "type": "Point",
                "coordinates": [
                    11.77350022590204,
                    57.71833403122955
                ]
            },
            "properties": {
                "id": "61e0a300cfc4d247cca9f0f8",
                "name": "Kålhagen 3–7 förskola",
                "businessId": 2169,
                "visitingAddress": "Kålhagen 3",
                "images": [
                    {
                        "small": "https://s3.eu-north-1.amazonaws.com/gbg.serviceguiden/61e0a300cfc4d247cca9f0f8_6363cdae118251387c22946a_small.jpg",
                        "small2x": "https://s3.eu-north-1.amazonaws.com/gbg.serviceguiden/61e0a300cfc4d247cca9f0f8_6363cdae118251387c22946a_small_2x.jpg",
                        "medium": "https://s3.eu-north-1.amazonaws.com/gbg.serviceguiden/61e0a300cfc4d247cca9f0f8_6363cdae118251387c22946a_medium.jpg",
                        "medium2x": "https://s3.eu-north-1.amazonaws.com/gbg.serviceguiden/61e0a300cfc4d247cca9f0f8_6363cdae118251387c22946a_medium_2x.jpg",
                        "large": "https://s3.eu-north-1.amazonaws.com/gbg.serviceguiden/61e0a300cfc4d247cca9f0f8_6363cdae118251387c22946a_large.jpg",
                        "large2x": "https://s3.eu-north-1.amazonaws.com/gbg.serviceguiden/61e0a300cfc4d247cca9f0f8_6363cdae118251387c22946a_large_2x.jpg",
                        "altText": "Bilden föreställer två röda byggnader. Framför byggnaderna finns en lekplats med två sandlådor. I den ena finns två gunghästar och i den andra en leksaksstuga. ",
                        "description": "Foto: Davide Panzino"
                    }
                ],
                "todaysOpeningHours": {
                    "date": "2026-09-17",
                    "entries": []
                }
            }
        },
        {
            "type": "Feature",
            "geometry": {
                "type": "Point",
                "coordinates": [
                    12.013196889531768,
                    57.708313506639264
                ]
            },
            "properties": {
                "id": "61e0a302cfc4d247cca9f30a",
                "name": "Kärralundsgatan 11 förskola",
                "businessId": 1679,
                "visitingAddress": "Kärralundsgatan 11",
                "images": [
                    {
                        "small": "https://s3.eu-north-1.amazonaws.com/gbg.serviceguiden/61e0a302cfc4d247cca9f30a_6352a710118251387c1c19ec_small.jpg",
                        "small2x": "https://s3.eu-north-1.amazonaws.com/gbg.serviceguiden/61e0a302cfc4d247cca9f30a_6352a710118251387c1c19ec_small_2x.jpg",
                        "medium": "https://s3.eu-north-1.amazonaws.com/gbg.serviceguiden/61e0a302cfc4d247cca9f30a_6352a710118251387c1c19ec_medium.jpg",
                        "medium2x": "https://s3.eu-north-1.amazonaws.com/gbg.serviceguiden/61e0a302cfc4d247cca9f30a_6352a710118251387c1c19ec_medium_2x.jpg",
                        "large": "https://s3.eu-north-1.amazonaws.com/gbg.serviceguiden/61e0a302cfc4d247cca9f30a_6352a710118251387c1c19ec_large.jpg",
                        "large2x": "https://s3.eu-north-1.amazonaws.com/gbg.serviceguiden/61e0a302cfc4d247cca9f30a_6352a710118251387c1c19ec_large_2x.jpg",
                        "altText": "Bilden föreställer en tegelbyggnad med en balkong i glas och orangea dörrar. Utanför byggnaden finns en lekplats där marken är färgad i grönt, gult, blått och rött. På lekplatsen finns en leksaksborg, en sköldpadda, en leksaksbåt och en gunghäst. ",
                        "description": "Foto: Davide Panzino"
                    }
                ],
                "todaysOpeningHours": {
                    "date": "2026-09-17",
                    "entries": []
                }
            }
        },
        {
            "type": "Feature",
            "geometry": {
                "type": "Point",
                "coordinates": [
                    12.01336556924119,
                    57.70833099289162
                ]
            },
            "properties": {
                "id": "61e0a302cfc4d247cca9f328",
                "name": "Kärralundsgatan 19 förskola",
                "businessId": 1686,
                "visitingAddress": "Kärralundsgatan 19",
                "images": [
                    {
                        "small": "https://s3.eu-north-1.amazonaws.com/gbg.serviceguiden/61e0a302cfc4d247cca9f328_6352a76f118251387c1c223e_small.jpg",
                        "small2x": "https://s3.eu-north-1.amazonaws.com/gbg.serviceguiden/61e0a302cfc4d247cca9f328_6352a76f118251387c1c223e_small_2x.jpg",
                        "medium": "https://s3.eu-north-1.amazonaws.com/gbg.serviceguiden/61e0a302cfc4d247cca9f328_6352a76f118251387c1c223e_medium.jpg",
                        "medium2x": "https://s3.eu-north-1.amazonaws.com/gbg.serviceguiden/61e0a302cfc4d247cca9f328_6352a76f118251387c1c223e_medium_2x.jpg",
                        "large": "https://s3.eu-north-1.amazonaws.com/gbg.serviceguiden/61e0a302cfc4d247cca9f328_6352a76f118251387c1c223e_large.jpg",
                        "large2x": "https://s3.eu-north-1.amazonaws.com/gbg.serviceguiden/61e0a302cfc4d247cca9f328_6352a76f118251387c1c223e_large_2x.jpg",
                        "altText": "Bilden föreställer en grå träbyggnad. Framför byggnaden finns en lekplats med en sandlåda, gräsmatta, ruschkana och en klätterställning. ",
                        "description": "Foto: Davide Panzino"
                    }
                ],
                "todaysOpeningHours": {
                    "date": "2026-09-17",
                    "entries": []
                }
            }
        },
        {
            "type": "Feature",
            "geometry": {
                "type": "Point",
                "coordinates": [
                    11.799177115175613,
                    57.64859304161288
                ]
            },
            "properties": {
                "id": "61e0a305cfc4d247cca9f4f5",
                "name": "Körevägen 15 förskola",
                "businessId": 3012,
                "visitingAddress": "Körevägen 15",
                "images": [
                    {
                        "small": "https://s3.eu-north-1.amazonaws.com/gbg.serviceguiden/61e0a305cfc4d247cca9f4f5_6374f1dd3b1f9e73722287ed_small.jpg",
                        "small2x": "https://s3.eu-north-1.amazonaws.com/gbg.serviceguiden/61e0a305cfc4d247cca9f4f5_6374f1dd3b1f9e73722287ed_small_2x.jpg",
                        "medium": "https://s3.eu-north-1.amazonaws.com/gbg.serviceguiden/61e0a305cfc4d247cca9f4f5_6374f1dd3b1f9e73722287ed_medium.jpg",
                        "medium2x": "https://s3.eu-north-1.amazonaws.com/gbg.serviceguiden/61e0a305cfc4d247cca9f4f5_6374f1dd3b1f9e73722287ed_medium_2x.jpg",
                        "large": "https://s3.eu-north-1.amazonaws.com/gbg.serviceguiden/61e0a305cfc4d247cca9f4f5_6374f1dd3b1f9e73722287ed_large.jpg",
                        "large2x": "https://s3.eu-north-1.amazonaws.com/gbg.serviceguiden/61e0a305cfc4d247cca9f4f5_6374f1dd3b1f9e73722287ed_large_2x.jpg",
                        "altText": "Bilden föreställer en vit byggnad och en förskolegård med en sandlåda och en leksaksstuga. ",
                        "description": "Foto: Davide Panzino"
                    }
                ],
                "todaysOpeningHours": {
                    "date": "2026-09-17",
                    "entries": []
                }
            }
        },
        {
            "type": "Feature",
            "geometry": {
                "type": "Point",
                "coordinates": [
                    12.032283475513525,
                    57.8178301733736
                ]
            },
            "properties": {
                "id": "61e0a305cfc4d247cca9f518",
                "name": "Körvelgatan 2 förskola",
                "businessId": 5651,
                "visitingAddress": "Körvelgatan 2",
                "images": [
                    {
                        "small": "https://s3.eu-north-1.amazonaws.com/gbg.serviceguiden/61e0a305cfc4d247cca9f518_63724a2a3b1f9e7372f12b62_small.jpg",
                        "small2x": "https://s3.eu-north-1.amazonaws.com/gbg.serviceguiden/61e0a305cfc4d247cca9f518_63724a2a3b1f9e7372f12b62_small_2x.jpg",
                        "medium": "https://s3.eu-north-1.amazonaws.com/gbg.serviceguiden/61e0a305cfc4d247cca9f518_63724a2a3b1f9e7372f12b62_medium.jpg",
                        "medium2x": "https://s3.eu-north-1.amazonaws.com/gbg.serviceguiden/61e0a305cfc4d247cca9f518_63724a2a3b1f9e7372f12b62_medium_2x.jpg",
                        "large": "https://s3.eu-north-1.amazonaws.com/gbg.serviceguiden/61e0a305cfc4d247cca9f518_63724a2a3b1f9e7372f12b62_large.jpg",
                        "large2x": "https://s3.eu-north-1.amazonaws.com/gbg.serviceguiden/61e0a305cfc4d247cca9f518_63724a2a3b1f9e7372f12b62_large_2x.jpg",
                        "altText": "Bilden föreställer en grå byggnad med röda fönsterkarmar och en röd dörr. Framför byggnaden finns en förskolegård med en båt i trä, en gunghäst och parkbänkar. ",
                        "description": "Foto: Davide Panzino"
                    }
                ],
                "todaysOpeningHours": {
                    "date": "2026-09-17",
                    "entries": []
                }
            }
        },
        {
            "type": "Feature",
            "geometry": {
                "type": "Point",
                "coordinates": [
                    11.807268764488759,
                    57.62504581161378
                ]
            },
            "properties": {
                "id": "61e0a305cfc4d247cca9f535",
                "name": "Kössö Bryggväg 4 förskola",
                "businessId": 2675,
                "visitingAddress": "Kössö Bryggväg 4",
                "images": [
                    {
                        "small": "https://s3.eu-north-1.amazonaws.com/gbg.serviceguiden/61e0a305cfc4d247cca9f535_6374f2e33b1f9e737222a74c_small.jpg",
                        "small2x": "https://s3.eu-north-1.amazonaws.com/gbg.serviceguiden/61e0a305cfc4d247cca9f535_6374f2e33b1f9e737222a74c_small_2x.jpg",
                        "medium": "https://s3.eu-north-1.amazonaws.com/gbg.serviceguiden/61e0a305cfc4d247cca9f535_6374f2e33b1f9e737222a74c_medium.jpg",
                        "medium2x": "https://s3.eu-north-1.amazonaws.com/gbg.serviceguiden/61e0a305cfc4d247cca9f535_6374f2e33b1f9e737222a74c_medium_2x.jpg",
                        "large": "https://s3.eu-north-1.amazonaws.com/gbg.serviceguiden/61e0a305cfc4d247cca9f535_6374f2e33b1f9e737222a74c_large.jpg",
                        "large2x": "https://s3.eu-north-1.amazonaws.com/gbg.serviceguiden/61e0a305cfc4d247cca9f535_6374f2e33b1f9e737222a74c_large_2x.jpg",
                        "altText": "Bilden föreställer en vit byggnad och en förskolegård. ",
                        "description": "Foto: Davide Panzino"
                    }
                ],
                "todaysOpeningHours": {
                    "date": "2026-09-17",
                    "entries": []
                }
            }
        },
        {
            "type": "Feature",
            "geometry": {
                "type": "Point",
                "coordinates": [
                    11.92062790483911,
                    57.68420490522485
                ]
            },
            "properties": {
                "id": "61e0a306cfc4d247cca9f5ae",
                "name": "Ladan",
                "businessId": 257,
                "visitingAddress": "Fridhemsgatan 5",
                "description": "<p>Det här är en fristående förskola. Kontakta förskolan om du vill veta mer om deras verksamhet.</p>",
                "todaysOpeningHours": {
                    "date": "2026-09-17",
                    "entries": []
                }
            }
        },
        {
            "type": "Feature",
            "geometry": {
                "type": "Point",
                "coordinates": [
                    11.972933061662166,
                    57.691995548574795
                ]
            },
            "properties": {
                "id": "61e0a306cfc4d247cca9f5c6",
                "name": "Landala förskola",
                "businessId": 5646,
                "visitingAddress": "Kapellgången 12",
                "description": "<p>Det här är en fristående förskola. Kontakta förskolan om du vill veta mer om deras verksamhet.</p>",
                "todaysOpeningHours": {
                    "date": "2026-09-17",
                    "entries": []
                }
            }
        },
        {
            "type": "Feature",
            "geometry": {
                "type": "Point",
                "coordinates": [
                    12.013122267330168,
                    57.71848570372859
                ]
            },
            "properties": {
                "id": "61e0a307cfc4d247cca9f71e",
                "name": "Landerigatan 11 förskola",
                "businessId": 5406,
                "visitingAddress": "Landerigatan 11",
                "images": [
                    {
                        "small": "https://s3.eu-north-1.amazonaws.com/gbg.serviceguiden/61e0a307cfc4d247cca9f71e_63569a37118251387c5b8678_small.jpg",
                        "small2x": "https://s3.eu-north-1.amazonaws.com/gbg.serviceguiden/61e0a307cfc4d247cca9f71e_63569a37118251387c5b8678_small_2x.jpg",
                        "medium": "https://s3.eu-north-1.amazonaws.com/gbg.serviceguiden/61e0a307cfc4d247cca9f71e_63569a37118251387c5b8678_medium.jpg",
                        "medium2x": "https://s3.eu-north-1.amazonaws.com/gbg.serviceguiden/61e0a307cfc4d247cca9f71e_63569a37118251387c5b8678_medium_2x.jpg",
                        "large": "https://s3.eu-north-1.amazonaws.com/gbg.serviceguiden/61e0a307cfc4d247cca9f71e_63569a37118251387c5b8678_large.jpg",
                        "large2x": "https://s3.eu-north-1.amazonaws.com/gbg.serviceguiden/61e0a307cfc4d247cca9f71e_63569a37118251387c5b8678_large_2x.jpg",
                        "altText": "Bilden föreställer framsidan av en tegelbyggnad med en röd markis. Framför byggnaden finns gröna buskar och en lekplats med gungor. ",
                        "description": "Foto: Davide Panzino"
                    }
                ],
                "todaysOpeningHours": {
                    "date": "2026-09-17",
                    "entries": []
                }
            }
        },
        {
            "type": "Feature",
            "geometry": {
                "type": "Point",
                "coordinates": [
                    12.011516124518739,
                    57.721503662621195
                ]
            },
            "properties": {
                "id": "61e0a307cfc4d247cca9f740",
                "name": "Landerigatan 17 A förskola",
                "businessId": 1675,
                "visitingAddress": "Landerigatan 17A",
                "images": [
                    {
                        "small": "https://s3.eu-north-1.amazonaws.com/gbg.serviceguiden/61e0a307cfc4d247cca9f740_63569aa9118251387c5b9130_small.jpg",
                        "small2x": "https://s3.eu-north-1.amazonaws.com/gbg.serviceguiden/61e0a307cfc4d247cca9f740_63569aa9118251387c5b9130_small_2x.jpg",
                        "medium": "https://s3.eu-north-1.amazonaws.com/gbg.serviceguiden/61e0a307cfc4d247cca9f740_63569aa9118251387c5b9130_medium.jpg",
                        "medium2x": "https://s3.eu-north-1.amazonaws.com/gbg.serviceguiden/61e0a307cfc4d247cca9f740_63569aa9118251387c5b9130_medium_2x.jpg",
                        "large": "https://s3.eu-north-1.amazonaws.com/gbg.serviceguiden/61e0a307cfc4d247cca9f740_63569aa9118251387c5b9130_large.jpg",
                        "large2x": "https://s3.eu-north-1.amazonaws.com/gbg.serviceguiden/61e0a307cfc4d247cca9f740_63569aa9118251387c5b9130_large_2x.jpg",
                        "altText": "Bilden föreställer en röd byggnad med balkonger. Framför bggnaden finns gröna träd och en lekplats med en blå och röd klätterställning med ruschkana och gungor. . ",
                        "description": "Foto: Davide Panzino"
                    }
                ],
                "todaysOpeningHours": {
                    "date": "2026-09-17",
                    "entries": []
                }
            }
        },
        {
            "type": "Feature",
            "geometry": {
                "type": "Point",
                "coordinates": [
                    12.017303625359354,
                    57.73348910796576
                ]
            },
            "properties": {
                "id": "61e0a307cfc4d247cca9f7ab",
                "name": "Lars Kaggsgatan 35L förskola",
                "businessId": 711,
                "visitingAddress": "Lars Kaggsgatan 35L",
                "images": [
                    {
                        "small": "https://s3.eu-north-1.amazonaws.com/gbg.serviceguiden/61e0a307cfc4d247cca9f7ab_63724a8b3b1f9e7372f133ba_small.jpg",
                        "small2x": "https://s3.eu-north-1.amazonaws.com/gbg.serviceguiden/61e0a307cfc4d247cca9f7ab_63724a8b3b1f9e7372f133ba_small_2x.jpg",
                        "medium": "https://s3.eu-north-1.amazonaws.com/gbg.serviceguiden/61e0a307cfc4d247cca9f7ab_63724a8b3b1f9e7372f133ba_medium.jpg",
                        "medium2x": "https://s3.eu-north-1.amazonaws.com/gbg.serviceguiden/61e0a307cfc4d247cca9f7ab_63724a8b3b1f9e7372f133ba_medium_2x.jpg",
                        "large": "https://s3.eu-north-1.amazonaws.com/gbg.serviceguiden/61e0a307cfc4d247cca9f7ab_63724a8b3b1f9e7372f133ba_large.jpg",
                        "large2x": "https://s3.eu-north-1.amazonaws.com/gbg.serviceguiden/61e0a307cfc4d247cca9f7ab_63724a8b3b1f9e7372f133ba_large_2x.jpg",
                        "altText": "Bilden föreställer en tegelbyggnad och en förskolegård. På gården finns en klätterställning med ruschkana och en balansgång. ",
                        "description": "Foto: Davide Panzino"
                    }
                ],
                "todaysOpeningHours": {
                    "date": "2026-09-17",
                    "entries": []
                }
            }
        },
        {
            "type": "Feature",
            "geometry": {
                "type": "Point",
                "coordinates": [
                    11.957955869908306,
                    57.70381975715256
                ]
            },
            "properties": {
                "id": "61e0a307cfc4d247cca9f7c7",
                "name": "Lasarettsgatan 7A förskola",
                "businessId": 224,
                "visitingAddress": "Lasarettsgatan 7A",
                "images": [
                    {
                        "small": "https://s3.eu-north-1.amazonaws.com/gbg.serviceguiden/61e0a307cfc4d247cca9f7c7_63569bf1118251387c5bad42_small.jpg",
                        "small2x": "https://s3.eu-north-1.amazonaws.com/gbg.serviceguiden/61e0a307cfc4d247cca9f7c7_63569bf1118251387c5bad42_small_2x.jpg",
                        "medium": "https://s3.eu-north-1.amazonaws.com/gbg.serviceguiden/61e0a307cfc4d247cca9f7c7_63569bf1118251387c5bad42_medium.jpg",
                        "medium2x": "https://s3.eu-north-1.amazonaws.com/gbg.serviceguiden/61e0a307cfc4d247cca9f7c7_63569bf1118251387c5bad42_medium_2x.jpg",
                        "large": "https://s3.eu-north-1.amazonaws.com/gbg.serviceguiden/61e0a307cfc4d247cca9f7c7_63569bf1118251387c5bad42_large.jpg",
                        "large2x": "https://s3.eu-north-1.amazonaws.com/gbg.serviceguiden/61e0a307cfc4d247cca9f7c7_63569bf1118251387c5bad42_large_2x.jpg",
                        "altText": "Bilden föreställer en klätterställning med ruschkana och sandlåda. Bakom ställningen finns en stenmur. ",
                        "description": "Foto: Davide Panzino "
                    }
                ],
                "todaysOpeningHours": {
                    "date": "2026-09-17",
                    "entries": []
                }
            }
        },
        {
            "type": "Feature",
            "geometry": {
                "type": "Point",
                "coordinates": [
                    11.953601660620334,
                    57.69565877518379
                ]
            },
            "properties": {
                "id": "61e0a308cfc4d247cca9f82e",
                "name": "Leijonsparres Väg 3 förskola",
                "businessId": 4965,
                "visitingAddress": "Leijonsparres Väg 3",
                "description": "<p><span>2026 stänger förskolan och barn och pedagoger flyttar till <a href=\"https://goteborg.se/wps/portal?uri=gbglnk%3agbg.page.ae9bdaaa-8b90-4ea0-80e1-6651457a90fd&amp;id=2611\" target=\"_self\">förskolan Seminariegatan 5-7</a>. Välkommen att söka förskoleplats där.</span></p>",
                "images": [
                    {
                        "small": "https://s3.eu-north-1.amazonaws.com/gbg.serviceguiden/61e0a308cfc4d247cca9f82e_63569cd6118251387c5bc4f3_small.jpg",
                        "small2x": "https://s3.eu-north-1.amazonaws.com/gbg.serviceguiden/61e0a308cfc4d247cca9f82e_63569cd6118251387c5bc4f3_small_2x.jpg",
                        "medium": "https://s3.eu-north-1.amazonaws.com/gbg.serviceguiden/61e0a308cfc4d247cca9f82e_63569cd6118251387c5bc4f3_medium.jpg",
                        "medium2x": "https://s3.eu-north-1.amazonaws.com/gbg.serviceguiden/61e0a308cfc4d247cca9f82e_63569cd6118251387c5bc4f3_medium_2x.jpg",
                        "large": "https://s3.eu-north-1.amazonaws.com/gbg.serviceguiden/61e0a308cfc4d247cca9f82e_63569cd6118251387c5bc4f3_large.jpg",
                        "large2x": "https://s3.eu-north-1.amazonaws.com/gbg.serviceguiden/61e0a308cfc4d247cca9f82e_63569cd6118251387c5bc4f3_large_2x.jpg",
                        "altText": "Bilden föreställer tre vita låga hus. Bakom husen finns höga lägenhetshus. I mitten av byggnaderna finns en lekplats med gröna träd, sand, bänkar och en träbåt. ",
                        "description": "Foto: Davide Panzino "
                    }
                ],
                "todaysOpeningHours": {
                    "date": "2026-09-17",
                    "entries": []
                }
            }
        },
        {
            "type": "Feature",
            "geometry": {
                "type": "Point",
                "coordinates": [
                    11.949575003916765,
                    57.60489647738281
                ]
            },
            "properties": {
                "id": "61e0a308cfc4d247cca9f846",
                "name": "Lekstugan",
                "businessId": 2566,
                "visitingAddress": "Lyckhemsvägen 7",
                "description": "<p>Det här är en fristående förskola. Kontakta förskolan om du vill veta mer om deras verksamhet.</p>",
                "todaysOpeningHours": {
                    "date": "2026-09-17",
                    "entries": []
                }
            }
        },
        {
            "type": "Feature",
            "geometry": {
                "type": "Point",
                "coordinates": [
                    11.982018073040859,
                    57.6937715893463
                ]
            },
            "properties": {
                "id": "61e0a308cfc4d247cca9f87d",
                "name": "Lennart Torstenssonsgatan 11 förskola",
                "businessId": 5507,
                "visitingAddress": "Lennart Torstenssonsgatan 11",
                "images": [
                    {
                        "small": "https://s3.eu-north-1.amazonaws.com/gbg.serviceguiden/61e0a308cfc4d247cca9f87d_63569d56118251387c5bd0b8_small.jpg",
                        "small2x": "https://s3.eu-north-1.amazonaws.com/gbg.serviceguiden/61e0a308cfc4d247cca9f87d_63569d56118251387c5bd0b8_small_2x.jpg",
                        "medium": "https://s3.eu-north-1.amazonaws.com/gbg.serviceguiden/61e0a308cfc4d247cca9f87d_63569d56118251387c5bd0b8_medium.jpg",
                        "medium2x": "https://s3.eu-north-1.amazonaws.com/gbg.serviceguiden/61e0a308cfc4d247cca9f87d_63569d56118251387c5bd0b8_medium_2x.jpg",
                        "large": "https://s3.eu-north-1.amazonaws.com/gbg.serviceguiden/61e0a308cfc4d247cca9f87d_63569d56118251387c5bd0b8_large.jpg",
                        "large2x": "https://s3.eu-north-1.amazonaws.com/gbg.serviceguiden/61e0a308cfc4d247cca9f87d_63569d56118251387c5bd0b8_large_2x.jpg",
                        "altText": "Bilden föreställer en tegelbyggnad med en stenmur utanför. Huset har en dörr i trä och bredvid, till höger om dörren i bilden, finns ett träd med vinröda löv..  ",
                        "description": "Foto: Davide Panzino"
                    }
                ],
                "todaysOpeningHours": {
                    "date": "2026-09-17",
                    "entries": []
                }
            }
        },
        {
            "type": "Feature",
            "geometry": {
                "type": "Point",
                "coordinates": [
                    12.170425660128775,
                    57.80495834913251
                ]
            },
            "properties": {
                "id": "61e0a309cfc4d247cca9f904",
                "name": "Lerumsvägen 31 förskola",
                "businessId": 3075,
                "visitingAddress": "Lerumsvägen 31",
                "images": [
                    {
                        "small": "https://s3.eu-north-1.amazonaws.com/gbg.serviceguiden/61e0a309cfc4d247cca9f904_63724ae33b1f9e7372f13b37_small.jpg",
                        "small2x": "https://s3.eu-north-1.amazonaws.com/gbg.serviceguiden/61e0a309cfc4d247cca9f904_63724ae33b1f9e7372f13b37_small_2x.jpg",
                        "medium": "https://s3.eu-north-1.amazonaws.com/gbg.serviceguiden/61e0a309cfc4d247cca9f904_63724ae33b1f9e7372f13b37_medium.jpg",
                        "medium2x": "https://s3.eu-north-1.amazonaws.com/gbg.serviceguiden/61e0a309cfc4d247cca9f904_63724ae33b1f9e7372f13b37_medium_2x.jpg",
                        "large": "https://s3.eu-north-1.amazonaws.com/gbg.serviceguiden/61e0a309cfc4d247cca9f904_63724ae33b1f9e7372f13b37_large.jpg",
                        "large2x": "https://s3.eu-north-1.amazonaws.com/gbg.serviceguiden/61e0a309cfc4d247cca9f904_63724ae33b1f9e7372f13b37_large_2x.jpg",
                        "altText": "Bilden föreställer en röd byggnad och en förskolegård. På gården finns en sandlåda med ett däck och en leksaksstuga.",
                        "description": "Foto: Davide Panzino"
                    }
                ],
                "todaysOpeningHours": {
                    "date": "2026-09-17",
                    "entries": []
                }
            }
        },
        {
            "type": "Feature",
            "geometry": {
                "type": "Point",
                "coordinates": [
                    11.986584645198802,
                    57.704475682174866
                ]
            },
            "properties": {
                "id": "61e0a309cfc4d247cca9f928",
                "name": "Levgrensvägen 3 förskola",
                "businessId": 4195,
                "visitingAddress": "Levgrensvägen 3",
                "images": [
                    {
                        "small": "https://s3.eu-north-1.amazonaws.com/gbg.serviceguiden/61e0a309cfc4d247cca9f928_63569e98118251387c5be70a_small.jpg",
                        "small2x": "https://s3.eu-north-1.amazonaws.com/gbg.serviceguiden/61e0a309cfc4d247cca9f928_63569e98118251387c5be70a_small_2x.jpg",
                        "medium": "https://s3.eu-north-1.amazonaws.com/gbg.serviceguiden/61e0a309cfc4d247cca9f928_63569e98118251387c5be70a_medium.jpg",
                        "medium2x": "https://s3.eu-north-1.amazonaws.com/gbg.serviceguiden/61e0a309cfc4d247cca9f928_63569e98118251387c5be70a_medium_2x.jpg",
                        "large": "https://s3.eu-north-1.amazonaws.com/gbg.serviceguiden/61e0a309cfc4d247cca9f928_63569e98118251387c5be70a_large.jpg",
                        "large2x": "https://s3.eu-north-1.amazonaws.com/gbg.serviceguiden/61e0a309cfc4d247cca9f928_63569e98118251387c5be70a_large_2x.jpg",
                        "altText": "Bilden föreställer en byggnad i grått och tegel. Framför byggnaden finns en grind och ett grönt träd samt två mindre förråd. ",
                        "description": "Foto: Davide Panzino"
                    }
                ],
                "todaysOpeningHours": {
                    "date": "2026-09-17",
                    "entries": []
                }
            }
        },
        {
            "type": "Feature",
            "geometry": {
                "type": "Point",
                "coordinates": [
                    11.923997453459647,
                    57.685275659993046
                ]
            },
            "properties": {
                "id": "61e0a30acfc4d247cca9f958",
                "name": "Liljan",
                "businessId": 258,
                "visitingAddress": "Birger Jarlsgatan 20I",
                "description": "<p>Det här är en fristående förskola. Kontakta förskolan om du vill veta mer om deras verksamhet.</p>",
                "todaysOpeningHours": {
                    "date": "2026-09-17",
                    "entries": []
                }
            }
        },
        {
            "type": "Feature",
            "geometry": {
                "type": "Point",
                "coordinates": [
                    12.05859409581321,
                    57.79840073374354
                ]
            },
            "properties": {
                "id": "61e0a30acfc4d247cca9fa24",
                "name": "Lilla Fjäderharvsgatan 6 förskola",
                "businessId": 6555,
                "visitingAddress": "Lilla Fjäderharvsgatan 6",
                "images": [
                    {
                        "small": "https://s3.eu-north-1.amazonaws.com/gbg.serviceguiden/61e0a30acfc4d247cca9fa24_637252333b1f9e7372f1c7db_small.jpg",
                        "small2x": "https://s3.eu-north-1.amazonaws.com/gbg.serviceguiden/61e0a30acfc4d247cca9fa24_637252333b1f9e7372f1c7db_small_2x.jpg",
                        "medium": "https://s3.eu-north-1.amazonaws.com/gbg.serviceguiden/61e0a30acfc4d247cca9fa24_637252333b1f9e7372f1c7db_medium.jpg",
                        "medium2x": "https://s3.eu-north-1.amazonaws.com/gbg.serviceguiden/61e0a30acfc4d247cca9fa24_637252333b1f9e7372f1c7db_medium_2x.jpg",
                        "large": "https://s3.eu-north-1.amazonaws.com/gbg.serviceguiden/61e0a30acfc4d247cca9fa24_637252333b1f9e7372f1c7db_large.jpg",
                        "large2x": "https://s3.eu-north-1.amazonaws.com/gbg.serviceguiden/61e0a30acfc4d247cca9fa24_637252333b1f9e7372f1c7db_large_2x.jpg",
                        "altText": "Bilden föreställer en grå byggnad och en uteplats med utomhusbänkar. ",
                        "description": "Foto: Davide Panzino"
                    }
                ],
                "todaysOpeningHours": {
                    "date": "2026-09-17",
                    "entries": []
                }
            }
        },
        {
            "type": "Feature",
            "geometry": {
                "type": "Point",
                "coordinates": [
                    11.889527685077555,
                    57.650439615623235
                ]
            },
            "properties": {
                "id": "61e0a30acfc4d247cca9fa4a",
                "name": "Lilla Grevegårdsvägen 6 förskola",
                "businessId": 1542,
                "visitingAddress": "Lilla Grevegårdsvägen 6",
                "images": [
                    {
                        "small": "https://s3.eu-north-1.amazonaws.com/gbg.serviceguiden/61e0a30acfc4d247cca9fa4a_6374f37c3b1f9e737222bd49_small.jpg",
                        "small2x": "https://s3.eu-north-1.amazonaws.com/gbg.serviceguiden/61e0a30acfc4d247cca9fa4a_6374f37c3b1f9e737222bd49_small_2x.jpg",
                        "medium": "https://s3.eu-north-1.amazonaws.com/gbg.serviceguiden/61e0a30acfc4d247cca9fa4a_6374f37c3b1f9e737222bd49_medium.jpg",
                        "medium2x": "https://s3.eu-north-1.amazonaws.com/gbg.serviceguiden/61e0a30acfc4d247cca9fa4a_6374f37c3b1f9e737222bd49_medium_2x.jpg",
                        "large": "https://s3.eu-north-1.amazonaws.com/gbg.serviceguiden/61e0a30acfc4d247cca9fa4a_6374f37c3b1f9e737222bd49_large.jpg",
                        "large2x": "https://s3.eu-north-1.amazonaws.com/gbg.serviceguiden/61e0a30acfc4d247cca9fa4a_6374f37c3b1f9e737222bd49_large_2x.jpg",
                        "altText": "Bilden föreställer en byggnad och en förskolegård med bland annat ett utomhuskök, en sandlåda och en leksaksstuga. ",
                        "description": "Foto: Davide Panzino"
                    }
                ],
                "todaysOpeningHours": {
                    "date": "2026-09-17",
                    "entries": []
                }
            }
        },
        {
            "type": "Feature",
            "geometry": {
                "type": "Point",
                "coordinates": [
                    11.908644568348354,
                    57.7725358688194
                ]
            },
            "properties": {
                "id": "61e0a30bcfc4d247cca9fa62",
                "name": "Lilla Holm",
                "businessId": 2431,
                "visitingAddress": "Stora Holms Säteri 8",
                "description": "<p>Det här är en fristående förskola. Kontakta förskolan om du vill veta mer om deras verksamhet.</p>",
                "todaysOpeningHours": {
                    "date": "2026-09-17",
                    "entries": []
                }
            }
        },
        {
            "type": "Feature",
            "geometry": {
                "type": "Point",
                "coordinates": [
                    11.877866930120316,
                    57.6692974650024
                ]
            },
            "properties": {
                "id": "61e0a30bcfc4d247cca9faaa",
                "name": "Lilla Montessori ",
                "businessId": 1634,
                "visitingAddress": "Västra Palmgrensgatan 77",
                "description": "<p>Det här är en fristående förskola. Kontakta förskolan om du vill veta mer om deras verksamhet.</p>",
                "todaysOpeningHours": {
                    "date": "2026-09-17",
                    "entries": []
                }
            }
        },
        {
            "type": "Feature",
            "geometry": {
                "type": "Point",
                "coordinates": [
                    11.939495568419956,
                    57.59082373108741
                ]
            },
            "properties": {
                "id": "61e0a30bcfc4d247cca9fae1",
                "name": "Lilla Skintebovägen 8 förskola",
                "businessId": 32,
                "visitingAddress": "Lilla Skintebovägen 8",
                "images": [
                    {
                        "small": "https://s3.eu-north-1.amazonaws.com/gbg.serviceguiden/61e0a30bcfc4d247cca9fae1_686387cd3ac0c10b481f68f8_small.jpg",
                        "small2x": "https://s3.eu-north-1.amazonaws.com/gbg.serviceguiden/61e0a30bcfc4d247cca9fae1_686387cd3ac0c10b481f68f8_small_2x.jpg",
                        "medium": "https://s3.eu-north-1.amazonaws.com/gbg.serviceguiden/61e0a30bcfc4d247cca9fae1_686387cd3ac0c10b481f68f8_medium.jpg",
                        "medium2x": "https://s3.eu-north-1.amazonaws.com/gbg.serviceguiden/61e0a30bcfc4d247cca9fae1_686387cd3ac0c10b481f68f8_medium_2x.jpg",
                        "large": "https://s3.eu-north-1.amazonaws.com/gbg.serviceguiden/61e0a30bcfc4d247cca9fae1_686387cd3ac0c10b481f68f8_large.jpg",
                        "large2x": "https://s3.eu-north-1.amazonaws.com/gbg.serviceguiden/61e0a30bcfc4d247cca9fae1_686387cd3ac0c10b481f68f8_large_2x.jpg",
                        "altText": "Ingång till träbyggnad med barncyklar framför.",
                        "description": ""
                    }
                ],
                "todaysOpeningHours": {
                    "date": "2026-09-17",
                    "entries": []
                }
            }
        },
        {
            "type": "Feature",
            "geometry": {
                "type": "Point",
                "coordinates": [
                    11.900195173451106,
                    57.73936186726594
                ]
            },
            "properties": {
                "id": "61e0a30ccfc4d247cca9fb13",
                "name": "Lilla Solstrålegatan 10 förskola",
                "businessId": 171,
                "visitingAddress": "Lilla Solstrålegatan 10",
                "images": [
                    {
                        "small": "https://s3.eu-north-1.amazonaws.com/gbg.serviceguiden/61e0a30ccfc4d247cca9fb13_6363cf64118251387c22bbd6_small.jpg",
                        "small2x": "https://s3.eu-north-1.amazonaws.com/gbg.serviceguiden/61e0a30ccfc4d247cca9fb13_6363cf64118251387c22bbd6_small_2x.jpg",
                        "medium": "https://s3.eu-north-1.amazonaws.com/gbg.serviceguiden/61e0a30ccfc4d247cca9fb13_6363cf64118251387c22bbd6_medium.jpg",
                        "medium2x": "https://s3.eu-north-1.amazonaws.com/gbg.serviceguiden/61e0a30ccfc4d247cca9fb13_6363cf64118251387c22bbd6_medium_2x.jpg",
                        "large": "https://s3.eu-north-1.amazonaws.com/gbg.serviceguiden/61e0a30ccfc4d247cca9fb13_6363cf64118251387c22bbd6_large.jpg",
                        "large2x": "https://s3.eu-north-1.amazonaws.com/gbg.serviceguiden/61e0a30ccfc4d247cca9fb13_6363cf64118251387c22bbd6_large_2x.jpg",
                        "altText": "Bilden föreställer en grå byggnad. Framför byggnaden finns en lekpark med en ruschkana, utomhusbänkar och stubbar i olika färger som är nedgrävda i gräs.",
                        "description": "Foto: Davide Panzino"
                    }
                ],
                "todaysOpeningHours": {
                    "date": "2026-09-17",
                    "entries": []
                }
            }
        },
        {
            "type": "Feature",
            "geometry": {
                "type": "Point",
                "coordinates": [
                    12.039960232342702,
                    57.8169058974475
                ]
            },
            "properties": {
                "id": "64ccba8fdd5d944feda305d2",
                "name": "Lilla Viljaskolan Angered ",
                "businessId": 7295,
                "visitingAddress": "Vaniljgatan 21",
                "description": "<p>Det här är en fristående förskola. Kontakta förskolan om du vill veta mer om deras verksamhet.</p>",
                "todaysOpeningHours": {
                    "date": "2026-09-17",
                    "entries": []
                }
            }
        },
        {
            "type": "Feature",
            "geometry": {
                "type": "Point",
                "coordinates": [
                    11.801221343107782,
                    57.7395563655592
                ]
            },
            "properties": {
                "id": "61e0a30ecfc4d247cca9fca2",
                "name": "Lillebyvägen 9 förskola",
                "businessId": 1438,
                "visitingAddress": "Lillebyvägen 9",
                "images": [
                    {
                        "small": "https://s3.eu-north-1.amazonaws.com/gbg.serviceguiden/61e0a30ecfc4d247cca9fca2_6363d67a118251387c2328c6_small.jpg",
                        "small2x": "https://s3.eu-north-1.amazonaws.com/gbg.serviceguiden/61e0a30ecfc4d247cca9fca2_6363d67a118251387c2328c6_small_2x.jpg",
                        "medium": "https://s3.eu-north-1.amazonaws.com/gbg.serviceguiden/61e0a30ecfc4d247cca9fca2_6363d67a118251387c2328c6_medium.jpg",
                        "medium2x": "https://s3.eu-north-1.amazonaws.com/gbg.serviceguiden/61e0a30ecfc4d247cca9fca2_6363d67a118251387c2328c6_medium_2x.jpg",
                        "large": "https://s3.eu-north-1.amazonaws.com/gbg.serviceguiden/61e0a30ecfc4d247cca9fca2_6363d67a118251387c2328c6_large.jpg",
                        "large2x": "https://s3.eu-north-1.amazonaws.com/gbg.serviceguiden/61e0a30ecfc4d247cca9fca2_6363d67a118251387c2328c6_large_2x.jpg",
                        "altText": "Bilden föreställer en röd byggnad. Framför byggnaden finns en lekplats med en klätterställning och ruschkana, däck och en vattenbana i trä.",
                        "description": "Foto: Davide Panzino "
                    }
                ],
                "todaysOpeningHours": {
                    "date": "2026-09-17",
                    "entries": []
                }
            }
        },
        {
            "type": "Feature",
            "geometry": {
                "type": "Point",
                "coordinates": [
                    11.991369386769632,
                    57.79500039904562
                ]
            },
            "properties": {
                "id": "61e0a30ecfc4d247cca9fcdf",
                "name": "Lillekärr Norra 130 förskola",
                "businessId": 1172,
                "visitingAddress": "Lillekärr Norra 130",
                "images": [
                    {
                        "small": "https://s3.eu-north-1.amazonaws.com/gbg.serviceguiden/61e0a30ecfc4d247cca9fcdf_6363d6eb118251387c2330ef_small.jpg",
                        "small2x": "https://s3.eu-north-1.amazonaws.com/gbg.serviceguiden/61e0a30ecfc4d247cca9fcdf_6363d6eb118251387c2330ef_small_2x.jpg",
                        "medium": "https://s3.eu-north-1.amazonaws.com/gbg.serviceguiden/61e0a30ecfc4d247cca9fcdf_6363d6eb118251387c2330ef_medium.jpg",
                        "medium2x": "https://s3.eu-north-1.amazonaws.com/gbg.serviceguiden/61e0a30ecfc4d247cca9fcdf_6363d6eb118251387c2330ef_medium_2x.jpg",
                        "large": "https://s3.eu-north-1.amazonaws.com/gbg.serviceguiden/61e0a30ecfc4d247cca9fcdf_6363d6eb118251387c2330ef_large.jpg",
                        "large2x": "https://s3.eu-north-1.amazonaws.com/gbg.serviceguiden/61e0a30ecfc4d247cca9fcdf_6363d6eb118251387c2330ef_large_2x.jpg",
                        "altText": "Bilden föreställer en vit byggnad. Framför byggnaden finns buskar och en leksaksstuga.",
                        "description": "Foto: Davide Panzino"
                    }
                ],
                "todaysOpeningHours": {
                    "date": "2026-09-17",
                    "entries": []
                }
            }
        },
        {
            "type": "Feature",
            "geometry": {
                "type": "Point",
                "coordinates": [
                    11.994709871731773,
                    57.79340468736603
                ]
            },
            "properties": {
                "id": "61e0a30ecfc4d247cca9fd0b",
                "name": "Lillekärr Södra 53 förskola",
                "businessId": 1175,
                "visitingAddress": "Lillekärr Södra 53",
                "images": [
                    {
                        "small": "https://s3.eu-north-1.amazonaws.com/gbg.serviceguiden/61e0a30ecfc4d247cca9fd0b_6363d74b118251387c2336bd_small.jpg",
                        "small2x": "https://s3.eu-north-1.amazonaws.com/gbg.serviceguiden/61e0a30ecfc4d247cca9fd0b_6363d74b118251387c2336bd_small_2x.jpg",
                        "medium": "https://s3.eu-north-1.amazonaws.com/gbg.serviceguiden/61e0a30ecfc4d247cca9fd0b_6363d74b118251387c2336bd_medium.jpg",
                        "medium2x": "https://s3.eu-north-1.amazonaws.com/gbg.serviceguiden/61e0a30ecfc4d247cca9fd0b_6363d74b118251387c2336bd_medium_2x.jpg",
                        "large": "https://s3.eu-north-1.amazonaws.com/gbg.serviceguiden/61e0a30ecfc4d247cca9fd0b_6363d74b118251387c2336bd_large.jpg",
                        "large2x": "https://s3.eu-north-1.amazonaws.com/gbg.serviceguiden/61e0a30ecfc4d247cca9fd0b_6363d74b118251387c2336bd_large_2x.jpg",
                        "altText": "Bilden föreställer en gul byggnad. Framför byggnaden finns en gård med en staty i trä, ruschkana och gunga.",
                        "description": "Foto: Davide Panzino"
                    }
                ],
                "todaysOpeningHours": {
                    "date": "2026-09-17",
                    "entries": []
                }
            }
        },
        {
            "type": "Feature",
            "geometry": {
                "type": "Point",
                "coordinates": [
                    11.943635067389115,
                    57.67753053316892
                ]
            },
            "properties": {
                "id": "61e0a30fcfc4d247cca9fdcd",
                "name": "Lillängsgatan 6 förskola",
                "businessId": 2612,
                "visitingAddress": "Lillängsgatan 6",
                "todaysOpeningHours": {
                    "date": "2026-09-17",
                    "entries": []
                }
            }
        },
        {
            "type": "Feature",
            "geometry": {
                "type": "Point",
                "coordinates": [
                    11.941271756483077,
                    57.56632206897286
                ]
            },
            "properties": {
                "id": "61e0a30fcfc4d247cca9fdef",
                "name": "Lindebovägen 1 förskola",
                "businessId": 29,
                "visitingAddress": "Lindebovägen 1",
                "images": [
                    {
                        "small": "https://s3.eu-north-1.amazonaws.com/gbg.serviceguiden/61e0a30fcfc4d247cca9fdef_6a9ea6154e73d67cdd4b6b30_small.jpg",
                        "small2x": "https://s3.eu-north-1.amazonaws.com/gbg.serviceguiden/61e0a30fcfc4d247cca9fdef_6a9ea6154e73d67cdd4b6b30_small_2x.jpg",
                        "medium": "https://s3.eu-north-1.amazonaws.com/gbg.serviceguiden/61e0a30fcfc4d247cca9fdef_6a9ea6154e73d67cdd4b6b30_medium.jpg",
                        "medium2x": "https://s3.eu-north-1.amazonaws.com/gbg.serviceguiden/61e0a30fcfc4d247cca9fdef_6a9ea6154e73d67cdd4b6b30_medium_2x.jpg",
                        "large": "https://s3.eu-north-1.amazonaws.com/gbg.serviceguiden/61e0a30fcfc4d247cca9fdef_6a9ea6154e73d67cdd4b6b30_large.jpg",
                        "large2x": "https://s3.eu-north-1.amazonaws.com/gbg.serviceguiden/61e0a30fcfc4d247cca9fdef_6a9ea6154e73d67cdd4b6b30_large_2x.jpg",
                        "altText": "Ljusgrå enplansbyggnad med blommor framför ",
                        "description": "Foto: Förskoleförvaltningen"
                    }
                ],
                "todaysOpeningHours": {
                    "date": "2026-09-17",
                    "entries": []
                }
            }
        },
        {
            "type": "Feature",
            "geometry": {
                "type": "Point",
                "coordinates": [
                    11.887130594839677,
                    57.65510364592455
                ]
            },
            "properties": {
                "id": "61e0a311cfc4d247cca9ff33",
                "name": "Lingonet, Grevegårdens Kyrka",
                "businessId": 2395,
                "visitingAddress": "Lingonvägen 28",
                "description": "<p>Det här är en fristående förskola. Kontakta förskolan om du vill veta mer om deras verksamhet.</p>",
                "todaysOpeningHours": {
                    "date": "2026-09-17",
                    "entries": []
                }
            }
        },
        {
            "type": "Feature",
            "geometry": {
                "type": "Point",
                "coordinates": [
                    11.986700348486973,
                    57.750736294530164
                ]
            },
            "properties": {
                "id": "61e0a311cfc4d247cca9fff8",
                "name": "Lisa Sass Gata 11 förskola",
                "businessId": 83,
                "visitingAddress": "Lisa Sass Gata 11",
                "images": [
                    {
                        "small": "https://s3.eu-north-1.amazonaws.com/gbg.serviceguiden/61e0a311cfc4d247cca9fff8_67dad2b5008b2779fc663d27_small.jpg",
                        "small2x": "https://s3.eu-north-1.amazonaws.com/gbg.serviceguiden/61e0a311cfc4d247cca9fff8_67dad2b5008b2779fc663d27_small_2x.jpg",
                        "medium": "https://s3.eu-north-1.amazonaws.com/gbg.serviceguiden/61e0a311cfc4d247cca9fff8_67dad2b5008b2779fc663d27_medium.jpg",
                        "medium2x": "https://s3.eu-north-1.amazonaws.com/gbg.serviceguiden/61e0a311cfc4d247cca9fff8_67dad2b5008b2779fc663d27_medium_2x.jpg",
                        "large": "https://s3.eu-north-1.amazonaws.com/gbg.serviceguiden/61e0a311cfc4d247cca9fff8_67dad2b5008b2779fc663d27_large.jpg",
                        "large2x": "https://s3.eu-north-1.amazonaws.com/gbg.serviceguiden/61e0a311cfc4d247cca9fff8_67dad2b5008b2779fc663d27_large_2x.jpg",
                        "altText": "Lisa Sass gata 11",
                        "description": ""
                    }
                ],
                "todaysOpeningHours": {
                    "date": "2026-09-17",
                    "entries": []
                }
            }
        },
        {
            "type": "Feature",
            "geometry": {
                "type": "Point",
                "coordinates": [
                    11.973580988090218,
                    57.742903002132024
                ]
            },
            "properties": {
                "id": "659eabec9d140a375eda85a5",
                "name": "Litteraturtorget 5 förskola",
                "businessId": 7336,
                "visitingAddress": "Litteraturtorget 5",
                "images": [
                    {
                        "small": "https://s3.eu-north-1.amazonaws.com/gbg.serviceguiden/659eabec9d140a375eda85a5_6a197087a6447f1ed7073f58_small.jpg",
                        "small2x": "https://s3.eu-north-1.amazonaws.com/gbg.serviceguiden/659eabec9d140a375eda85a5_6a197087a6447f1ed7073f58_small_2x.jpg",
                        "medium": "https://s3.eu-north-1.amazonaws.com/gbg.serviceguiden/659eabec9d140a375eda85a5_6a197087a6447f1ed7073f58_medium.jpg",
                        "medium2x": "https://s3.eu-north-1.amazonaws.com/gbg.serviceguiden/659eabec9d140a375eda85a5_6a197087a6447f1ed7073f58_medium_2x.jpg",
                        "large": "https://s3.eu-north-1.amazonaws.com/gbg.serviceguiden/659eabec9d140a375eda85a5_6a197087a6447f1ed7073f58_large.jpg",
                        "large2x": "https://s3.eu-north-1.amazonaws.com/gbg.serviceguiden/659eabec9d140a375eda85a5_6a197087a6447f1ed7073f58_large_2x.jpg",
                        "altText": "Bilden visar förskolan och en del av gården.",
                        "description": "Foto: Stadsfastighetsförvaltningen"
                    }
                ],
                "todaysOpeningHours": {
                    "date": "2026-09-17",
                    "entries": []
                }
            }
        },
        {
            "type": "Feature",
            "geometry": {
                "type": "Point",
                "coordinates": [
                    12.03394863392234,
                    57.81238880476548
                ]
            },
            "properties": {
                "id": "61e0a312cfc4d247ccaa0066",
                "name": "Little Kids förskola",
                "businessId": 4715,
                "visitingAddress": "Koriandergatan 6",
                "description": "<p>Det här är en fristående förskola. Kontakta förskolan om du vill veta mer om deras verksamhet.</p>",
                "todaysOpeningHours": {
                    "date": "2026-09-17",
                    "entries": []
                }
            }
        },
        {
            "type": "Feature",
            "geometry": {
                "type": "Point",
                "coordinates": [
                    11.98799453994792,
                    57.687135875155974
                ]
            },
            "properties": {
                "id": "61e0a312cfc4d247ccaa00a0",
                "name": "Ljusstöparegatan 1A förskola",
                "businessId": 226,
                "visitingAddress": "Ljusstöparegatan 1A",
                "images": [
                    {
                        "small": "https://s3.eu-north-1.amazonaws.com/gbg.serviceguiden/61e0a312cfc4d247ccaa00a0_6356a01c118251387c5c0b16_small.jpg",
                        "small2x": "https://s3.eu-north-1.amazonaws.com/gbg.serviceguiden/61e0a312cfc4d247ccaa00a0_6356a01c118251387c5c0b16_small_2x.jpg",
                        "medium": "https://s3.eu-north-1.amazonaws.com/gbg.serviceguiden/61e0a312cfc4d247ccaa00a0_6356a01c118251387c5c0b16_medium.jpg",
                        "medium2x": "https://s3.eu-north-1.amazonaws.com/gbg.serviceguiden/61e0a312cfc4d247ccaa00a0_6356a01c118251387c5c0b16_medium_2x.jpg",
                        "large": "https://s3.eu-north-1.amazonaws.com/gbg.serviceguiden/61e0a312cfc4d247ccaa00a0_6356a01c118251387c5c0b16_large.jpg",
                        "large2x": "https://s3.eu-north-1.amazonaws.com/gbg.serviceguiden/61e0a312cfc4d247ccaa00a0_6356a01c118251387c5c0b16_large_2x.jpg",
                        "altText": "Bilden föreställer två, en större och en mindre, gula byggnader med röda fönsterkarmar. Framför byggnaden inns en lekplats med en röd klätterställning med ruschkana, en gunghäst, utomhusmöbler. I träbalkarna ovanför lekplatsen hänger girlanger i olika färger. ",
                        "description": "Foto: Davide Panzino "
                    }
                ],
                "todaysOpeningHours": {
                    "date": "2026-09-17",
                    "entries": []
                }
            }
        },
        {
            "type": "Feature",
            "geometry": {
                "type": "Point",
                "coordinates": [
                    11.89538493226027,
                    57.66426296655148
                ]
            },
            "properties": {
                "id": "61e0a313cfc4d247ccaa0151",
                "name": "Lonsegårdsvägen 39 förskola",
                "businessId": 1635,
                "visitingAddress": "Lonsegårdsvägen 39",
                "todaysOpeningHours": {
                    "date": "2026-09-17",
                    "entries": []
                }
            }
        },
        {
            "type": "Feature",
            "geometry": {
                "type": "Point",
                "coordinates": [
                    12.034333254852234,
                    57.735545353249705
                ]
            },
            "properties": {
                "id": "61e0a313cfc4d247ccaa01c3",
                "name": "Luftvärnsvägen 23 förskola",
                "businessId": 6030,
                "visitingAddress": "Luftvärnsvägen 23",
                "images": [
                    {
                        "small": "https://s3.eu-north-1.amazonaws.com/gbg.serviceguiden/61e0a313cfc4d247ccaa01c3_6372528e3b1f9e7372f1da8f_small.jpg",
                        "small2x": "https://s3.eu-north-1.amazonaws.com/gbg.serviceguiden/61e0a313cfc4d247ccaa01c3_6372528e3b1f9e7372f1da8f_small_2x.jpg",
                        "medium": "https://s3.eu-north-1.amazonaws.com/gbg.serviceguiden/61e0a313cfc4d247ccaa01c3_6372528e3b1f9e7372f1da8f_medium.jpg",
                        "medium2x": "https://s3.eu-north-1.amazonaws.com/gbg.serviceguiden/61e0a313cfc4d247ccaa01c3_6372528e3b1f9e7372f1da8f_medium_2x.jpg",
                        "large": "https://s3.eu-north-1.amazonaws.com/gbg.serviceguiden/61e0a313cfc4d247ccaa01c3_6372528e3b1f9e7372f1da8f_large.jpg",
                        "large2x": "https://s3.eu-north-1.amazonaws.com/gbg.serviceguiden/61e0a313cfc4d247ccaa01c3_6372528e3b1f9e7372f1da8f_large_2x.jpg",
                        "altText": "Bilden föreställer en byggnad och en förskolegård. På gården finns träd, utomhusbänkar och en hinderbana i trä.",
                        "description": "Foto: Davide Panzino"
                    }
                ],
                "todaysOpeningHours": {
                    "date": "2026-09-17",
                    "entries": []
                }
            }
        },
        {
            "type": "Feature",
            "geometry": {
                "type": "Point",
                "coordinates": [
                    11.947722086960848,
                    57.69293639570444
                ]
            },
            "properties": {
                "id": "61e0a315cfc4d247ccaa0371",
                "name": "Lyran",
                "businessId": 2617,
                "visitingAddress": "Nordostpassagen 42",
                "description": "<p>Det här är en fristående förskola. Kontakta förskolan om du vill veta mer om deras verksamhet.</p>",
                "todaysOpeningHours": {
                    "date": "2026-09-17",
                    "entries": []
                }
            }
        },
        {
            "type": "Feature",
            "geometry": {
                "type": "Point",
                "coordinates": [
                    11.77590369397641,
                    57.72070343976276
                ]
            },
            "properties": {
                "id": "61e0a316cfc4d247ccaa03c3",
                "name": "Låkebergsgatan 10 förskola",
                "businessId": 1441,
                "visitingAddress": "Låkebergsgatan 10",
                "images": [
                    {
                        "small": "https://s3.eu-north-1.amazonaws.com/gbg.serviceguiden/61e0a316cfc4d247ccaa03c3_6363da71118251387c236fa4_small.jpg",
                        "small2x": "https://s3.eu-north-1.amazonaws.com/gbg.serviceguiden/61e0a316cfc4d247ccaa03c3_6363da71118251387c236fa4_small_2x.jpg",
                        "medium": "https://s3.eu-north-1.amazonaws.com/gbg.serviceguiden/61e0a316cfc4d247ccaa03c3_6363da71118251387c236fa4_medium.jpg",
                        "medium2x": "https://s3.eu-north-1.amazonaws.com/gbg.serviceguiden/61e0a316cfc4d247ccaa03c3_6363da71118251387c236fa4_medium_2x.jpg",
                        "large": "https://s3.eu-north-1.amazonaws.com/gbg.serviceguiden/61e0a316cfc4d247ccaa03c3_6363da71118251387c236fa4_large.jpg",
                        "large2x": "https://s3.eu-north-1.amazonaws.com/gbg.serviceguiden/61e0a316cfc4d247ccaa03c3_6363da71118251387c236fa4_large_2x.jpg",
                        "altText": "Bilden föreställer ett röd hus med vita fönsterkarmar. Framför huset finns en stor sten och träd.",
                        "description": "Foto: Davide Panzino "
                    }
                ],
                "todaysOpeningHours": {
                    "date": "2026-09-17",
                    "entries": []
                }
            }
        },
        {
            "type": "Feature",
            "geometry": {
                "type": "Point",
                "coordinates": [
                    11.933870190682134,
                    57.63320405652867
                ]
            },
            "properties": {
                "id": "64242a2523f9af428f55c4cd",
                "name": "Långlyckevägen 2 förskola",
                "businessId": 7240,
                "visitingAddress": "Långlyckevägen 2",
                "todaysOpeningHours": {
                    "date": "2026-09-17",
                    "entries": []
                }
            }
        },
        {
            "type": "Feature",
            "geometry": {
                "type": "Point",
                "coordinates": [
                    11.89968844287486,
                    57.72483935951562
                ]
            },
            "properties": {
                "id": "61e0a389cfc4d247ccaa68c9",
                "name": "Långströmsgatan 34 D förskola",
                "businessId": 166,
                "visitingAddress": "Långströmsgatan 34C",
                "images": [
                    {
                        "small": "https://s3.eu-north-1.amazonaws.com/gbg.serviceguiden/61e0a389cfc4d247ccaa68c9_6a4cae36d821e8478203ce8b_small.jpg",
                        "small2x": "https://s3.eu-north-1.amazonaws.com/gbg.serviceguiden/61e0a389cfc4d247ccaa68c9_6a4cae36d821e8478203ce8b_small_2x.jpg",
                        "medium": "https://s3.eu-north-1.amazonaws.com/gbg.serviceguiden/61e0a389cfc4d247ccaa68c9_6a4cae36d821e8478203ce8b_medium.jpg",
                        "medium2x": "https://s3.eu-north-1.amazonaws.com/gbg.serviceguiden/61e0a389cfc4d247ccaa68c9_6a4cae36d821e8478203ce8b_medium_2x.jpg",
                        "large": "https://s3.eu-north-1.amazonaws.com/gbg.serviceguiden/61e0a389cfc4d247ccaa68c9_6a4cae36d821e8478203ce8b_large.jpg",
                        "large2x": "https://s3.eu-north-1.amazonaws.com/gbg.serviceguiden/61e0a389cfc4d247ccaa68c9_6a4cae36d821e8478203ce8b_large_2x.jpg",
                        "altText": "Förskolans byggnad med gården i förgrunden.",
                        "description": "Foto: Förskoleförvaltningen"
                    }
                ],
                "todaysOpeningHours": {
                    "date": "2026-09-17",
                    "entries": []
                }
            }
        },
        {
            "type": "Feature",
            "geometry": {
                "type": "Point",
                "coordinates": [
                    11.826578688006855,
                    57.74269772403414
                ]
            },
            "properties": {
                "id": "61e0a317cfc4d247ccaa0515",
                "name": "Låssbyvägen 55 förskola",
                "businessId": 1442,
                "visitingAddress": "Låssbyvägen 55",
                "images": [
                    {
                        "small": "https://s3.eu-north-1.amazonaws.com/gbg.serviceguiden/61e0a317cfc4d247ccaa0515_6363dc80118251387c2394ff_small.jpg",
                        "small2x": "https://s3.eu-north-1.amazonaws.com/gbg.serviceguiden/61e0a317cfc4d247ccaa0515_6363dc80118251387c2394ff_small_2x.jpg",
                        "medium": "https://s3.eu-north-1.amazonaws.com/gbg.serviceguiden/61e0a317cfc4d247ccaa0515_6363dc80118251387c2394ff_medium.jpg",
                        "medium2x": "https://s3.eu-north-1.amazonaws.com/gbg.serviceguiden/61e0a317cfc4d247ccaa0515_6363dc80118251387c2394ff_medium_2x.jpg",
                        "large": "https://s3.eu-north-1.amazonaws.com/gbg.serviceguiden/61e0a317cfc4d247ccaa0515_6363dc80118251387c2394ff_large.jpg",
                        "large2x": "https://s3.eu-north-1.amazonaws.com/gbg.serviceguiden/61e0a317cfc4d247ccaa0515_6363dc80118251387c2394ff_large_2x.jpg",
                        "altText": "Bilden föreställer en gul byggnad och en sandlåda. En girlang i rosa och lila hänger horisontellt över bilden. ",
                        "description": "Foto: Davide Panzino"
                    }
                ],
                "todaysOpeningHours": {
                    "date": "2026-09-17",
                    "entries": []
                }
            }
        },
        {
            "type": "Feature",
            "geometry": {
                "type": "Point",
                "coordinates": [
                    12.05361799740113,
                    57.798520104686816
                ]
            },
            "properties": {
                "id": "61e0a318cfc4d247ccaa0597",
                "name": "Länkharvsgatan 3 förskola",
                "businessId": 516,
                "visitingAddress": "Länkharvsgatan 3",
                "images": [
                    {
                        "small": "https://s3.eu-north-1.amazonaws.com/gbg.serviceguiden/61e0a318cfc4d247ccaa0597_637252cb3b1f9e7372f1decc_small.jpg",
                        "small2x": "https://s3.eu-north-1.amazonaws.com/gbg.serviceguiden/61e0a318cfc4d247ccaa0597_637252cb3b1f9e7372f1decc_small_2x.jpg",
                        "medium": "https://s3.eu-north-1.amazonaws.com/gbg.serviceguiden/61e0a318cfc4d247ccaa0597_637252cb3b1f9e7372f1decc_medium.jpg",
                        "medium2x": "https://s3.eu-north-1.amazonaws.com/gbg.serviceguiden/61e0a318cfc4d247ccaa0597_637252cb3b1f9e7372f1decc_medium_2x.jpg",
                        "large": "https://s3.eu-north-1.amazonaws.com/gbg.serviceguiden/61e0a318cfc4d247ccaa0597_637252cb3b1f9e7372f1decc_large.jpg",
                        "large2x": "https://s3.eu-north-1.amazonaws.com/gbg.serviceguiden/61e0a318cfc4d247ccaa0597_637252cb3b1f9e7372f1decc_large_2x.jpg",
                        "altText": "Bilden föreställer en grå byggnad och en gård med en klätterställning med ruschkana. ",
                        "description": "Foto: Davide Panzino"
                    }
                ],
                "todaysOpeningHours": {
                    "date": "2026-09-17",
                    "entries": []
                }
            }
        },
        {
            "type": "Feature",
            "geometry": {
                "type": "Point",
                "coordinates": [
                    11.888971725331071,
                    57.675125712912156
                ]
            },
            "properties": {
                "id": "61e0a31acfc4d247ccaa0815",
                "name": "Makrillen",
                "businessId": 3210,
                "visitingAddress": "Östra Palmgrensgatan 23",
                "description": "<p>Det här är en fristående förskola. Kontakta förskolan om du vill veta mer om deras verksamhet.</p>",
                "todaysOpeningHours": {
                    "date": "2026-09-17",
                    "entries": []
                }
            }
        },
        {
            "type": "Feature",
            "geometry": {
                "type": "Point",
                "coordinates": [
                    11.967912970220736,
                    57.693823141378445
                ]
            },
            "properties": {
                "id": "61e0a31bcfc4d247ccaa0835",
                "name": "Malmstensgatan 6 förskola",
                "businessId": 228,
                "visitingAddress": "Malmstensgatan 6",
                "images": [
                    {
                        "small": "https://s3.eu-north-1.amazonaws.com/gbg.serviceguiden/61e0a31bcfc4d247ccaa0835_6356a0ad118251387c5c13e5_small.jpg",
                        "small2x": "https://s3.eu-north-1.amazonaws.com/gbg.serviceguiden/61e0a31bcfc4d247ccaa0835_6356a0ad118251387c5c13e5_small_2x.jpg",
                        "medium": "https://s3.eu-north-1.amazonaws.com/gbg.serviceguiden/61e0a31bcfc4d247ccaa0835_6356a0ad118251387c5c13e5_medium.jpg",
                        "medium2x": "https://s3.eu-north-1.amazonaws.com/gbg.serviceguiden/61e0a31bcfc4d247ccaa0835_6356a0ad118251387c5c13e5_medium_2x.jpg",
                        "large": "https://s3.eu-north-1.amazonaws.com/gbg.serviceguiden/61e0a31bcfc4d247ccaa0835_6356a0ad118251387c5c13e5_large.jpg",
                        "large2x": "https://s3.eu-north-1.amazonaws.com/gbg.serviceguiden/61e0a31bcfc4d247ccaa0835_6356a0ad118251387c5c13e5_large_2x.jpg",
                        "altText": "Bilden föreställer en vit byggnad. Framför byggnaden finns träd och en lekplats med en sandlåda, en klätterställning och ett grönt leksakshus.  ",
                        "description": "Foto: Davide Panzino"
                    }
                ],
                "todaysOpeningHours": {
                    "date": "2026-09-17",
                    "entries": []
                }
            }
        },
        {
            "type": "Feature",
            "geometry": {
                "type": "Point",
                "coordinates": [
                    12.039665669511178,
                    57.779133464346856
                ]
            },
            "properties": {
                "id": "61e0a31bcfc4d247ccaa08c9",
                "name": "Marias förskola",
                "businessId": 3111,
                "visitingAddress": "Hammarkulletorget 28B",
                "description": "<p>Det här är en fristående förskola. Kontakta förskolan om du vill veta mer om deras verksamhet.</p>",
                "todaysOpeningHours": {
                    "date": "2026-09-17",
                    "entries": []
                }
            }
        },
        {
            "type": "Feature",
            "geometry": {
                "type": "Point",
                "coordinates": [
                    11.922839172523732,
                    57.69480910362583
                ]
            },
            "properties": {
                "id": "61e0a31bcfc4d247ccaa0905",
                "name": "Mariebergsgatan 7 förskola",
                "businessId": 1349,
                "visitingAddress": "Mariebergsgatan 7",
                "images": [
                    {
                        "small": "https://s3.eu-north-1.amazonaws.com/gbg.serviceguiden/61e0a31bcfc4d247ccaa0905_6a8c2f0c57eeed2df478613b_small.jpg",
                        "small2x": "https://s3.eu-north-1.amazonaws.com/gbg.serviceguiden/61e0a31bcfc4d247ccaa0905_6a8c2f0c57eeed2df478613b_small_2x.jpg",
                        "medium": "https://s3.eu-north-1.amazonaws.com/gbg.serviceguiden/61e0a31bcfc4d247ccaa0905_6a8c2f0c57eeed2df478613b_medium.jpg",
                        "medium2x": "https://s3.eu-north-1.amazonaws.com/gbg.serviceguiden/61e0a31bcfc4d247ccaa0905_6a8c2f0c57eeed2df478613b_medium_2x.jpg",
                        "large": "https://s3.eu-north-1.amazonaws.com/gbg.serviceguiden/61e0a31bcfc4d247ccaa0905_6a8c2f0c57eeed2df478613b_large.jpg",
                        "large2x": "https://s3.eu-north-1.amazonaws.com/gbg.serviceguiden/61e0a31bcfc4d247ccaa0905_6a8c2f0c57eeed2df478613b_large_2x.jpg",
                        "altText": "Ljusgul förskolebyggnad i trä. Lekplats med klätterställning. ",
                        "description": "Foto: Stadsfastighetsförvaltningen"
                    }
                ],
                "todaysOpeningHours": {
                    "date": "2026-09-17",
                    "entries": []
                }
            }
        },
        {
            "type": "Feature",
            "geometry": {
                "type": "Point",
                "coordinates": [
                    11.93565432824593,
                    57.67098276306235
                ]
            },
            "properties": {
                "id": "61e0a31ccfc4d247ccaa098b",
                "name": "Marklandsgatan 41 förskola",
                "businessId": 650,
                "visitingAddress": "Marklandsgatan 41",
                "images": [
                    {
                        "small": "https://s3.eu-north-1.amazonaws.com/gbg.serviceguiden/61e0a31ccfc4d247ccaa098b_6a4b670da6447f1ed7c2e6aa_small.jpg",
                        "small2x": "https://s3.eu-north-1.amazonaws.com/gbg.serviceguiden/61e0a31ccfc4d247ccaa098b_6a4b670da6447f1ed7c2e6aa_small_2x.jpg",
                        "medium": "https://s3.eu-north-1.amazonaws.com/gbg.serviceguiden/61e0a31ccfc4d247ccaa098b_6a4b670da6447f1ed7c2e6aa_medium.jpg",
                        "medium2x": "https://s3.eu-north-1.amazonaws.com/gbg.serviceguiden/61e0a31ccfc4d247ccaa098b_6a4b670da6447f1ed7c2e6aa_medium_2x.jpg",
                        "large": "https://s3.eu-north-1.amazonaws.com/gbg.serviceguiden/61e0a31ccfc4d247ccaa098b_6a4b670da6447f1ed7c2e6aa_large.jpg",
                        "large2x": "https://s3.eu-north-1.amazonaws.com/gbg.serviceguiden/61e0a31ccfc4d247ccaa098b_6a4b670da6447f1ed7c2e6aa_large_2x.jpg",
                        "altText": "Gul enplansbyggnad med lekplats framför",
                        "description": "Marklandsgatan 41. Foto: Förskoleförvaltningen"
                    }
                ],
                "todaysOpeningHours": {
                    "date": "2026-09-17",
                    "entries": []
                }
            }
        },
        {
            "type": "Feature",
            "geometry": {
                "type": "Point",
                "coordinates": [
                    11.877378810866222,
                    57.64871865377336
                ]
            },
            "properties": {
                "id": "61e0a31fcfc4d247ccaa0b6f",
                "name": "Melongatan 3 förskola",
                "businessId": 1544,
                "visitingAddress": "Melongatan 3",
                "images": [
                    {
                        "small": "https://s3.eu-north-1.amazonaws.com/gbg.serviceguiden/61e0a31fcfc4d247ccaa0b6f_695bcbfb0341da55c04472d5_small.jpg",
                        "small2x": "https://s3.eu-north-1.amazonaws.com/gbg.serviceguiden/61e0a31fcfc4d247ccaa0b6f_695bcbfb0341da55c04472d5_small_2x.jpg",
                        "medium": "https://s3.eu-north-1.amazonaws.com/gbg.serviceguiden/61e0a31fcfc4d247ccaa0b6f_695bcbfb0341da55c04472d5_medium.jpg",
                        "medium2x": "https://s3.eu-north-1.amazonaws.com/gbg.serviceguiden/61e0a31fcfc4d247ccaa0b6f_695bcbfb0341da55c04472d5_medium_2x.jpg",
                        "large": "https://s3.eu-north-1.amazonaws.com/gbg.serviceguiden/61e0a31fcfc4d247ccaa0b6f_695bcbfb0341da55c04472d5_large.jpg",
                        "large2x": "https://s3.eu-north-1.amazonaws.com/gbg.serviceguiden/61e0a31fcfc4d247ccaa0b6f_695bcbfb0341da55c04472d5_large_2x.jpg",
                        "altText": "Enplansbyggnad i grått trä.",
                        "description": "Melongatan 3"
                    }
                ],
                "todaysOpeningHours": {
                    "date": "2026-09-17",
                    "entries": []
                }
            }
        },
        {
            "type": "Feature",
            "geometry": {
                "type": "Point",
                "coordinates": [
                    12.069895146530802,
                    57.760103620583884
                ]
            },
            "properties": {
                "id": "61e0a31fcfc4d247ccaa0bec",
                "name": "Merkuriusgatan 75 förskola",
                "businessId": 110,
                "visitingAddress": "Merkuriusgatan 75",
                "images": [
                    {
                        "small": "https://s3.eu-north-1.amazonaws.com/gbg.serviceguiden/61e0a31fcfc4d247ccaa0bec_637253423b1f9e7372f1f9f1_small.jpg",
                        "small2x": "https://s3.eu-north-1.amazonaws.com/gbg.serviceguiden/61e0a31fcfc4d247ccaa0bec_637253423b1f9e7372f1f9f1_small_2x.jpg",
                        "medium": "https://s3.eu-north-1.amazonaws.com/gbg.serviceguiden/61e0a31fcfc4d247ccaa0bec_637253423b1f9e7372f1f9f1_medium.jpg",
                        "medium2x": "https://s3.eu-north-1.amazonaws.com/gbg.serviceguiden/61e0a31fcfc4d247ccaa0bec_637253423b1f9e7372f1f9f1_medium_2x.jpg",
                        "large": "https://s3.eu-north-1.amazonaws.com/gbg.serviceguiden/61e0a31fcfc4d247ccaa0bec_637253423b1f9e7372f1f9f1_large.jpg",
                        "large2x": "https://s3.eu-north-1.amazonaws.com/gbg.serviceguiden/61e0a31fcfc4d247ccaa0bec_637253423b1f9e7372f1f9f1_large_2x.jpg",
                        "altText": "Bilden föreställer en byggnad och en förskolegård. På gården finns en träpanel och utomhusbänkar.",
                        "description": "Foto: Davide Panzino"
                    }
                ],
                "todaysOpeningHours": {
                    "date": "2026-09-17",
                    "entries": []
                }
            }
        },
        {
            "type": "Feature",
            "geometry": {
                "type": "Point",
                "coordinates": [
                    11.893940351640243,
                    57.717181648023775
                ]
            },
            "properties": {
                "id": "61e0a320cfc4d247ccaa0c60",
                "name": "Mildvädersgatan 3-7 förskola",
                "businessId": 4850,
                "visitingAddress": "Mildvädersgatan 7",
                "images": [
                    {
                        "small": "https://s3.eu-north-1.amazonaws.com/gbg.serviceguiden/61e0a320cfc4d247ccaa0c60_6364eb35118251387c34b329_small.jpg",
                        "small2x": "https://s3.eu-north-1.amazonaws.com/gbg.serviceguiden/61e0a320cfc4d247ccaa0c60_6364eb35118251387c34b329_small_2x.jpg",
                        "medium": "https://s3.eu-north-1.amazonaws.com/gbg.serviceguiden/61e0a320cfc4d247ccaa0c60_6364eb35118251387c34b329_medium.jpg",
                        "medium2x": "https://s3.eu-north-1.amazonaws.com/gbg.serviceguiden/61e0a320cfc4d247ccaa0c60_6364eb35118251387c34b329_medium_2x.jpg",
                        "large": "https://s3.eu-north-1.amazonaws.com/gbg.serviceguiden/61e0a320cfc4d247ccaa0c60_6364eb35118251387c34b329_large.jpg",
                        "large2x": "https://s3.eu-north-1.amazonaws.com/gbg.serviceguiden/61e0a320cfc4d247ccaa0c60_6364eb35118251387c34b329_large_2x.jpg",
                        "altText": "Bilden föreställer en hörnbyggnad och en förskolegåd med bland annat två ruschkanor och en zebra. ",
                        "description": "Foto: Peter Nilsson. Förskolan har byggnader på flera adresser. På bilden visas Mildvädersgatan 7."
                    }
                ],
                "todaysOpeningHours": {
                    "date": "2026-09-17",
                    "entries": []
                }
            }
        },
        {
            "type": "Feature",
            "geometry": {
                "type": "Point",
                "coordinates": [
                    12.029925679010804,
                    57.74813333114044
                ]
            },
            "properties": {
                "id": "61e0a321cfc4d247ccaa0d1b",
                "name": "Minutgatan 4 förskola",
                "businessId": 713,
                "visitingAddress": "Minutgatan 4",
                "images": [
                    {
                        "small": "https://s3.eu-north-1.amazonaws.com/gbg.serviceguiden/61e0a321cfc4d247ccaa0d1b_637253963b1f9e7372f20333_small.jpg",
                        "small2x": "https://s3.eu-north-1.amazonaws.com/gbg.serviceguiden/61e0a321cfc4d247ccaa0d1b_637253963b1f9e7372f20333_small_2x.jpg",
                        "medium": "https://s3.eu-north-1.amazonaws.com/gbg.serviceguiden/61e0a321cfc4d247ccaa0d1b_637253963b1f9e7372f20333_medium.jpg",
                        "medium2x": "https://s3.eu-north-1.amazonaws.com/gbg.serviceguiden/61e0a321cfc4d247ccaa0d1b_637253963b1f9e7372f20333_medium_2x.jpg",
                        "large": "https://s3.eu-north-1.amazonaws.com/gbg.serviceguiden/61e0a321cfc4d247ccaa0d1b_637253963b1f9e7372f20333_large.jpg",
                        "large2x": "https://s3.eu-north-1.amazonaws.com/gbg.serviceguiden/61e0a321cfc4d247ccaa0d1b_637253963b1f9e7372f20333_large_2x.jpg",
                        "altText": "Bilden föreställer en mörkbrun med vit fönsterkarm. Utanför dörren finns en blå utomhusbänk.",
                        "description": "Foto: Davide Panzino"
                    }
                ],
                "todaysOpeningHours": {
                    "date": "2026-09-17",
                    "entries": []
                }
            }
        },
        {
            "type": "Feature",
            "geometry": {
                "type": "Point",
                "coordinates": [
                    11.929266806630633,
                    57.704975464671904
                ]
            },
            "properties": {
                "id": "61fa79c74492d75addea2676",
                "name": "Miraallén 64 förskola",
                "businessId": 6924,
                "visitingAddress": "Miraallén 64",
                "images": [
                    {
                        "small": "https://s3.eu-north-1.amazonaws.com/gbg.serviceguiden/61fa79c74492d75addea2676_6364ec27118251387c34c518_small.jpg",
                        "small2x": "https://s3.eu-north-1.amazonaws.com/gbg.serviceguiden/61fa79c74492d75addea2676_6364ec27118251387c34c518_small_2x.jpg",
                        "medium": "https://s3.eu-north-1.amazonaws.com/gbg.serviceguiden/61fa79c74492d75addea2676_6364ec27118251387c34c518_medium.jpg",
                        "medium2x": "https://s3.eu-north-1.amazonaws.com/gbg.serviceguiden/61fa79c74492d75addea2676_6364ec27118251387c34c518_medium_2x.jpg",
                        "large": "https://s3.eu-north-1.amazonaws.com/gbg.serviceguiden/61fa79c74492d75addea2676_6364ec27118251387c34c518_large.jpg",
                        "large2x": "https://s3.eu-north-1.amazonaws.com/gbg.serviceguiden/61fa79c74492d75addea2676_6364ec27118251387c34c518_large_2x.jpg",
                        "altText": "Bilden föreställer en gul och grå byggnad. Framför byggnaden finns en lekplats med en gunga, en ruschkana och utomhusbänkar. ",
                        "description": "Foto: Peter Nilsson"
                    }
                ],
                "todaysOpeningHours": {
                    "date": "2026-09-17",
                    "entries": []
                }
            }
        },
        {
            "type": "Feature",
            "geometry": {
                "type": "Point",
                "coordinates": [
                    11.974049385901791,
                    57.69415905335325
                ]
            },
            "properties": {
                "id": "61e0a321cfc4d247ccaa0d99",
                "name": "Molinsgatan 23 förskola",
                "businessId": 229,
                "visitingAddress": "Molinsgatan 23",
                "images": [
                    {
                        "small": "https://s3.eu-north-1.amazonaws.com/gbg.serviceguiden/61e0a321cfc4d247ccaa0d99_6356a1bf118251387c5c26cc_small.jpg",
                        "small2x": "https://s3.eu-north-1.amazonaws.com/gbg.serviceguiden/61e0a321cfc4d247ccaa0d99_6356a1bf118251387c5c26cc_small_2x.jpg",
                        "medium": "https://s3.eu-north-1.amazonaws.com/gbg.serviceguiden/61e0a321cfc4d247ccaa0d99_6356a1bf118251387c5c26cc_medium.jpg",
                        "medium2x": "https://s3.eu-north-1.amazonaws.com/gbg.serviceguiden/61e0a321cfc4d247ccaa0d99_6356a1bf118251387c5c26cc_medium_2x.jpg",
                        "large": "https://s3.eu-north-1.amazonaws.com/gbg.serviceguiden/61e0a321cfc4d247ccaa0d99_6356a1bf118251387c5c26cc_large.jpg",
                        "large2x": "https://s3.eu-north-1.amazonaws.com/gbg.serviceguiden/61e0a321cfc4d247ccaa0d99_6356a1bf118251387c5c26cc_large_2x.jpg",
                        "altText": "Bilden föreställer en tegelbyggnad. Framför tegelbyggnaden finns en gård där marken är målad med gatkritor i olika färger. PÅ gården finns även en ruschkana, en blå gunghäst och gungor. ",
                        "description": "Foto: Davide Panzino "
                    }
                ],
                "todaysOpeningHours": {
                    "date": "2026-09-17",
                    "entries": []
                }
            }
        },
        {
            "type": "Feature",
            "geometry": {
                "type": "Point",
                "coordinates": [
                    11.936225449711666,
                    57.64140665266333
                ]
            },
            "properties": {
                "id": "61e0a322cfc4d247ccaa0de3",
                "name": "Montessoriföreningen Kaprifolen",
                "businessId": 2568,
                "visitingAddress": "Pilegården 8D",
                "description": "<p>Det här är en fristående förskola. Kontakta förskolan om du vill veta mer om deras verksamhet.</p>",
                "todaysOpeningHours": {
                    "date": "2026-09-17",
                    "entries": []
                }
            }
        },
        {
            "type": "Feature",
            "geometry": {
                "type": "Point",
                "coordinates": [
                    11.927461079638878,
                    57.628657428377764
                ]
            },
            "properties": {
                "id": "61e0a322cfc4d247ccaa0dfb",
                "name": "Montessoriföreningen Maria",
                "businessId": 2570,
                "visitingAddress": "Lekullevägen 43",
                "description": "<p>Det här är en fristående förskola. Kontakta förskolan om du vill veta mer om deras verksamhet.</p>",
                "todaysOpeningHours": {
                    "date": "2026-09-17",
                    "entries": []
                }
            }
        },
        {
            "type": "Feature",
            "geometry": {
                "type": "Point",
                "coordinates": [
                    11.968847485531054,
                    57.69838814669394
                ]
            },
            "properties": {
                "id": "61e0a322cfc4d247ccaa0e13",
                "name": "Montessoriförskolan Centrum",
                "businessId": 2977,
                "visitingAddress": "Vasagatan 21",
                "description": "<p>Det här är en fristående förskola. Kontakta förskolan om du vill veta mer om deras verksamhet.</p>",
                "todaysOpeningHours": {
                    "date": "2026-09-17",
                    "entries": []
                }
            }
        },
        {
            "type": "Feature",
            "geometry": {
                "type": "Point",
                "coordinates": [
                    11.90734516883425,
                    57.65031018399454
                ]
            },
            "properties": {
                "id": "61e0a322cfc4d247ccaa0e2b",
                "name": "Montessoriförskolan Mumin",
                "businessId": 2402,
                "visitingAddress": "Topasgatan 68",
                "description": "<p>Det här är en fristående förskola. Kontakta förskolan om du vill veta mer om deras verksamhet.</p>",
                "todaysOpeningHours": {
                    "date": "2026-09-17",
                    "entries": []
                }
            }
        },
        {
            "type": "Feature",
            "geometry": {
                "type": "Point",
                "coordinates": [
                    12.019121615886528,
                    57.76892681982257
                ]
            },
            "properties": {
                "id": "61e0a322cfc4d247ccaa0e43",
                "name": "Montessoriförskolan Stjärnor",
                "businessId": 5124,
                "visitingAddress": "Bergsgårdsgärdet 89B",
                "description": "<p>Det här är en fristående förskola. Kontakta förskolan om du vill veta mer om deras verksamhet.</p>",
                "todaysOpeningHours": {
                    "date": "2026-09-17",
                    "entries": []
                }
            }
        },
        {
            "type": "Feature",
            "geometry": {
                "type": "Point",
                "coordinates": [
                    11.931974567901221,
                    57.67593805286233
                ]
            },
            "properties": {
                "id": "61e0a323cfc4d247ccaa0e5b",
                "name": "Montessoriförskolan Trädet",
                "businessId": 643,
                "visitingAddress": "Skäpplandsgatan 12",
                "description": "<p>Det här är en fristående förskola. Kontakta förskolan om du vill veta mer om deras verksamhet.</p>",
                "todaysOpeningHours": {
                    "date": "2026-09-17",
                    "entries": []
                }
            }
        },
        {
            "type": "Feature",
            "geometry": {
                "type": "Point",
                "coordinates": [
                    11.947421286545413,
                    57.6916595094681
                ]
            },
            "properties": {
                "id": "61e0a323cfc4d247ccaa0e73",
                "name": "Montessoriförskolan Vega",
                "businessId": 5774,
                "visitingAddress": "Nordostpassagen 61B",
                "description": "<p>Det här är en fristående förskola. Kontakta förskolan om du vill veta mer om deras verksamhet.</p>",
                "todaysOpeningHours": {
                    "date": "2026-09-17",
                    "entries": []
                }
            }
        },
        {
            "type": "Feature",
            "geometry": {
                "type": "Point",
                "coordinates": [
                    11.880036989095922,
                    57.673142711725255
                ]
            },
            "properties": {
                "id": "61e0a323cfc4d247ccaa0e8b",
                "name": "Montessoriförskolan Villa Villekulla",
                "businessId": 1655,
                "visitingAddress": "Grangatan 13",
                "description": "<p>Det här är en fristående förskola. Kontakta förskolan om du vill veta mer om deras verksamhet.</p>",
                "todaysOpeningHours": {
                    "date": "2026-09-17",
                    "entries": []
                }
            }
        },
        {
            "type": "Feature",
            "geometry": {
                "type": "Point",
                "coordinates": [
                    12.00602417607391,
                    57.70072697202866
                ]
            },
            "properties": {
                "id": "61e0a323cfc4d247ccaa0ebd",
                "name": "Montessoriskolan Casa",
                "businessId": 2651,
                "visitingAddress": "Herrgårdsgatan 15",
                "description": "<p>Det här är en fristående förskola. Kontakta förskolan om du vill veta mer om deras verksamhet.</p>",
                "todaysOpeningHours": {
                    "date": "2026-09-17",
                    "entries": []
                }
            }
        },
        {
            "type": "Feature",
            "geometry": {
                "type": "Point",
                "coordinates": [
                    11.871042102290081,
                    57.672091452126246
                ]
            },
            "properties": {
                "id": "61e0a324cfc4d247ccaa0f78",
                "name": "Morgonsol",
                "businessId": 1638,
                "visitingAddress": "Poppelgatan 11",
                "description": "<p>Det här är en fristående förskola. Kontakta förskolan om du vill veta mer om deras verksamhet.</p>",
                "todaysOpeningHours": {
                    "date": "2026-09-17",
                    "entries": []
                }
            }
        },
        {
            "type": "Feature",
            "geometry": {
                "type": "Point",
                "coordinates": [
                    12.01662171975476,
                    57.72136152581012
                ]
            },
            "properties": {
                "id": "61e0a324cfc4d247ccaa0faf",
                "name": "Morängatan 9 och 18 förskola",
                "businessId": 1689,
                "visitingAddress": "Morängatan 9",
                "images": [
                    {
                        "small": "https://s3.eu-north-1.amazonaws.com/gbg.serviceguiden/61e0a324cfc4d247ccaa0faf_6a8c349757eeed2df478aa6a_small.jpg",
                        "small2x": "https://s3.eu-north-1.amazonaws.com/gbg.serviceguiden/61e0a324cfc4d247ccaa0faf_6a8c349757eeed2df478aa6a_small_2x.jpg",
                        "medium": "https://s3.eu-north-1.amazonaws.com/gbg.serviceguiden/61e0a324cfc4d247ccaa0faf_6a8c349757eeed2df478aa6a_medium.jpg",
                        "medium2x": "https://s3.eu-north-1.amazonaws.com/gbg.serviceguiden/61e0a324cfc4d247ccaa0faf_6a8c349757eeed2df478aa6a_medium_2x.jpg",
                        "large": "https://s3.eu-north-1.amazonaws.com/gbg.serviceguiden/61e0a324cfc4d247ccaa0faf_6a8c349757eeed2df478aa6a_large.jpg",
                        "large2x": "https://s3.eu-north-1.amazonaws.com/gbg.serviceguiden/61e0a324cfc4d247ccaa0faf_6a8c349757eeed2df478aa6a_large_2x.jpg",
                        "altText": "Gården med rutschkana, gungor och växtlighet",
                        "description": "Foto: Stadsfastighetsförvaltningen"
                    }
                ],
                "todaysOpeningHours": {
                    "date": "2026-09-17",
                    "entries": []
                }
            }
        },
        {
            "type": "Feature",
            "geometry": {
                "type": "Point",
                "coordinates": [
                    11.905235306339721,
                    57.656382190444276
                ]
            },
            "properties": {
                "id": "61e0a326cfc4d247ccaa11c9",
                "name": "Munspelsgatan 6 förskola",
                "businessId": 465,
                "visitingAddress": "Munspelsgatan 6",
                "images": [
                    {
                        "small": "https://s3.eu-north-1.amazonaws.com/gbg.serviceguiden/61e0a326cfc4d247ccaa11c9_6374f5603b1f9e737222f383_small.jpg",
                        "small2x": "https://s3.eu-north-1.amazonaws.com/gbg.serviceguiden/61e0a326cfc4d247ccaa11c9_6374f5603b1f9e737222f383_small_2x.jpg",
                        "medium": "https://s3.eu-north-1.amazonaws.com/gbg.serviceguiden/61e0a326cfc4d247ccaa11c9_6374f5603b1f9e737222f383_medium.jpg",
                        "medium2x": "https://s3.eu-north-1.amazonaws.com/gbg.serviceguiden/61e0a326cfc4d247ccaa11c9_6374f5603b1f9e737222f383_medium_2x.jpg",
                        "large": "https://s3.eu-north-1.amazonaws.com/gbg.serviceguiden/61e0a326cfc4d247ccaa11c9_6374f5603b1f9e737222f383_large.jpg",
                        "large2x": "https://s3.eu-north-1.amazonaws.com/gbg.serviceguiden/61e0a326cfc4d247ccaa11c9_6374f5603b1f9e737222f383_large_2x.jpg",
                        "altText": "Bilden föreställer en tegelbyggnad. ",
                        "description": "Foto: Davide Panzino"
                    }
                ],
                "todaysOpeningHours": {
                    "date": "2026-09-17",
                    "entries": []
                }
            }
        },
        {
            "type": "Feature",
            "geometry": {
                "type": "Point",
                "coordinates": [
                    11.947057166246648,
                    57.692082765132554
                ]
            },
            "properties": {
                "id": "61e0a327cfc4d247ccaa11f8",
                "name": "Murbräckan",
                "businessId": 2618,
                "visitingAddress": "Jungmansgatan 26",
                "description": "<p>Det här är en fristående förskola. Kontakta förskolan om du vill veta mer om deras verksamhet.</p>",
                "todaysOpeningHours": {
                    "date": "2026-09-17",
                    "entries": []
                }
            }
        },
        {
            "type": "Feature",
            "geometry": {
                "type": "Point",
                "coordinates": [
                    11.978594135607217,
                    57.677755145752826
                ]
            },
            "properties": {
                "id": "61e0a327cfc4d247ccaa1210",
                "name": "Musica",
                "businessId": 2981,
                "visitingAddress": "Doktor Forselius Backe 62",
                "description": "<p>Det här är en fristående förskola. Kontakta förskolan om du vill veta mer om deras verksamhet.</p>",
                "todaysOpeningHours": {
                    "date": "2026-09-17",
                    "entries": []
                }
            }
        },
        {
            "type": "Feature",
            "geometry": {
                "type": "Point",
                "coordinates": [
                    11.918063514922943,
                    57.7441436693105
                ]
            },
            "properties": {
                "id": "61e0a327cfc4d247ccaa1292",
                "name": "Myrekärrsvägen 45 förskola",
                "businessId": 3413,
                "visitingAddress": "Myrekärrsvägen 45",
                "images": [
                    {
                        "small": "https://s3.eu-north-1.amazonaws.com/gbg.serviceguiden/61e0a327cfc4d247ccaa1292_6a4cb0e9d821e8478203e575_small.jpg",
                        "small2x": "https://s3.eu-north-1.amazonaws.com/gbg.serviceguiden/61e0a327cfc4d247ccaa1292_6a4cb0e9d821e8478203e575_small_2x.jpg",
                        "medium": "https://s3.eu-north-1.amazonaws.com/gbg.serviceguiden/61e0a327cfc4d247ccaa1292_6a4cb0e9d821e8478203e575_medium.jpg",
                        "medium2x": "https://s3.eu-north-1.amazonaws.com/gbg.serviceguiden/61e0a327cfc4d247ccaa1292_6a4cb0e9d821e8478203e575_medium_2x.jpg",
                        "large": "https://s3.eu-north-1.amazonaws.com/gbg.serviceguiden/61e0a327cfc4d247ccaa1292_6a4cb0e9d821e8478203e575_large.jpg",
                        "large2x": "https://s3.eu-north-1.amazonaws.com/gbg.serviceguiden/61e0a327cfc4d247ccaa1292_6a4cb0e9d821e8478203e575_large_2x.jpg",
                        "altText": "Förskolans byggnad med gården i förgrunden.",
                        "description": "Foto: Förskoleförvaltningen"
                    }
                ],
                "todaysOpeningHours": {
                    "date": "2026-09-17",
                    "entries": []
                }
            }
        },
        {
            "type": "Feature",
            "geometry": {
                "type": "Point",
                "coordinates": [
                    12.031695242881366,
                    57.80536841571591
                ]
            },
            "properties": {
                "id": "61e0a39dcfc4d247ccaa7a80",
                "name": "Mångkulturella Montessori Förskola Victoria",
                "businessId": 4714,
                "visitingAddress": "Muskotgatan 31",
                "description": "<p>Det här är en fristående förskola. Kontakta förskolan om du vill veta mer om deras verksamhet.</p>",
                "todaysOpeningHours": {
                    "date": "2026-09-17",
                    "entries": []
                }
            }
        },
        {
            "type": "Feature",
            "geometry": {
                "type": "Point",
                "coordinates": [
                    12.007965100004592,
                    57.7335909663258
                ]
            },
            "properties": {
                "id": "61e0a328cfc4d247ccaa12cc",
                "name": "Måns Bryntessonsgatan 10–12 förskola",
                "businessId": 714,
                "visitingAddress": "Måns Bryntessonsgatan 10",
                "images": [
                    {
                        "small": "https://s3.eu-north-1.amazonaws.com/gbg.serviceguiden/61e0a328cfc4d247ccaa12cc_6372542b3b1f9e7372f20cb4_small.jpg",
                        "small2x": "https://s3.eu-north-1.amazonaws.com/gbg.serviceguiden/61e0a328cfc4d247ccaa12cc_6372542b3b1f9e7372f20cb4_small_2x.jpg",
                        "medium": "https://s3.eu-north-1.amazonaws.com/gbg.serviceguiden/61e0a328cfc4d247ccaa12cc_6372542b3b1f9e7372f20cb4_medium.jpg",
                        "medium2x": "https://s3.eu-north-1.amazonaws.com/gbg.serviceguiden/61e0a328cfc4d247ccaa12cc_6372542b3b1f9e7372f20cb4_medium_2x.jpg",
                        "large": "https://s3.eu-north-1.amazonaws.com/gbg.serviceguiden/61e0a328cfc4d247ccaa12cc_6372542b3b1f9e7372f20cb4_large.jpg",
                        "large2x": "https://s3.eu-north-1.amazonaws.com/gbg.serviceguiden/61e0a328cfc4d247ccaa12cc_6372542b3b1f9e7372f20cb4_large_2x.jpg",
                        "altText": "Bilden föreställer en gul byggnad och en förskolegård. På gården finns ett förråd, en ruschkana, en klätterställning och träd.",
                        "description": "Foto: Davide Panzino"
                    }
                ],
                "todaysOpeningHours": {
                    "date": "2026-09-17",
                    "entries": []
                }
            }
        },
        {
            "type": "Feature",
            "geometry": {
                "type": "Point",
                "coordinates": [
                    12.069693586529409,
                    57.806442409530845
                ]
            },
            "properties": {
                "id": "61e0a328cfc4d247ccaa1328",
                "name": "Mölnesjögatan 165–166 förskola",
                "businessId": 528,
                "visitingAddress": "Mölnesjögatan 165",
                "images": [
                    {
                        "small": "https://s3.eu-north-1.amazonaws.com/gbg.serviceguiden/61e0a328cfc4d247ccaa1328_6a82ac88a6447f1ed7a45098_small.jpg",
                        "small2x": "https://s3.eu-north-1.amazonaws.com/gbg.serviceguiden/61e0a328cfc4d247ccaa1328_6a82ac88a6447f1ed7a45098_small_2x.jpg",
                        "medium": "https://s3.eu-north-1.amazonaws.com/gbg.serviceguiden/61e0a328cfc4d247ccaa1328_6a82ac88a6447f1ed7a45098_medium.jpg",
                        "medium2x": "https://s3.eu-north-1.amazonaws.com/gbg.serviceguiden/61e0a328cfc4d247ccaa1328_6a82ac88a6447f1ed7a45098_medium_2x.jpg",
                        "large": "https://s3.eu-north-1.amazonaws.com/gbg.serviceguiden/61e0a328cfc4d247ccaa1328_6a82ac88a6447f1ed7a45098_large.jpg",
                        "large2x": "https://s3.eu-north-1.amazonaws.com/gbg.serviceguiden/61e0a328cfc4d247ccaa1328_6a82ac88a6447f1ed7a45098_large_2x.jpg",
                        "altText": "Förskolans byggnad i bakgrunden och gården med lekställningar och en pergola i förgrunden.",
                        "description": "Foto: Förskoleförvaltningen"
                    }
                ],
                "todaysOpeningHours": {
                    "date": "2026-09-17",
                    "entries": []
                }
            }
        },
        {
            "type": "Feature",
            "geometry": {
                "type": "Point",
                "coordinates": [
                    11.947987526598496,
                    57.69204744328118
                ]
            },
            "properties": {
                "id": "61e0a32acfc4d247ccaa14b2",
                "name": "Naturförskolan Solen",
                "businessId": 2621,
                "visitingAddress": "Vegagatan 23",
                "description": "<p>Det här är en fristående förskola. Kontakta förskolan om du vill veta mer om deras verksamhet.</p>",
                "todaysOpeningHours": {
                    "date": "2026-09-17",
                    "entries": []
                }
            }
        },
        {
            "type": "Feature",
            "geometry": {
                "type": "Point",
                "coordinates": [
                    11.964171978509043,
                    57.70824226341904
                ]
            },
            "properties": {
                "id": "61e0a32bcfc4d247ccaa155e",
                "name": "Nedre Kvarnbergsgatan 17 förskola",
                "businessId": 233,
                "visitingAddress": "Nedre Kvarnbergsgatan 17",
                "images": [
                    {
                        "small": "https://s3.eu-north-1.amazonaws.com/gbg.serviceguiden/61e0a32bcfc4d247ccaa155e_63578c74118251387c69d2b6_small.jpg",
                        "small2x": "https://s3.eu-north-1.amazonaws.com/gbg.serviceguiden/61e0a32bcfc4d247ccaa155e_63578c74118251387c69d2b6_small_2x.jpg",
                        "medium": "https://s3.eu-north-1.amazonaws.com/gbg.serviceguiden/61e0a32bcfc4d247ccaa155e_63578c74118251387c69d2b6_medium.jpg",
                        "medium2x": "https://s3.eu-north-1.amazonaws.com/gbg.serviceguiden/61e0a32bcfc4d247ccaa155e_63578c74118251387c69d2b6_medium_2x.jpg",
                        "large": "https://s3.eu-north-1.amazonaws.com/gbg.serviceguiden/61e0a32bcfc4d247ccaa155e_63578c74118251387c69d2b6_large.jpg",
                        "large2x": "https://s3.eu-north-1.amazonaws.com/gbg.serviceguiden/61e0a32bcfc4d247ccaa155e_63578c74118251387c69d2b6_large_2x.jpg",
                        "altText": "Bilden föreställer två tegelbyggnader. Framför byggnaderna finns en träd och en lekplats med en ruschkana och tre gungor. ",
                        "description": "Foto: Davide Panzino "
                    }
                ],
                "todaysOpeningHours": {
                    "date": "2026-09-17",
                    "entries": []
                }
            }
        },
        {
            "type": "Feature",
            "geometry": {
                "type": "Point",
                "coordinates": [
                    11.976883307233132,
                    57.68416653627913
                ]
            },
            "properties": {
                "id": "61e0a32ccfc4d247ccaa15a4",
                "name": "Noaks Ark",
                "businessId": 2982,
                "visitingAddress": "Doktor Allards Gata 4C",
                "description": "<p>Det här är en fristående förskola. Kontakta förskolan om du vill veta mer om deras verksamhet.</p>",
                "todaysOpeningHours": {
                    "date": "2026-09-17",
                    "entries": []
                }
            }
        },
        {
            "type": "Feature",
            "geometry": {
                "type": "Point",
                "coordinates": [
                    11.951832825275451,
                    57.600496690423846
                ]
            },
            "properties": {
                "id": "61e0a32ccfc4d247ccaa15f4",
                "name": "Noblaskolan Nya Hovås Förskola",
                "businessId": 2569,
                "visitingAddress": "Björklundavägen 5",
                "description": "<p>Det här är en fristående förskola. Kontakta förskolan om du vill veta mer om deras verksamhet.</p>",
                "todaysOpeningHours": {
                    "date": "2026-09-17",
                    "entries": []
                }
            }
        },
        {
            "type": "Feature",
            "geometry": {
                "type": "Point",
                "coordinates": [
                    11.928692716263795,
                    57.75630216185765
                ]
            },
            "properties": {
                "id": "61e0a32ccfc4d247ccaa1615",
                "name": "Nolehultsvägen 15 förskola",
                "businessId": 2337,
                "visitingAddress": "Nolehultsvägen 15",
                "images": [
                    {
                        "small": "https://s3.eu-north-1.amazonaws.com/gbg.serviceguiden/61e0a32ccfc4d247ccaa1615_6364ec67118251387c34cc34_small.jpg",
                        "small2x": "https://s3.eu-north-1.amazonaws.com/gbg.serviceguiden/61e0a32ccfc4d247ccaa1615_6364ec67118251387c34cc34_small_2x.jpg",
                        "medium": "https://s3.eu-north-1.amazonaws.com/gbg.serviceguiden/61e0a32ccfc4d247ccaa1615_6364ec67118251387c34cc34_medium.jpg",
                        "medium2x": "https://s3.eu-north-1.amazonaws.com/gbg.serviceguiden/61e0a32ccfc4d247ccaa1615_6364ec67118251387c34cc34_medium_2x.jpg",
                        "large": "https://s3.eu-north-1.amazonaws.com/gbg.serviceguiden/61e0a32ccfc4d247ccaa1615_6364ec67118251387c34cc34_large.jpg",
                        "large2x": "https://s3.eu-north-1.amazonaws.com/gbg.serviceguiden/61e0a32ccfc4d247ccaa1615_6364ec67118251387c34cc34_large_2x.jpg",
                        "altText": "Bilden föreställer en grå byggnad med en parkeringsplats utanför. ",
                        "description": "Foto: Davide Panzino"
                    }
                ],
                "todaysOpeningHours": {
                    "date": "2026-09-17",
                    "entries": []
                }
            }
        },
        {
            "type": "Feature",
            "geometry": {
                "type": "Point",
                "coordinates": [
                    11.835151354526598,
                    57.76302417192252
                ]
            },
            "properties": {
                "id": "61e0a32ccfc4d247ccaa169c",
                "name": "Nolviksvägen 3 förskola",
                "businessId": 1437,
                "visitingAddress": "Nolviksvägen 3",
                "images": [
                    {
                        "small": "https://s3.eu-north-1.amazonaws.com/gbg.serviceguiden/61e0a32ccfc4d247ccaa169c_6364ed3b118251387c34d907_small.jpg",
                        "small2x": "https://s3.eu-north-1.amazonaws.com/gbg.serviceguiden/61e0a32ccfc4d247ccaa169c_6364ed3b118251387c34d907_small_2x.jpg",
                        "medium": "https://s3.eu-north-1.amazonaws.com/gbg.serviceguiden/61e0a32ccfc4d247ccaa169c_6364ed3b118251387c34d907_medium.jpg",
                        "medium2x": "https://s3.eu-north-1.amazonaws.com/gbg.serviceguiden/61e0a32ccfc4d247ccaa169c_6364ed3b118251387c34d907_medium_2x.jpg",
                        "large": "https://s3.eu-north-1.amazonaws.com/gbg.serviceguiden/61e0a32ccfc4d247ccaa169c_6364ed3b118251387c34d907_large.jpg",
                        "large2x": "https://s3.eu-north-1.amazonaws.com/gbg.serviceguiden/61e0a32ccfc4d247ccaa169c_6364ed3b118251387c34d907_large_2x.jpg",
                        "altText": "Bilden föreställer en röd och grå byggnad med en gård med gungor och buskar utanför. ",
                        "description": "Foto: Davide Panzino"
                    }
                ],
                "todaysOpeningHours": {
                    "date": "2026-09-17",
                    "entries": []
                }
            }
        },
        {
            "type": "Feature",
            "geometry": {
                "type": "Point",
                "coordinates": [
                    11.826439170225889,
                    57.76508545085121
                ]
            },
            "properties": {
                "id": "61e0a32dcfc4d247ccaa16ba",
                "name": "Nolviksvägen 40 förskola",
                "businessId": 4863,
                "visitingAddress": "Nolviksvägen 40",
                "description": "<p><span>Förskolan är stängd. Det går inte att söka plats på förskolan.</span></p>",
                "images": [
                    {
                        "small": "https://s3.eu-north-1.amazonaws.com/gbg.serviceguiden/61e0a32dcfc4d247ccaa16ba_66e8237d7da5b3747503279d_small.jpg",
                        "small2x": "https://s3.eu-north-1.amazonaws.com/gbg.serviceguiden/61e0a32dcfc4d247ccaa16ba_66e8237d7da5b3747503279d_small_2x.jpg",
                        "medium": "https://s3.eu-north-1.amazonaws.com/gbg.serviceguiden/61e0a32dcfc4d247ccaa16ba_66e8237d7da5b3747503279d_medium.jpg",
                        "medium2x": "https://s3.eu-north-1.amazonaws.com/gbg.serviceguiden/61e0a32dcfc4d247ccaa16ba_66e8237d7da5b3747503279d_medium_2x.jpg",
                        "large": "https://s3.eu-north-1.amazonaws.com/gbg.serviceguiden/61e0a32dcfc4d247ccaa16ba_66e8237d7da5b3747503279d_large.jpg",
                        "large2x": "https://s3.eu-north-1.amazonaws.com/gbg.serviceguiden/61e0a32dcfc4d247ccaa16ba_66e8237d7da5b3747503279d_large_2x.jpg",
                        "altText": "Bilden visar förskolan Nolviksvägen 40",
                        "description": "Foto: Marika Dahlberg"
                    }
                ],
                "todaysOpeningHours": {
                    "date": "2026-09-17",
                    "entries": []
                }
            }
        },
        {
            "type": "Feature",
            "geometry": {
                "type": "Point",
                "coordinates": [
                    11.947280319854398,
                    57.69526592778206
                ]
            },
            "properties": {
                "id": "61e0a32dcfc4d247ccaa17d0",
                "name": "Nordostpassagen 17  förskola",
                "businessId": 2633,
                "visitingAddress": "Nordostpassagen 17",
                "images": [
                    {
                        "small": "https://s3.eu-north-1.amazonaws.com/gbg.serviceguiden/61e0a32dcfc4d247ccaa17d0_6a4e10d3d821e847821093f8_small.jpg",
                        "small2x": "https://s3.eu-north-1.amazonaws.com/gbg.serviceguiden/61e0a32dcfc4d247ccaa17d0_6a4e10d3d821e847821093f8_small_2x.jpg",
                        "medium": "https://s3.eu-north-1.amazonaws.com/gbg.serviceguiden/61e0a32dcfc4d247ccaa17d0_6a4e10d3d821e847821093f8_medium.jpg",
                        "medium2x": "https://s3.eu-north-1.amazonaws.com/gbg.serviceguiden/61e0a32dcfc4d247ccaa17d0_6a4e10d3d821e847821093f8_medium_2x.jpg",
                        "large": "https://s3.eu-north-1.amazonaws.com/gbg.serviceguiden/61e0a32dcfc4d247ccaa17d0_6a4e10d3d821e847821093f8_large.jpg",
                        "large2x": "https://s3.eu-north-1.amazonaws.com/gbg.serviceguiden/61e0a32dcfc4d247ccaa17d0_6a4e10d3d821e847821093f8_large_2x.jpg",
                        "altText": "Förskolans lokaler som ligger i bottenplan i flervåningshuset.",
                        "description": "Foto: Förskoleförvaltningen"
                    }
                ],
                "todaysOpeningHours": {
                    "date": "2026-09-17",
                    "entries": []
                }
            }
        },
        {
            "type": "Feature",
            "geometry": {
                "type": "Point",
                "coordinates": [
                    11.947416053321927,
                    57.69222618946255
                ]
            },
            "properties": {
                "id": "61e0a32dcfc4d247ccaa17f0",
                "name": "Nordostpassagen 61 förskola",
                "businessId": 2598,
                "visitingAddress": "Nordostpassagen 61A",
                "images": [
                    {
                        "small": "https://s3.eu-north-1.amazonaws.com/gbg.serviceguiden/61e0a32dcfc4d247ccaa17f0_6a4e123da6447f1ed7d754c9_small.jpg",
                        "small2x": "https://s3.eu-north-1.amazonaws.com/gbg.serviceguiden/61e0a32dcfc4d247ccaa17f0_6a4e123da6447f1ed7d754c9_small_2x.jpg",
                        "medium": "https://s3.eu-north-1.amazonaws.com/gbg.serviceguiden/61e0a32dcfc4d247ccaa17f0_6a4e123da6447f1ed7d754c9_medium.jpg",
                        "medium2x": "https://s3.eu-north-1.amazonaws.com/gbg.serviceguiden/61e0a32dcfc4d247ccaa17f0_6a4e123da6447f1ed7d754c9_medium_2x.jpg",
                        "large": "https://s3.eu-north-1.amazonaws.com/gbg.serviceguiden/61e0a32dcfc4d247ccaa17f0_6a4e123da6447f1ed7d754c9_large.jpg",
                        "large2x": "https://s3.eu-north-1.amazonaws.com/gbg.serviceguiden/61e0a32dcfc4d247ccaa17f0_6a4e123da6447f1ed7d754c9_large_2x.jpg",
                        "altText": "Förskolans lokaler i botten på ett flervåningshus. ",
                        "description": "Foto: Förskoleförvaltningen"
                    }
                ],
                "todaysOpeningHours": {
                    "date": "2026-09-17",
                    "entries": []
                }
            }
        },
        {
            "type": "Feature",
            "geometry": {
                "type": "Point",
                "coordinates": [
                    11.863055839884094,
                    57.65188022655595
                ]
            },
            "properties": {
                "id": "61e0a32ecfc4d247ccaa183f",
                "name": "Norra Flundregatan 23 förskola",
                "businessId": 1639,
                "visitingAddress": "Norra Flundregatan 23",
                "images": [
                    {
                        "small": "https://s3.eu-north-1.amazonaws.com/gbg.serviceguiden/61e0a32ecfc4d247ccaa183f_6374f82f3b1f9e7372234490_small.jpg",
                        "small2x": "https://s3.eu-north-1.amazonaws.com/gbg.serviceguiden/61e0a32ecfc4d247ccaa183f_6374f82f3b1f9e7372234490_small_2x.jpg",
                        "medium": "https://s3.eu-north-1.amazonaws.com/gbg.serviceguiden/61e0a32ecfc4d247ccaa183f_6374f82f3b1f9e7372234490_medium.jpg",
                        "medium2x": "https://s3.eu-north-1.amazonaws.com/gbg.serviceguiden/61e0a32ecfc4d247ccaa183f_6374f82f3b1f9e7372234490_medium_2x.jpg",
                        "large": "https://s3.eu-north-1.amazonaws.com/gbg.serviceguiden/61e0a32ecfc4d247ccaa183f_6374f82f3b1f9e7372234490_large.jpg",
                        "large2x": "https://s3.eu-north-1.amazonaws.com/gbg.serviceguiden/61e0a32ecfc4d247ccaa183f_6374f82f3b1f9e7372234490_large_2x.jpg",
                        "altText": "Bilden föreställer en byggnad och en gräsmatta. På gräsmattan står trähästar och en leksaksstuga. ",
                        "description": "Foto: Davide Panzino"
                    }
                ],
                "todaysOpeningHours": {
                    "date": "2026-09-17",
                    "entries": []
                }
            }
        },
        {
            "type": "Feature",
            "geometry": {
                "type": "Point",
                "coordinates": [
                    11.92528117204458,
                    57.66124224462695
                ]
            },
            "properties": {
                "id": "61e0a331cfc4d247ccaa1b1c",
                "name": "Nymilsgatan 6-8 förskola",
                "businessId": 653,
                "visitingAddress": "Nymilsgatan 6",
                "images": [
                    {
                        "small": "https://s3.eu-north-1.amazonaws.com/gbg.serviceguiden/61e0a331cfc4d247ccaa1b1c_6374f9ad3b1f9e73722373ce_small.jpg",
                        "small2x": "https://s3.eu-north-1.amazonaws.com/gbg.serviceguiden/61e0a331cfc4d247ccaa1b1c_6374f9ad3b1f9e73722373ce_small_2x.jpg",
                        "medium": "https://s3.eu-north-1.amazonaws.com/gbg.serviceguiden/61e0a331cfc4d247ccaa1b1c_6374f9ad3b1f9e73722373ce_medium.jpg",
                        "medium2x": "https://s3.eu-north-1.amazonaws.com/gbg.serviceguiden/61e0a331cfc4d247ccaa1b1c_6374f9ad3b1f9e73722373ce_medium_2x.jpg",
                        "large": "https://s3.eu-north-1.amazonaws.com/gbg.serviceguiden/61e0a331cfc4d247ccaa1b1c_6374f9ad3b1f9e73722373ce_large.jpg",
                        "large2x": "https://s3.eu-north-1.amazonaws.com/gbg.serviceguiden/61e0a331cfc4d247ccaa1b1c_6374f9ad3b1f9e73722373ce_large_2x.jpg",
                        "altText": "Bilden föreställer en gul byggnad och ett mindre gult förråd med ett blått flygplan målat på. ",
                        "description": "Foto: Davide Panzino"
                    }
                ],
                "todaysOpeningHours": {
                    "date": "2026-09-17",
                    "entries": []
                }
            }
        },
        {
            "type": "Feature",
            "geometry": {
                "type": "Point",
                "coordinates": [
                    11.979112018518041,
                    57.67854082864605
                ]
            },
            "properties": {
                "id": "61e0a333cfc4d247ccaa1d12",
                "name": "Okay",
                "businessId": 2983,
                "visitingAddress": "Doktor Forselius Backe 50",
                "description": "<p>Det här är en fristående förskola. Kontakta förskolan om du vill veta mer om deras verksamhet.</p>",
                "todaysOpeningHours": {
                    "date": "2026-09-17",
                    "entries": []
                }
            }
        },
        {
            "type": "Feature",
            "geometry": {
                "type": "Point",
                "coordinates": [
                    12.170003996169614,
                    57.806049685319046
                ]
            },
            "properties": {
                "id": "61e0a334cfc4d247ccaa1d63",
                "name": "Olofstorpsvägen 8 förskola",
                "businessId": 4556,
                "visitingAddress": "Olofstorpsvägen 8B",
                "images": [
                    {
                        "small": "https://s3.eu-north-1.amazonaws.com/gbg.serviceguiden/61e0a334cfc4d247ccaa1d63_637254b53b1f9e7372f21914_small.jpg",
                        "small2x": "https://s3.eu-north-1.amazonaws.com/gbg.serviceguiden/61e0a334cfc4d247ccaa1d63_637254b53b1f9e7372f21914_small_2x.jpg",
                        "medium": "https://s3.eu-north-1.amazonaws.com/gbg.serviceguiden/61e0a334cfc4d247ccaa1d63_637254b53b1f9e7372f21914_medium.jpg",
                        "medium2x": "https://s3.eu-north-1.amazonaws.com/gbg.serviceguiden/61e0a334cfc4d247ccaa1d63_637254b53b1f9e7372f21914_medium_2x.jpg",
                        "large": "https://s3.eu-north-1.amazonaws.com/gbg.serviceguiden/61e0a334cfc4d247ccaa1d63_637254b53b1f9e7372f21914_large.jpg",
                        "large2x": "https://s3.eu-north-1.amazonaws.com/gbg.serviceguiden/61e0a334cfc4d247ccaa1d63_637254b53b1f9e7372f21914_large_2x.jpg",
                        "altText": "Bilden föreställer en vit byggnad med trädäck. Framför byggnaden finns en sandlåda. ",
                        "description": "Foto: Davide Panzino"
                    }
                ],
                "todaysOpeningHours": {
                    "date": "2026-09-17",
                    "entries": []
                }
            }
        },
        {
            "type": "Feature",
            "geometry": {
                "type": "Point",
                "coordinates": [
                    12.006837643332936,
                    57.68666328516496
                ]
            },
            "properties": {
                "id": "61e0a334cfc4d247ccaa1df1",
                "name": "Omvägen 2 F förskola",
                "businessId": 1692,
                "visitingAddress": "Omvägen 2F",
                "images": [
                    {
                        "small": "https://s3.eu-north-1.amazonaws.com/gbg.serviceguiden/61e0a334cfc4d247ccaa1df1_63578df8118251387c69f2f1_small.jpg",
                        "small2x": "https://s3.eu-north-1.amazonaws.com/gbg.serviceguiden/61e0a334cfc4d247ccaa1df1_63578df8118251387c69f2f1_small_2x.jpg",
                        "medium": "https://s3.eu-north-1.amazonaws.com/gbg.serviceguiden/61e0a334cfc4d247ccaa1df1_63578df8118251387c69f2f1_medium.jpg",
                        "medium2x": "https://s3.eu-north-1.amazonaws.com/gbg.serviceguiden/61e0a334cfc4d247ccaa1df1_63578df8118251387c69f2f1_medium_2x.jpg",
                        "large": "https://s3.eu-north-1.amazonaws.com/gbg.serviceguiden/61e0a334cfc4d247ccaa1df1_63578df8118251387c69f2f1_large.jpg",
                        "large2x": "https://s3.eu-north-1.amazonaws.com/gbg.serviceguiden/61e0a334cfc4d247ccaa1df1_63578df8118251387c69f2f1_large_2x.jpg",
                        "altText": "Bilden föreställer en ljusgul byggnad. Framför byggnaden finns en inhägnad lekplats med en sandlåda med ett lekstuga och en grävmaskin. Längre bort finns en klätterställning med två ruschkanor. ",
                        "description": "Foto: Davide Panzino"
                    }
                ],
                "todaysOpeningHours": {
                    "date": "2026-09-17",
                    "entries": []
                }
            }
        },
        {
            "type": "Feature",
            "geometry": {
                "type": "Point",
                "coordinates": [
                    11.898467478198976,
                    57.63990455382322
                ]
            },
            "properties": {
                "id": "61e0a335cfc4d247ccaa1e29",
                "name": "Opalgatan 100 förskola",
                "businessId": 1546,
                "visitingAddress": "Opalgatan 100",
                "images": [
                    {
                        "small": "https://s3.eu-north-1.amazonaws.com/gbg.serviceguiden/61e0a335cfc4d247ccaa1e29_6a4b6e71a6447f1ed7c379f7_small.jpg",
                        "small2x": "https://s3.eu-north-1.amazonaws.com/gbg.serviceguiden/61e0a335cfc4d247ccaa1e29_6a4b6e71a6447f1ed7c379f7_small_2x.jpg",
                        "medium": "https://s3.eu-north-1.amazonaws.com/gbg.serviceguiden/61e0a335cfc4d247ccaa1e29_6a4b6e71a6447f1ed7c379f7_medium.jpg",
                        "medium2x": "https://s3.eu-north-1.amazonaws.com/gbg.serviceguiden/61e0a335cfc4d247ccaa1e29_6a4b6e71a6447f1ed7c379f7_medium_2x.jpg",
                        "large": "https://s3.eu-north-1.amazonaws.com/gbg.serviceguiden/61e0a335cfc4d247ccaa1e29_6a4b6e71a6447f1ed7c379f7_large.jpg",
                        "large2x": "https://s3.eu-north-1.amazonaws.com/gbg.serviceguiden/61e0a335cfc4d247ccaa1e29_6a4b6e71a6447f1ed7c379f7_large_2x.jpg",
                        "altText": "Förskolebyggnad. I bakgrunden syns göna träd.",
                        "description": "Foto: Förskoleförvaltningen"
                    }
                ],
                "todaysOpeningHours": {
                    "date": "2026-09-17",
                    "entries": []
                }
            }
        },
        {
            "type": "Feature",
            "geometry": {
                "type": "Point",
                "coordinates": [
                    11.923157725727593,
                    57.66201180021568
                ]
            },
            "properties": {
                "id": "61f2524c4492d75adddd5368",
                "name": "Orkestergatan 35 förskola",
                "businessId": 6922,
                "visitingAddress": "Orkestergatan 35",
                "images": [
                    {
                        "small": "https://s3.eu-north-1.amazonaws.com/gbg.serviceguiden/61f2524c4492d75adddd5368_6374f9f53b1f9e7372238b21_small.jpg",
                        "small2x": "https://s3.eu-north-1.amazonaws.com/gbg.serviceguiden/61f2524c4492d75adddd5368_6374f9f53b1f9e7372238b21_small_2x.jpg",
                        "medium": "https://s3.eu-north-1.amazonaws.com/gbg.serviceguiden/61f2524c4492d75adddd5368_6374f9f53b1f9e7372238b21_medium.jpg",
                        "medium2x": "https://s3.eu-north-1.amazonaws.com/gbg.serviceguiden/61f2524c4492d75adddd5368_6374f9f53b1f9e7372238b21_medium_2x.jpg",
                        "large": "https://s3.eu-north-1.amazonaws.com/gbg.serviceguiden/61f2524c4492d75adddd5368_6374f9f53b1f9e7372238b21_large.jpg",
                        "large2x": "https://s3.eu-north-1.amazonaws.com/gbg.serviceguiden/61f2524c4492d75adddd5368_6374f9f53b1f9e7372238b21_large_2x.jpg",
                        "altText": "Bilden föreställer en byggnad och en förskolegård.",
                        "description": "Foto: Davide Panzino"
                    }
                ],
                "todaysOpeningHours": {
                    "date": "2026-09-17",
                    "entries": []
                }
            }
        },
        {
            "type": "Feature",
            "geometry": {
                "type": "Point",
                "coordinates": [
                    11.981297600082154,
                    57.68428355182952
                ]
            },
            "properties": {
                "id": "61e0a335cfc4d247ccaa1e7a",
                "name": "Orrspelsgatan 16 förskola",
                "businessId": 6307,
                "visitingAddress": "Orrspelsgatan 16",
                "images": [
                    {
                        "small": "https://s3.eu-north-1.amazonaws.com/gbg.serviceguiden/61e0a335cfc4d247ccaa1e7a_6a158e60a6447f1ed7e2d52d_small.jpg",
                        "small2x": "https://s3.eu-north-1.amazonaws.com/gbg.serviceguiden/61e0a335cfc4d247ccaa1e7a_6a158e60a6447f1ed7e2d52d_small_2x.jpg",
                        "medium": "https://s3.eu-north-1.amazonaws.com/gbg.serviceguiden/61e0a335cfc4d247ccaa1e7a_6a158e60a6447f1ed7e2d52d_medium.jpg",
                        "medium2x": "https://s3.eu-north-1.amazonaws.com/gbg.serviceguiden/61e0a335cfc4d247ccaa1e7a_6a158e60a6447f1ed7e2d52d_medium_2x.jpg",
                        "large": "https://s3.eu-north-1.amazonaws.com/gbg.serviceguiden/61e0a335cfc4d247ccaa1e7a_6a158e60a6447f1ed7e2d52d_large.jpg",
                        "large2x": "https://s3.eu-north-1.amazonaws.com/gbg.serviceguiden/61e0a335cfc4d247ccaa1e7a_6a158e60a6447f1ed7e2d52d_large_2x.jpg",
                        "altText": "Del av förskolans lekplats",
                        "description": "Foto: Müjgan Biçici Kaya"
                    }
                ],
                "todaysOpeningHours": {
                    "date": "2026-09-17",
                    "entries": []
                }
            }
        },
        {
            "type": "Feature",
            "geometry": {
                "type": "Point",
                "coordinates": [
                    11.90168436618446,
                    57.70441026812672
                ]
            },
            "properties": {
                "id": "653f7d53f6e27e47b58d5a25",
                "name": "Oslogatan 2 förskola",
                "businessId": 7321,
                "visitingAddress": "Oslogatan 2",
                "images": [
                    {
                        "small": "https://s3.eu-north-1.amazonaws.com/gbg.serviceguiden/653f7d53f6e27e47b58d5a25_653fbd6ef6e27e47b592600e_small.jpg",
                        "small2x": "https://s3.eu-north-1.amazonaws.com/gbg.serviceguiden/653f7d53f6e27e47b58d5a25_653fbd6ef6e27e47b592600e_small_2x.jpg",
                        "medium": "https://s3.eu-north-1.amazonaws.com/gbg.serviceguiden/653f7d53f6e27e47b58d5a25_653fbd6ef6e27e47b592600e_medium.jpg",
                        "medium2x": "https://s3.eu-north-1.amazonaws.com/gbg.serviceguiden/653f7d53f6e27e47b58d5a25_653fbd6ef6e27e47b592600e_medium_2x.jpg",
                        "large": "https://s3.eu-north-1.amazonaws.com/gbg.serviceguiden/653f7d53f6e27e47b58d5a25_653fbd6ef6e27e47b592600e_large.jpg",
                        "large2x": "https://s3.eu-north-1.amazonaws.com/gbg.serviceguiden/653f7d53f6e27e47b58d5a25_653fbd6ef6e27e47b592600e_large_2x.jpg",
                        "altText": "En förskolelokal i två våningar med grå fasad och med gården med gräs och olika redskap i förgrunden.",
                        "description": "Foto: Davide Panzino"
                    }
                ],
                "todaysOpeningHours": {
                    "date": "2026-09-17",
                    "entries": []
                }
            }
        },
        {
            "type": "Feature",
            "geometry": {
                "type": "Point",
                "coordinates": [
                    11.875709836564296,
                    57.667208659437584
                ]
            },
            "properties": {
                "id": "61e0a336cfc4d247ccaa1f86",
                "name": "Oxelgatan 6 förskola",
                "businessId": 1644,
                "visitingAddress": "Oxelgatan 6",
                "images": [
                    {
                        "small": "https://s3.eu-north-1.amazonaws.com/gbg.serviceguiden/61e0a336cfc4d247ccaa1f86_6374fa473b1f9e73722395cc_small.jpg",
                        "small2x": "https://s3.eu-north-1.amazonaws.com/gbg.serviceguiden/61e0a336cfc4d247ccaa1f86_6374fa473b1f9e73722395cc_small_2x.jpg",
                        "medium": "https://s3.eu-north-1.amazonaws.com/gbg.serviceguiden/61e0a336cfc4d247ccaa1f86_6374fa473b1f9e73722395cc_medium.jpg",
                        "medium2x": "https://s3.eu-north-1.amazonaws.com/gbg.serviceguiden/61e0a336cfc4d247ccaa1f86_6374fa473b1f9e73722395cc_medium_2x.jpg",
                        "large": "https://s3.eu-north-1.amazonaws.com/gbg.serviceguiden/61e0a336cfc4d247ccaa1f86_6374fa473b1f9e73722395cc_large.jpg",
                        "large2x": "https://s3.eu-north-1.amazonaws.com/gbg.serviceguiden/61e0a336cfc4d247ccaa1f86_6374fa473b1f9e73722395cc_large_2x.jpg",
                        "altText": "Bilden föreställer en röd byggnad och en väg. ",
                        "description": "Foto: Davide Panzino"
                    }
                ],
                "todaysOpeningHours": {
                    "date": "2026-09-17",
                    "entries": []
                }
            }
        },
        {
            "type": "Feature",
            "geometry": {
                "type": "Point",
                "coordinates": [
                    11.9678508514775,
                    57.74154938527749
                ]
            },
            "properties": {
                "id": "61e0a336cfc4d247ccaa1fa8",
                "name": "Oxerödsgatan 1 förskola",
                "businessId": 85,
                "visitingAddress": "Oxerödsgatan 1",
                "images": [
                    {
                        "small": "https://s3.eu-north-1.amazonaws.com/gbg.serviceguiden/61e0a336cfc4d247ccaa1fa8_6364ed89118251387c34df06_small.jpg",
                        "small2x": "https://s3.eu-north-1.amazonaws.com/gbg.serviceguiden/61e0a336cfc4d247ccaa1fa8_6364ed89118251387c34df06_small_2x.jpg",
                        "medium": "https://s3.eu-north-1.amazonaws.com/gbg.serviceguiden/61e0a336cfc4d247ccaa1fa8_6364ed89118251387c34df06_medium.jpg",
                        "medium2x": "https://s3.eu-north-1.amazonaws.com/gbg.serviceguiden/61e0a336cfc4d247ccaa1fa8_6364ed89118251387c34df06_medium_2x.jpg",
                        "large": "https://s3.eu-north-1.amazonaws.com/gbg.serviceguiden/61e0a336cfc4d247ccaa1fa8_6364ed89118251387c34df06_large.jpg",
                        "large2x": "https://s3.eu-north-1.amazonaws.com/gbg.serviceguiden/61e0a336cfc4d247ccaa1fa8_6364ed89118251387c34df06_large_2x.jpg",
                        "altText": "Bilden föreställer en gul byggnad med staket utanför. Framför byggnaden finns en gård med en leksaksstuga i trä.",
                        "description": "Foto: Davide Panzino"
                    }
                ],
                "todaysOpeningHours": {
                    "date": "2026-09-17",
                    "entries": []
                }
            }
        },
        {
            "type": "Feature",
            "geometry": {
                "type": "Point",
                "coordinates": [
                    12.035476483858186,
                    57.712502160557825
                ]
            },
            "properties": {
                "id": "61e0a338cfc4d247ccaa20d3",
                "name": "Paviljongvägen 82 förskola",
                "businessId": 2927,
                "visitingAddress": "Paviljongvägen 82",
                "images": [
                    {
                        "small": "https://s3.eu-north-1.amazonaws.com/gbg.serviceguiden/61e0a338cfc4d247ccaa20d3_6357930b118251387c6a568f_small.jpg",
                        "small2x": "https://s3.eu-north-1.amazonaws.com/gbg.serviceguiden/61e0a338cfc4d247ccaa20d3_6357930b118251387c6a568f_small_2x.jpg",
                        "medium": "https://s3.eu-north-1.amazonaws.com/gbg.serviceguiden/61e0a338cfc4d247ccaa20d3_6357930b118251387c6a568f_medium.jpg",
                        "medium2x": "https://s3.eu-north-1.amazonaws.com/gbg.serviceguiden/61e0a338cfc4d247ccaa20d3_6357930b118251387c6a568f_medium_2x.jpg",
                        "large": "https://s3.eu-north-1.amazonaws.com/gbg.serviceguiden/61e0a338cfc4d247ccaa20d3_6357930b118251387c6a568f_large.jpg",
                        "large2x": "https://s3.eu-north-1.amazonaws.com/gbg.serviceguiden/61e0a338cfc4d247ccaa20d3_6357930b118251387c6a568f_large_2x.jpg",
                        "altText": "Bilden föreställer ett vitt hus. Framför huset finns en park med trästockar, en balansbräda och bänkar. ",
                        "description": "Foto: Davide Panzino"
                    }
                ],
                "todaysOpeningHours": {
                    "date": "2026-09-17",
                    "entries": []
                }
            }
        },
        {
            "type": "Feature",
            "geometry": {
                "type": "Point",
                "coordinates": [
                    12.026992857502536,
                    57.79943023727349
                ]
            },
            "properties": {
                "id": "61e0a338cfc4d247ccaa210b",
                "name": "Peppargatan 7 förskola",
                "businessId": 514,
                "visitingAddress": "Almgården 7",
                "images": [
                    {
                        "small": "https://s3.eu-north-1.amazonaws.com/gbg.serviceguiden/61e0a338cfc4d247ccaa210b_637255153b1f9e7372f222b7_small.jpg",
                        "small2x": "https://s3.eu-north-1.amazonaws.com/gbg.serviceguiden/61e0a338cfc4d247ccaa210b_637255153b1f9e7372f222b7_small_2x.jpg",
                        "medium": "https://s3.eu-north-1.amazonaws.com/gbg.serviceguiden/61e0a338cfc4d247ccaa210b_637255153b1f9e7372f222b7_medium.jpg",
                        "medium2x": "https://s3.eu-north-1.amazonaws.com/gbg.serviceguiden/61e0a338cfc4d247ccaa210b_637255153b1f9e7372f222b7_medium_2x.jpg",
                        "large": "https://s3.eu-north-1.amazonaws.com/gbg.serviceguiden/61e0a338cfc4d247ccaa210b_637255153b1f9e7372f222b7_large.jpg",
                        "large2x": "https://s3.eu-north-1.amazonaws.com/gbg.serviceguiden/61e0a338cfc4d247ccaa210b_637255153b1f9e7372f222b7_large_2x.jpg",
                        "altText": "Bilden föreställer en byggnad, en gångbana, träd, en bänk. Längst bort i bild syns gungor. ",
                        "description": "Foto: Davide Panzino"
                    }
                ],
                "todaysOpeningHours": {
                    "date": "2026-09-17",
                    "entries": []
                }
            }
        },
        {
            "type": "Feature",
            "geometry": {
                "type": "Point",
                "coordinates": [
                    12.03344686130944,
                    57.82086560799265
                ]
            },
            "properties": {
                "id": "61e0a338cfc4d247ccaa2144",
                "name": "Persiljegatan 1 förskola",
                "businessId": 530,
                "visitingAddress": "Persiljegatan 1",
                "images": [
                    {
                        "small": "https://s3.eu-north-1.amazonaws.com/gbg.serviceguiden/61e0a338cfc4d247ccaa2144_6a4ca67da6447f1ed7cca626_small.jpg",
                        "small2x": "https://s3.eu-north-1.amazonaws.com/gbg.serviceguiden/61e0a338cfc4d247ccaa2144_6a4ca67da6447f1ed7cca626_small_2x.jpg",
                        "medium": "https://s3.eu-north-1.amazonaws.com/gbg.serviceguiden/61e0a338cfc4d247ccaa2144_6a4ca67da6447f1ed7cca626_medium.jpg",
                        "medium2x": "https://s3.eu-north-1.amazonaws.com/gbg.serviceguiden/61e0a338cfc4d247ccaa2144_6a4ca67da6447f1ed7cca626_medium_2x.jpg",
                        "large": "https://s3.eu-north-1.amazonaws.com/gbg.serviceguiden/61e0a338cfc4d247ccaa2144_6a4ca67da6447f1ed7cca626_large.jpg",
                        "large2x": "https://s3.eu-north-1.amazonaws.com/gbg.serviceguiden/61e0a338cfc4d247ccaa2144_6a4ca67da6447f1ed7cca626_large_2x.jpg",
                        "altText": "Förskolans gård med en rutschbana i förgrunden.",
                        "description": "Foto: Förskoleförvaltningen"
                    }
                ],
                "todaysOpeningHours": {
                    "date": "2026-09-17",
                    "entries": []
                }
            }
        },
        {
            "type": "Feature",
            "geometry": {
                "type": "Point",
                "coordinates": [
                    11.934389480350996,
                    57.64058349147054
                ]
            },
            "properties": {
                "id": "61e0a339cfc4d247ccaa2178",
                "name": "Pilegården 9 förskola",
                "businessId": 34,
                "visitingAddress": "Pilegården 9H",
                "images": [
                    {
                        "small": "https://s3.eu-north-1.amazonaws.com/gbg.serviceguiden/61e0a339cfc4d247ccaa2178_6a5e072dd821e8478294ffd7_small.jpg",
                        "small2x": "https://s3.eu-north-1.amazonaws.com/gbg.serviceguiden/61e0a339cfc4d247ccaa2178_6a5e072dd821e8478294ffd7_small_2x.jpg",
                        "medium": "https://s3.eu-north-1.amazonaws.com/gbg.serviceguiden/61e0a339cfc4d247ccaa2178_6a5e072dd821e8478294ffd7_medium.jpg",
                        "medium2x": "https://s3.eu-north-1.amazonaws.com/gbg.serviceguiden/61e0a339cfc4d247ccaa2178_6a5e072dd821e8478294ffd7_medium_2x.jpg",
                        "large": "https://s3.eu-north-1.amazonaws.com/gbg.serviceguiden/61e0a339cfc4d247ccaa2178_6a5e072dd821e8478294ffd7_large.jpg",
                        "large2x": "https://s3.eu-north-1.amazonaws.com/gbg.serviceguiden/61e0a339cfc4d247ccaa2178_6a5e072dd821e8478294ffd7_large_2x.jpg",
                        "altText": "Förskolefasad och gården.",
                        "description": "Foto: Förskoleförvaltningen"
                    }
                ],
                "todaysOpeningHours": {
                    "date": "2026-09-17",
                    "entries": []
                }
            }
        },
        {
            "type": "Feature",
            "geometry": {
                "type": "Point",
                "coordinates": [
                    11.948674467922384,
                    57.69710222800341
                ]
            },
            "properties": {
                "id": "61e0a339cfc4d247ccaa2194",
                "name": "Plantagegatan 8-10 förskola",
                "businessId": 2606,
                "visitingAddress": "Plantagegatan 10",
                "description": "<p>Förskolan kommer är stängd augusti 2024–augusti 2028. Du kan inte söka till förskolan. Förskolans lokaler kan användas av andra förskolor vid behov.</p>",
                "images": [
                    {
                        "small": "https://s3.eu-north-1.amazonaws.com/gbg.serviceguiden/61e0a339cfc4d247ccaa2194_6357e8ca118251387c70eb06_small.jpg",
                        "small2x": "https://s3.eu-north-1.amazonaws.com/gbg.serviceguiden/61e0a339cfc4d247ccaa2194_6357e8ca118251387c70eb06_small_2x.jpg",
                        "medium": "https://s3.eu-north-1.amazonaws.com/gbg.serviceguiden/61e0a339cfc4d247ccaa2194_6357e8ca118251387c70eb06_medium.jpg",
                        "medium2x": "https://s3.eu-north-1.amazonaws.com/gbg.serviceguiden/61e0a339cfc4d247ccaa2194_6357e8ca118251387c70eb06_medium_2x.jpg",
                        "large": "https://s3.eu-north-1.amazonaws.com/gbg.serviceguiden/61e0a339cfc4d247ccaa2194_6357e8ca118251387c70eb06_large.jpg",
                        "large2x": "https://s3.eu-north-1.amazonaws.com/gbg.serviceguiden/61e0a339cfc4d247ccaa2194_6357e8ca118251387c70eb06_large_2x.jpg",
                        "altText": "Bilden föreställer en vit byggnad med röda fönsterkarmar. I mitten av husen finns en lekplats med två röda ruschkanor, en sandlåda, gunghäst och runda stenar. ",
                        "description": "Foto: Peter Nilsson "
                    }
                ],
                "todaysOpeningHours": {
                    "date": "2026-09-17",
                    "entries": []
                }
            }
        },
        {
            "type": "Feature",
            "geometry": {
                "type": "Point",
                "coordinates": [
                    11.97588386153036,
                    57.68153114773117
                ]
            },
            "properties": {
                "id": "61e0a339cfc4d247ccaa220d",
                "name": "Polarna",
                "businessId": 2984,
                "visitingAddress": "Doktor Liborius Gata 42B",
                "description": "<p>Det här är en fristående förskola. Kontakta förskolan om du vill veta mer om deras verksamhet.</p>",
                "todaysOpeningHours": {
                    "date": "2026-09-17",
                    "entries": []
                }
            }
        },
        {
            "type": "Feature",
            "geometry": {
                "type": "Point",
                "coordinates": [
                    11.910114171790656,
                    57.705071982903085
                ]
            },
            "properties": {
                "id": "61e0a33acfc4d247ccaa2321",
                "name": "Prebendegatan 2 förskola",
                "businessId": 1245,
                "visitingAddress": "Prebendegatan 2",
                "images": [
                    {
                        "small": "https://s3.eu-north-1.amazonaws.com/gbg.serviceguiden/61e0a33acfc4d247ccaa2321_6364ede3118251387c34e762_small.jpg",
                        "small2x": "https://s3.eu-north-1.amazonaws.com/gbg.serviceguiden/61e0a33acfc4d247ccaa2321_6364ede3118251387c34e762_small_2x.jpg",
                        "medium": "https://s3.eu-north-1.amazonaws.com/gbg.serviceguiden/61e0a33acfc4d247ccaa2321_6364ede3118251387c34e762_medium.jpg",
                        "medium2x": "https://s3.eu-north-1.amazonaws.com/gbg.serviceguiden/61e0a33acfc4d247ccaa2321_6364ede3118251387c34e762_medium_2x.jpg",
                        "large": "https://s3.eu-north-1.amazonaws.com/gbg.serviceguiden/61e0a33acfc4d247ccaa2321_6364ede3118251387c34e762_large.jpg",
                        "large2x": "https://s3.eu-north-1.amazonaws.com/gbg.serviceguiden/61e0a33acfc4d247ccaa2321_6364ede3118251387c34e762_large_2x.jpg",
                        "altText": "Bilden föreställer en tegelbyggnad med en gård med en gunga och en klätterställning med ruschkana utanför.",
                        "description": "Foto: Davide Panzino"
                    }
                ],
                "todaysOpeningHours": {
                    "date": "2026-09-17",
                    "entries": []
                }
            }
        },
        {
            "type": "Feature",
            "geometry": {
                "type": "Point",
                "coordinates": [
                    11.98638791584065,
                    57.79420062415219
                ]
            },
            "properties": {
                "id": "61e0a33bcfc4d247ccaa2379",
                "name": "Prilyckegatan 147 förskola",
                "businessId": 1173,
                "visitingAddress": "Prilyckegatan 147",
                "images": [
                    {
                        "small": "https://s3.eu-north-1.amazonaws.com/gbg.serviceguiden/61e0a33bcfc4d247ccaa2379_636502e9118251387c365522_small.jpg",
                        "small2x": "https://s3.eu-north-1.amazonaws.com/gbg.serviceguiden/61e0a33bcfc4d247ccaa2379_636502e9118251387c365522_small_2x.jpg",
                        "medium": "https://s3.eu-north-1.amazonaws.com/gbg.serviceguiden/61e0a33bcfc4d247ccaa2379_636502e9118251387c365522_medium.jpg",
                        "medium2x": "https://s3.eu-north-1.amazonaws.com/gbg.serviceguiden/61e0a33bcfc4d247ccaa2379_636502e9118251387c365522_medium_2x.jpg",
                        "large": "https://s3.eu-north-1.amazonaws.com/gbg.serviceguiden/61e0a33bcfc4d247ccaa2379_636502e9118251387c365522_large.jpg",
                        "large2x": "https://s3.eu-north-1.amazonaws.com/gbg.serviceguiden/61e0a33bcfc4d247ccaa2379_636502e9118251387c365522_large_2x.jpg",
                        "altText": "Bilden föreställer en röd byggnad med vita fönsterkarmar. Framför byggnaden finns en gård med växter, staket och utomhusbänkar. ",
                        "description": "Foto: Davide Panzino"
                    }
                ],
                "todaysOpeningHours": {
                    "date": "2026-09-17",
                    "entries": []
                }
            }
        },
        {
            "type": "Feature",
            "geometry": {
                "type": "Point",
                "coordinates": [
                    12.009495539159888,
                    57.70451753467388
                ]
            },
            "properties": {
                "id": "61e0a33ccfc4d247ccaa243f",
                "name": "Prästgårdsgatan 44 B förskola",
                "businessId": 1693,
                "visitingAddress": "Prästgårdsgatan 44B",
                "images": [
                    {
                        "small": "https://s3.eu-north-1.amazonaws.com/gbg.serviceguiden/61e0a33ccfc4d247ccaa243f_6357e94e118251387c70f53b_small.jpg",
                        "small2x": "https://s3.eu-north-1.amazonaws.com/gbg.serviceguiden/61e0a33ccfc4d247ccaa243f_6357e94e118251387c70f53b_small_2x.jpg",
                        "medium": "https://s3.eu-north-1.amazonaws.com/gbg.serviceguiden/61e0a33ccfc4d247ccaa243f_6357e94e118251387c70f53b_medium.jpg",
                        "medium2x": "https://s3.eu-north-1.amazonaws.com/gbg.serviceguiden/61e0a33ccfc4d247ccaa243f_6357e94e118251387c70f53b_medium_2x.jpg",
                        "large": "https://s3.eu-north-1.amazonaws.com/gbg.serviceguiden/61e0a33ccfc4d247ccaa243f_6357e94e118251387c70f53b_large.jpg",
                        "large2x": "https://s3.eu-north-1.amazonaws.com/gbg.serviceguiden/61e0a33ccfc4d247ccaa243f_6357e94e118251387c70f53b_large_2x.jpg",
                        "altText": "Bilden föreställer en blå byggnad. Framför byggnaden finns en sandlåda med en leksaksbil i trä och en lekstuga. ",
                        "description": "Foto: Davide Panzino"
                    }
                ],
                "todaysOpeningHours": {
                    "date": "2026-09-17",
                    "entries": []
                }
            }
        },
        {
            "type": "Feature",
            "geometry": {
                "type": "Point",
                "coordinates": [
                    12.022340854803653,
                    57.712774513108
                ]
            },
            "properties": {
                "id": "61e0a33ccfc4d247ccaa2486",
                "name": "Prästkragen ",
                "businessId": 2481,
                "visitingAddress": "Utjordsgatan 23",
                "description": "<p>Det här är en fristående förskola. Kontakta förskolan om du vill veta mer om deras verksamhet.</p>",
                "todaysOpeningHours": {
                    "date": "2026-09-17",
                    "entries": []
                }
            }
        },
        {
            "type": "Feature",
            "geometry": {
                "type": "Point",
                "coordinates": [
                    11.939146571312994,
                    57.72478766890724
                ]
            },
            "properties": {
                "id": "61e0a33ccfc4d247ccaa24a4",
                "name": "Prästkragsgatan 2 förskola",
                "businessId": 1246,
                "visitingAddress": "Prästkragsgatan 2",
                "images": [
                    {
                        "small": "https://s3.eu-north-1.amazonaws.com/gbg.serviceguiden/61e0a33ccfc4d247ccaa24a4_63650370118251387c365f83_small.jpg",
                        "small2x": "https://s3.eu-north-1.amazonaws.com/gbg.serviceguiden/61e0a33ccfc4d247ccaa24a4_63650370118251387c365f83_small_2x.jpg",
                        "medium": "https://s3.eu-north-1.amazonaws.com/gbg.serviceguiden/61e0a33ccfc4d247ccaa24a4_63650370118251387c365f83_medium.jpg",
                        "medium2x": "https://s3.eu-north-1.amazonaws.com/gbg.serviceguiden/61e0a33ccfc4d247ccaa24a4_63650370118251387c365f83_medium_2x.jpg",
                        "large": "https://s3.eu-north-1.amazonaws.com/gbg.serviceguiden/61e0a33ccfc4d247ccaa24a4_63650370118251387c365f83_large.jpg",
                        "large2x": "https://s3.eu-north-1.amazonaws.com/gbg.serviceguiden/61e0a33ccfc4d247ccaa24a4_63650370118251387c365f83_large_2x.jpg",
                        "altText": "Bilden beskriver en röd byggnad med vita fönsterkarmar och ett staket utanför. Framför byggnaden finns en lekplats med en klätterställning och en gunghäst.",
                        "description": "Foto: Davide Panzino"
                    }
                ],
                "todaysOpeningHours": {
                    "date": "2026-09-17",
                    "entries": []
                }
            }
        },
        {
            "type": "Feature",
            "geometry": {
                "type": "Point",
                "coordinates": [
                    11.91626198439613,
                    57.71437650345786
                ]
            },
            "properties": {
                "id": "61e0a33ccfc4d247ccaa24d4",
                "name": "Prästvägen 6 förskola (dygnet runt-omsorg)",
                "businessId": 4768,
                "visitingAddress": "Prästvägen 6",
                "images": [
                    {
                        "small": "https://s3.eu-north-1.amazonaws.com/gbg.serviceguiden/61e0a33ccfc4d247ccaa24d4_636503da118251387c366a5c_small.jpg",
                        "small2x": "https://s3.eu-north-1.amazonaws.com/gbg.serviceguiden/61e0a33ccfc4d247ccaa24d4_636503da118251387c366a5c_small_2x.jpg",
                        "medium": "https://s3.eu-north-1.amazonaws.com/gbg.serviceguiden/61e0a33ccfc4d247ccaa24d4_636503da118251387c366a5c_medium.jpg",
                        "medium2x": "https://s3.eu-north-1.amazonaws.com/gbg.serviceguiden/61e0a33ccfc4d247ccaa24d4_636503da118251387c366a5c_medium_2x.jpg",
                        "large": "https://s3.eu-north-1.amazonaws.com/gbg.serviceguiden/61e0a33ccfc4d247ccaa24d4_636503da118251387c366a5c_large.jpg",
                        "large2x": "https://s3.eu-north-1.amazonaws.com/gbg.serviceguiden/61e0a33ccfc4d247ccaa24d4_636503da118251387c366a5c_large_2x.jpg",
                        "altText": "Bilden föreställer ett gult hus. ",
                        "description": "Foto: Jens Andersson"
                    }
                ],
                "todaysOpeningHours": {
                    "date": "2026-09-17",
                    "entries": []
                }
            }
        },
        {
            "type": "Feature",
            "geometry": {
                "type": "Point",
                "coordinates": [
                    11.936902338167544,
                    57.691010602042546
                ]
            },
            "properties": {
                "id": "61e0a33dcfc4d247ccaa2504",
                "name": "Puh",
                "businessId": 259,
                "visitingAddress": "Söderlingsgatan 8A",
                "description": "<p>Det här är en fristående förskola. Kontakta förskolan om du vill veta mer om deras verksamhet.</p>",
                "todaysOpeningHours": {
                    "date": "2026-09-17",
                    "entries": []
                }
            }
        },
        {
            "type": "Feature",
            "geometry": {
                "type": "Point",
                "coordinates": [
                    11.898429034242024,
                    57.6249477838164
                ]
            },
            "properties": {
                "id": "61e0a33dcfc4d247ccaa25eb",
                "name": "Pärlan, Näsetkyrkans förskola",
                "businessId": 4395,
                "visitingAddress": "Hammarvägen 6",
                "description": "<p>Det här är en fristående förskola. Kontakta förskolan om du vill veta mer om deras verksamhet.</p>",
                "todaysOpeningHours": {
                    "date": "2026-09-17",
                    "entries": []
                }
            }
        },
        {
            "type": "Feature",
            "geometry": {
                "type": "Point",
                "coordinates": [
                    12.032656965008792,
                    57.790455046727956
                ]
            },
            "properties": {
                "id": "61e0a33fcfc4d247ccaa26be",
                "name": "Ramnebacken 40A förskola",
                "businessId": 1303,
                "visitingAddress": "Ramnebacken 40A",
                "images": [
                    {
                        "small": "https://s3.eu-north-1.amazonaws.com/gbg.serviceguiden/61e0a33fcfc4d247ccaa26be_637255b83b1f9e7372f23029_small.jpg",
                        "small2x": "https://s3.eu-north-1.amazonaws.com/gbg.serviceguiden/61e0a33fcfc4d247ccaa26be_637255b83b1f9e7372f23029_small_2x.jpg",
                        "medium": "https://s3.eu-north-1.amazonaws.com/gbg.serviceguiden/61e0a33fcfc4d247ccaa26be_637255b83b1f9e7372f23029_medium.jpg",
                        "medium2x": "https://s3.eu-north-1.amazonaws.com/gbg.serviceguiden/61e0a33fcfc4d247ccaa26be_637255b83b1f9e7372f23029_medium_2x.jpg",
                        "large": "https://s3.eu-north-1.amazonaws.com/gbg.serviceguiden/61e0a33fcfc4d247ccaa26be_637255b83b1f9e7372f23029_large.jpg",
                        "large2x": "https://s3.eu-north-1.amazonaws.com/gbg.serviceguiden/61e0a33fcfc4d247ccaa26be_637255b83b1f9e7372f23029_large_2x.jpg",
                        "altText": "Bilden föreställer en gul byggnad. Framför byggnaden finns en förskolegård med en utomhusbänk, en sandlåda och en leksaksstuga. ",
                        "description": "Foto: Davide Panzino"
                    }
                ],
                "todaysOpeningHours": {
                    "date": "2026-09-17",
                    "entries": []
                }
            }
        },
        {
            "type": "Feature",
            "geometry": {
                "type": "Point",
                "coordinates": [
                    11.943185280675015,
                    57.6970142422701
                ]
            },
            "properties": {
                "id": "61e0a33fcfc4d247ccaa2721",
                "name": "Rangströmsliden 3 förskola",
                "businessId": 2599,
                "visitingAddress": "Rangströmsliden 3",
                "description": "<p>Förskolan kommer vara stängd augusti 2024–augusti 2028. Du kan inte söka till förskolan i nuläget. Förskolans lokaler kan komma att användas av andra förskolor vid behov.</p>",
                "images": [
                    {
                        "small": "https://s3.eu-north-1.amazonaws.com/gbg.serviceguiden/61e0a33fcfc4d247ccaa2721_6357e9b3118251387c70fc75_small.jpg",
                        "small2x": "https://s3.eu-north-1.amazonaws.com/gbg.serviceguiden/61e0a33fcfc4d247ccaa2721_6357e9b3118251387c70fc75_small_2x.jpg",
                        "medium": "https://s3.eu-north-1.amazonaws.com/gbg.serviceguiden/61e0a33fcfc4d247ccaa2721_6357e9b3118251387c70fc75_medium.jpg",
                        "medium2x": "https://s3.eu-north-1.amazonaws.com/gbg.serviceguiden/61e0a33fcfc4d247ccaa2721_6357e9b3118251387c70fc75_medium_2x.jpg",
                        "large": "https://s3.eu-north-1.amazonaws.com/gbg.serviceguiden/61e0a33fcfc4d247ccaa2721_6357e9b3118251387c70fc75_large.jpg",
                        "large2x": "https://s3.eu-north-1.amazonaws.com/gbg.serviceguiden/61e0a33fcfc4d247ccaa2721_6357e9b3118251387c70fc75_large_2x.jpg",
                        "altText": "Bilden föreställer en grå byggnad med gröna fönsterkarmar och en dörr. Framför byggnaden finns en leksaksstuga och bänkar. Platsen är inhägnad med grönt staket. ",
                        "description": "Foto: Peter Nilsson"
                    }
                ],
                "todaysOpeningHours": {
                    "date": "2026-09-17",
                    "entries": []
                }
            }
        },
        {
            "type": "Feature",
            "geometry": {
                "type": "Point",
                "coordinates": [
                    11.879902000085258,
                    57.6694650064872
                ]
            },
            "properties": {
                "id": "61e0a340cfc4d247ccaa2874",
                "name": "Redegatan 15 förskola",
                "businessId": 1646,
                "visitingAddress": "Redegatan 15",
                "images": [
                    {
                        "small": "https://s3.eu-north-1.amazonaws.com/gbg.serviceguiden/61e0a340cfc4d247ccaa2874_637631f6593d8e1f1a719d35_small.jpg",
                        "small2x": "https://s3.eu-north-1.amazonaws.com/gbg.serviceguiden/61e0a340cfc4d247ccaa2874_637631f6593d8e1f1a719d35_small_2x.jpg",
                        "medium": "https://s3.eu-north-1.amazonaws.com/gbg.serviceguiden/61e0a340cfc4d247ccaa2874_637631f6593d8e1f1a719d35_medium.jpg",
                        "medium2x": "https://s3.eu-north-1.amazonaws.com/gbg.serviceguiden/61e0a340cfc4d247ccaa2874_637631f6593d8e1f1a719d35_medium_2x.jpg",
                        "large": "https://s3.eu-north-1.amazonaws.com/gbg.serviceguiden/61e0a340cfc4d247ccaa2874_637631f6593d8e1f1a719d35_large.jpg",
                        "large2x": "https://s3.eu-north-1.amazonaws.com/gbg.serviceguiden/61e0a340cfc4d247ccaa2874_637631f6593d8e1f1a719d35_large_2x.jpg",
                        "altText": "Bilden föreställer två byggnader, ett förråd och en gunghäst. ",
                        "description": "Foto: Davide Panzino"
                    }
                ],
                "todaysOpeningHours": {
                    "date": "2026-09-17",
                    "entries": []
                }
            }
        },
        {
            "type": "Feature",
            "geometry": {
                "type": "Point",
                "coordinates": [
                    11.983869912550388,
                    57.74694545852733
                ]
            },
            "properties": {
                "id": "61e0a345cfc4d247ccaa2d27",
                "name": "Rimmaregatan 5 förskola",
                "businessId": 88,
                "visitingAddress": "Rimmaregatan 5",
                "images": [
                    {
                        "small": "https://s3.eu-north-1.amazonaws.com/gbg.serviceguiden/61e0a345cfc4d247ccaa2d27_636504d0118251387c367c8d_small.jpg",
                        "small2x": "https://s3.eu-north-1.amazonaws.com/gbg.serviceguiden/61e0a345cfc4d247ccaa2d27_636504d0118251387c367c8d_small_2x.jpg",
                        "medium": "https://s3.eu-north-1.amazonaws.com/gbg.serviceguiden/61e0a345cfc4d247ccaa2d27_636504d0118251387c367c8d_medium.jpg",
                        "medium2x": "https://s3.eu-north-1.amazonaws.com/gbg.serviceguiden/61e0a345cfc4d247ccaa2d27_636504d0118251387c367c8d_medium_2x.jpg",
                        "large": "https://s3.eu-north-1.amazonaws.com/gbg.serviceguiden/61e0a345cfc4d247ccaa2d27_636504d0118251387c367c8d_large.jpg",
                        "large2x": "https://s3.eu-north-1.amazonaws.com/gbg.serviceguiden/61e0a345cfc4d247ccaa2d27_636504d0118251387c367c8d_large_2x.jpg",
                        "altText": "Bilden föreställer en röd byggnad. Utanför byggnaden finns en gård med en sandlåda, en ruschkana och lekstugor. På gården står även ett rött förråd. ",
                        "description": "Foto: Davide Panzino"
                    }
                ],
                "todaysOpeningHours": {
                    "date": "2026-09-17",
                    "entries": []
                }
            }
        },
        {
            "type": "Feature",
            "geometry": {
                "type": "Point",
                "coordinates": [
                    11.955253789646267,
                    57.69481129568846
                ]
            },
            "properties": {
                "id": "61e0a346cfc4d247ccaa2d8d",
                "name": "Risåsgatan 7 förskola",
                "businessId": 2604,
                "visitingAddress": "Risåsgatan 7",
                "images": [
                    {
                        "small": "https://s3.eu-north-1.amazonaws.com/gbg.serviceguiden/61e0a346cfc4d247ccaa2d8d_6357ea30118251387c7106e8_small.jpg",
                        "small2x": "https://s3.eu-north-1.amazonaws.com/gbg.serviceguiden/61e0a346cfc4d247ccaa2d8d_6357ea30118251387c7106e8_small_2x.jpg",
                        "medium": "https://s3.eu-north-1.amazonaws.com/gbg.serviceguiden/61e0a346cfc4d247ccaa2d8d_6357ea30118251387c7106e8_medium.jpg",
                        "medium2x": "https://s3.eu-north-1.amazonaws.com/gbg.serviceguiden/61e0a346cfc4d247ccaa2d8d_6357ea30118251387c7106e8_medium_2x.jpg",
                        "large": "https://s3.eu-north-1.amazonaws.com/gbg.serviceguiden/61e0a346cfc4d247ccaa2d8d_6357ea30118251387c7106e8_large.jpg",
                        "large2x": "https://s3.eu-north-1.amazonaws.com/gbg.serviceguiden/61e0a346cfc4d247ccaa2d8d_6357ea30118251387c7106e8_large_2x.jpg",
                        "altText": "Bilden föreställer en gul byggnad och två vita byggnader. Mellan byggnaderna finns en inhägnad lekplats med en klätterställning och ruschkana. På husfasaden till ett av de vita husen som är närmst i bild finns en målning med händer i olika färger. ",
                        "description": "Foto: Davide Panzino "
                    }
                ],
                "todaysOpeningHours": {
                    "date": "2026-09-17",
                    "entries": []
                }
            }
        },
        {
            "type": "Feature",
            "geometry": {
                "type": "Point",
                "coordinates": [
                    11.926494207585487,
                    57.71832597567596
                ]
            },
            "properties": {
                "id": "61e0a346cfc4d247ccaa2dbf",
                "name": "Rosenapelgatan 22 förskola",
                "businessId": 6853,
                "visitingAddress": "Rosenapelgatan 22",
                "images": [
                    {
                        "small": "https://s3.eu-north-1.amazonaws.com/gbg.serviceguiden/61e0a346cfc4d247ccaa2dbf_63650553118251387c36856a_small.jpg",
                        "small2x": "https://s3.eu-north-1.amazonaws.com/gbg.serviceguiden/61e0a346cfc4d247ccaa2dbf_63650553118251387c36856a_small_2x.jpg",
                        "medium": "https://s3.eu-north-1.amazonaws.com/gbg.serviceguiden/61e0a346cfc4d247ccaa2dbf_63650553118251387c36856a_medium.jpg",
                        "medium2x": "https://s3.eu-north-1.amazonaws.com/gbg.serviceguiden/61e0a346cfc4d247ccaa2dbf_63650553118251387c36856a_medium_2x.jpg",
                        "large": "https://s3.eu-north-1.amazonaws.com/gbg.serviceguiden/61e0a346cfc4d247ccaa2dbf_63650553118251387c36856a_large.jpg",
                        "large2x": "https://s3.eu-north-1.amazonaws.com/gbg.serviceguiden/61e0a346cfc4d247ccaa2dbf_63650553118251387c36856a_large_2x.jpg",
                        "altText": "Bilden föreställer en blå byggnad. Framför byggnaden finns ett förråd i ljust trä, en gångbana och en gräsmatta med träd. ",
                        "description": "Foto: Davide Panzino"
                    }
                ],
                "todaysOpeningHours": {
                    "date": "2026-09-17",
                    "entries": []
                }
            }
        },
        {
            "type": "Feature",
            "geometry": {
                "type": "Point",
                "coordinates": [
                    12.04346172354118,
                    57.713492567219475
                ]
            },
            "properties": {
                "id": "69d61688a6447f1ed767d5db",
                "name": "Rosendalsgatan 8 förskola",
                "businessId": 7574,
                "visitingAddress": "Rosendalsgatan 8",
                "todaysOpeningHours": {
                    "date": "2026-09-17",
                    "entries": []
                }
            }
        },
        {
            "type": "Feature",
            "geometry": {
                "type": "Point",
                "coordinates": [
                    11.94934376552891,
                    57.69105853938835
                ]
            },
            "properties": {
                "id": "61e0a346cfc4d247ccaa2e59",
                "name": "Rosengatan 6 förskola",
                "businessId": 2603,
                "visitingAddress": "Rosengatan 6",
                "images": [
                    {
                        "small": "https://s3.eu-north-1.amazonaws.com/gbg.serviceguiden/61e0a346cfc4d247ccaa2e59_6357eaa4118251387c71101f_small.jpg",
                        "small2x": "https://s3.eu-north-1.amazonaws.com/gbg.serviceguiden/61e0a346cfc4d247ccaa2e59_6357eaa4118251387c71101f_small_2x.jpg",
                        "medium": "https://s3.eu-north-1.amazonaws.com/gbg.serviceguiden/61e0a346cfc4d247ccaa2e59_6357eaa4118251387c71101f_medium.jpg",
                        "medium2x": "https://s3.eu-north-1.amazonaws.com/gbg.serviceguiden/61e0a346cfc4d247ccaa2e59_6357eaa4118251387c71101f_medium_2x.jpg",
                        "large": "https://s3.eu-north-1.amazonaws.com/gbg.serviceguiden/61e0a346cfc4d247ccaa2e59_6357eaa4118251387c71101f_large.jpg",
                        "large2x": "https://s3.eu-north-1.amazonaws.com/gbg.serviceguiden/61e0a346cfc4d247ccaa2e59_6357eaa4118251387c71101f_large_2x.jpg",
                        "altText": "Bilden föreställer en tegelbyggnad. Bakom byggnaden finns gröna träd. Framför byggnaden finns en bilparkering och orangea soplådor. ",
                        "description": "Foto: Davide Panzino"
                    }
                ],
                "todaysOpeningHours": {
                    "date": "2026-09-17",
                    "entries": []
                }
            }
        },
        {
            "type": "Feature",
            "geometry": {
                "type": "Point",
                "coordinates": [
                    11.991313614308746,
                    57.689873949021745
                ]
            },
            "properties": {
                "id": "61e0a348cfc4d247ccaa2f8e",
                "name": "Rudedammsgatan 6B förskola",
                "businessId": 236,
                "visitingAddress": "Rudedammsgatan 6B",
                "images": [
                    {
                        "small": "https://s3.eu-north-1.amazonaws.com/gbg.serviceguiden/61e0a348cfc4d247ccaa2f8e_6357eb73118251387c7123a5_small.jpg",
                        "small2x": "https://s3.eu-north-1.amazonaws.com/gbg.serviceguiden/61e0a348cfc4d247ccaa2f8e_6357eb73118251387c7123a5_small_2x.jpg",
                        "medium": "https://s3.eu-north-1.amazonaws.com/gbg.serviceguiden/61e0a348cfc4d247ccaa2f8e_6357eb73118251387c7123a5_medium.jpg",
                        "medium2x": "https://s3.eu-north-1.amazonaws.com/gbg.serviceguiden/61e0a348cfc4d247ccaa2f8e_6357eb73118251387c7123a5_medium_2x.jpg",
                        "large": "https://s3.eu-north-1.amazonaws.com/gbg.serviceguiden/61e0a348cfc4d247ccaa2f8e_6357eb73118251387c7123a5_large.jpg",
                        "large2x": "https://s3.eu-north-1.amazonaws.com/gbg.serviceguiden/61e0a348cfc4d247ccaa2f8e_6357eb73118251387c7123a5_large_2x.jpg",
                        "altText": "Bilden föreställer en tegelbyggnad. Framför byggnaden finns en röd mindre stuga. Bredvid stugan finns ett träd med en regnbågsflagga. Till vänster av stugan finns en orange klätterställning. Längst fram i bild finns en cirkel av stenar och stockar i marken.",
                        "description": "Foto: Davide Panzino"
                    }
                ],
                "todaysOpeningHours": {
                    "date": "2026-09-17",
                    "entries": []
                }
            }
        },
        {
            "type": "Feature",
            "geometry": {
                "type": "Point",
                "coordinates": [
                    11.770509966951625,
                    57.72949194245207
                ]
            },
            "properties": {
                "id": "61e0a348cfc4d247ccaa3003",
                "name": "Runskriftsgatan 6 förskola",
                "businessId": 1470,
                "visitingAddress": "Runskriftsgatan 6",
                "images": [
                    {
                        "small": "https://s3.eu-north-1.amazonaws.com/gbg.serviceguiden/61e0a348cfc4d247ccaa3003_636505cf118251387c369064_small.jpg",
                        "small2x": "https://s3.eu-north-1.amazonaws.com/gbg.serviceguiden/61e0a348cfc4d247ccaa3003_636505cf118251387c369064_small_2x.jpg",
                        "medium": "https://s3.eu-north-1.amazonaws.com/gbg.serviceguiden/61e0a348cfc4d247ccaa3003_636505cf118251387c369064_medium.jpg",
                        "medium2x": "https://s3.eu-north-1.amazonaws.com/gbg.serviceguiden/61e0a348cfc4d247ccaa3003_636505cf118251387c369064_medium_2x.jpg",
                        "large": "https://s3.eu-north-1.amazonaws.com/gbg.serviceguiden/61e0a348cfc4d247ccaa3003_636505cf118251387c369064_large.jpg",
                        "large2x": "https://s3.eu-north-1.amazonaws.com/gbg.serviceguiden/61e0a348cfc4d247ccaa3003_636505cf118251387c369064_large_2x.jpg",
                        "altText": "Bilden föreställer en grå byggnad med gula fönsterkarmar. Framför byggnaden finns en gård med asfalt som är målat i blått. På gården finns två stenar och en stå-gunga. ",
                        "description": "Foto: Davide Panzino"
                    }
                ],
                "todaysOpeningHours": {
                    "date": "2026-09-17",
                    "entries": []
                }
            }
        },
        {
            "type": "Feature",
            "geometry": {
                "type": "Point",
                "coordinates": [
                    11.760951444614909,
                    57.71871470488608
                ]
            },
            "properties": {
                "id": "61e0a34ccfc4d247ccaa3335",
                "name": "Rödluvans förskola",
                "businessId": 359,
                "visitingAddress": "Torslanda Idrottsväg 21",
                "description": "<p>Det här är en fristående förskola. Kontakta förskolan om du vill veta mer om deras verksamhet.</p>",
                "todaysOpeningHours": {
                    "date": "2026-09-17",
                    "entries": []
                }
            }
        },
        {
            "type": "Feature",
            "geometry": {
                "type": "Point",
                "coordinates": [
                    11.927670358593486,
                    57.67910948413905
                ]
            },
            "properties": {
                "id": "61e0a34ccfc4d247ccaa33af",
                "name": "Rörmyren 9 förskola",
                "businessId": 6659,
                "visitingAddress": "Rörmyren 9",
                "images": [
                    {
                        "small": "https://s3.eu-north-1.amazonaws.com/gbg.serviceguiden/61e0a34ccfc4d247ccaa33af_6357ec21118251387c713226_small.jpg",
                        "small2x": "https://s3.eu-north-1.amazonaws.com/gbg.serviceguiden/61e0a34ccfc4d247ccaa33af_6357ec21118251387c713226_small_2x.jpg",
                        "medium": "https://s3.eu-north-1.amazonaws.com/gbg.serviceguiden/61e0a34ccfc4d247ccaa33af_6357ec21118251387c713226_medium.jpg",
                        "medium2x": "https://s3.eu-north-1.amazonaws.com/gbg.serviceguiden/61e0a34ccfc4d247ccaa33af_6357ec21118251387c713226_medium_2x.jpg",
                        "large": "https://s3.eu-north-1.amazonaws.com/gbg.serviceguiden/61e0a34ccfc4d247ccaa33af_6357ec21118251387c713226_large.jpg",
                        "large2x": "https://s3.eu-north-1.amazonaws.com/gbg.serviceguiden/61e0a34ccfc4d247ccaa33af_6357ec21118251387c713226_large_2x.jpg",
                        "altText": "Bilden föreställer en grön byggnad med en rosa dörr. ",
                        "description": "Foto: Davide Panzino"
                    }
                ],
                "todaysOpeningHours": {
                    "date": "2026-09-17",
                    "entries": []
                }
            }
        },
        {
            "type": "Feature",
            "geometry": {
                "type": "Point",
                "coordinates": [
                    12.004733244147621,
                    57.71338449011573
                ]
            },
            "properties": {
                "id": "61e0a382cfc4d247ccaa62c7",
                "name": "S:t Pauli förskola",
                "businessId": 3008,
                "visitingAddress": "Sankt Pauligatan 5",
                "description": "<p>Det här är en fristående förskola. Kontakta förskolan om du vill veta mer om deras verksamhet.</p>",
                "todaysOpeningHours": {
                    "date": "2026-09-17",
                    "entries": []
                }
            }
        },
        {
            "type": "Feature",
            "geometry": {
                "type": "Point",
                "coordinates": [
                    12.030549099771163,
                    57.807003161255494
                ]
            },
            "properties": {
                "id": "61e0a34dcfc4d247ccaa341b",
                "name": "Saffransgatan 80 förskola",
                "businessId": 533,
                "visitingAddress": "Saffransgatan 80",
                "images": [
                    {
                        "small": "https://s3.eu-north-1.amazonaws.com/gbg.serviceguiden/61e0a34dcfc4d247ccaa341b_637256023b1f9e7372f23637_small.jpg",
                        "small2x": "https://s3.eu-north-1.amazonaws.com/gbg.serviceguiden/61e0a34dcfc4d247ccaa341b_637256023b1f9e7372f23637_small_2x.jpg",
                        "medium": "https://s3.eu-north-1.amazonaws.com/gbg.serviceguiden/61e0a34dcfc4d247ccaa341b_637256023b1f9e7372f23637_medium.jpg",
                        "medium2x": "https://s3.eu-north-1.amazonaws.com/gbg.serviceguiden/61e0a34dcfc4d247ccaa341b_637256023b1f9e7372f23637_medium_2x.jpg",
                        "large": "https://s3.eu-north-1.amazonaws.com/gbg.serviceguiden/61e0a34dcfc4d247ccaa341b_637256023b1f9e7372f23637_large.jpg",
                        "large2x": "https://s3.eu-north-1.amazonaws.com/gbg.serviceguiden/61e0a34dcfc4d247ccaa341b_637256023b1f9e7372f23637_large_2x.jpg",
                        "altText": "Bilden föreställer en röd byggnad och en sandlåda med gunghästar. ",
                        "description": "Foto: Davide Panzino"
                    }
                ],
                "todaysOpeningHours": {
                    "date": "2026-09-17",
                    "entries": []
                }
            }
        },
        {
            "type": "Feature",
            "geometry": {
                "type": "Point",
                "coordinates": [
                    12.029256366414526,
                    57.806542953249846
                ]
            },
            "properties": {
                "id": "61e0a34dcfc4d247ccaa3440",
                "name": "Saffransgatan 82 förskola",
                "businessId": 6475,
                "visitingAddress": "Saffransgatan 82",
                "todaysOpeningHours": {
                    "date": "2026-09-17",
                    "entries": []
                }
            }
        },
        {
            "type": "Feature",
            "geometry": {
                "type": "Point",
                "coordinates": [
                    12.050482623523358,
                    57.791540168112384
                ]
            },
            "properties": {
                "id": "61e0a34dcfc4d247ccaa3460",
                "name": "Salsavägen 47 förskola (dag-, kväll- och helgomsorg)",
                "businessId": 5044,
                "visitingAddress": "Salsavägen 47",
                "images": [
                    {
                        "small": "https://s3.eu-north-1.amazonaws.com/gbg.serviceguiden/61e0a34dcfc4d247ccaa3460_637256bf3b1f9e7372f24686_small.jpg",
                        "small2x": "https://s3.eu-north-1.amazonaws.com/gbg.serviceguiden/61e0a34dcfc4d247ccaa3460_637256bf3b1f9e7372f24686_small_2x.jpg",
                        "medium": "https://s3.eu-north-1.amazonaws.com/gbg.serviceguiden/61e0a34dcfc4d247ccaa3460_637256bf3b1f9e7372f24686_medium.jpg",
                        "medium2x": "https://s3.eu-north-1.amazonaws.com/gbg.serviceguiden/61e0a34dcfc4d247ccaa3460_637256bf3b1f9e7372f24686_medium_2x.jpg",
                        "large": "https://s3.eu-north-1.amazonaws.com/gbg.serviceguiden/61e0a34dcfc4d247ccaa3460_637256bf3b1f9e7372f24686_large.jpg",
                        "large2x": "https://s3.eu-north-1.amazonaws.com/gbg.serviceguiden/61e0a34dcfc4d247ccaa3460_637256bf3b1f9e7372f24686_large_2x.jpg",
                        "altText": "Bilden föreställer en vit byggnad, ett staket och ett förråd. ",
                        "description": "Foto: Davide Panzino"
                    }
                ],
                "todaysOpeningHours": {
                    "date": "2026-09-17",
                    "entries": []
                }
            }
        },
        {
            "type": "Feature",
            "geometry": {
                "type": "Point",
                "coordinates": [
                    11.802910574446644,
                    57.60507131581224
                ]
            },
            "properties": {
                "id": "61e0a34dcfc4d247ccaa34a9",
                "name": "Saltkråkan, förskola",
                "businessId": 2673,
                "visitingAddress": "Nordövägen 30",
                "description": "<p>Det här är en fristående förskola. Kontakta förskolan om du vill veta mer om deras verksamhet.</p>",
                "todaysOpeningHours": {
                    "date": "2026-09-17",
                    "entries": []
                }
            }
        },
        {
            "type": "Feature",
            "geometry": {
                "type": "Point",
                "coordinates": [
                    12.033151383188333,
                    57.80112722500047
                ]
            },
            "properties": {
                "id": "61e0a34dcfc4d247ccaa34cd",
                "name": "Salviagatan 2 förskola",
                "businessId": 515,
                "visitingAddress": "Salviagatan 2",
                "images": [
                    {
                        "small": "https://s3.eu-north-1.amazonaws.com/gbg.serviceguiden/61e0a34dcfc4d247ccaa34cd_637257093b1f9e7372f24db3_small.jpg",
                        "small2x": "https://s3.eu-north-1.amazonaws.com/gbg.serviceguiden/61e0a34dcfc4d247ccaa34cd_637257093b1f9e7372f24db3_small_2x.jpg",
                        "medium": "https://s3.eu-north-1.amazonaws.com/gbg.serviceguiden/61e0a34dcfc4d247ccaa34cd_637257093b1f9e7372f24db3_medium.jpg",
                        "medium2x": "https://s3.eu-north-1.amazonaws.com/gbg.serviceguiden/61e0a34dcfc4d247ccaa34cd_637257093b1f9e7372f24db3_medium_2x.jpg",
                        "large": "https://s3.eu-north-1.amazonaws.com/gbg.serviceguiden/61e0a34dcfc4d247ccaa34cd_637257093b1f9e7372f24db3_large.jpg",
                        "large2x": "https://s3.eu-north-1.amazonaws.com/gbg.serviceguiden/61e0a34dcfc4d247ccaa34cd_637257093b1f9e7372f24db3_large_2x.jpg",
                        "altText": "Bilden föreställer en gul byggnad. ",
                        "description": "Foto: Davide Panzino"
                    }
                ],
                "todaysOpeningHours": {
                    "date": "2026-09-17",
                    "entries": []
                }
            }
        },
        {
            "type": "Feature",
            "geometry": {
                "type": "Point",
                "coordinates": [
                    12.029969004187553,
                    57.80013368015444
                ]
            },
            "properties": {
                "id": "61e0a34dcfc4d247ccaa34f7",
                "name": "Salviagatan 56 förskola",
                "businessId": 2244,
                "visitingAddress": "Salviagatan 56",
                "images": [
                    {
                        "small": "https://s3.eu-north-1.amazonaws.com/gbg.serviceguiden/61e0a34dcfc4d247ccaa34f7_6a4ca969d821e8478203a3bb_small.jpg",
                        "small2x": "https://s3.eu-north-1.amazonaws.com/gbg.serviceguiden/61e0a34dcfc4d247ccaa34f7_6a4ca969d821e8478203a3bb_small_2x.jpg",
                        "medium": "https://s3.eu-north-1.amazonaws.com/gbg.serviceguiden/61e0a34dcfc4d247ccaa34f7_6a4ca969d821e8478203a3bb_medium.jpg",
                        "medium2x": "https://s3.eu-north-1.amazonaws.com/gbg.serviceguiden/61e0a34dcfc4d247ccaa34f7_6a4ca969d821e8478203a3bb_medium_2x.jpg",
                        "large": "https://s3.eu-north-1.amazonaws.com/gbg.serviceguiden/61e0a34dcfc4d247ccaa34f7_6a4ca969d821e8478203a3bb_large.jpg",
                        "large2x": "https://s3.eu-north-1.amazonaws.com/gbg.serviceguiden/61e0a34dcfc4d247ccaa34f7_6a4ca969d821e8478203a3bb_large_2x.jpg",
                        "altText": "Förskolan och gården med gungor i förgrunden.",
                        "description": "Salviagatan 56. Foto: Förskoleförvaltningen"
                    }
                ],
                "todaysOpeningHours": {
                    "date": "2026-09-17",
                    "entries": []
                }
            }
        },
        {
            "type": "Feature",
            "geometry": {
                "type": "Point",
                "coordinates": [
                    12.03462378562862,
                    57.77823266971021
                ]
            },
            "properties": {
                "id": "61e0a350cfc4d247ccaa3696",
                "name": "Sandeslättsgatan 3 förskola",
                "businessId": 1328,
                "visitingAddress": "Sandeslättsgatan 3",
                "images": [
                    {
                        "small": "https://s3.eu-north-1.amazonaws.com/gbg.serviceguiden/61e0a350cfc4d247ccaa3696_6a4caab6a6447f1ed7ccc42e_small.jpg",
                        "small2x": "https://s3.eu-north-1.amazonaws.com/gbg.serviceguiden/61e0a350cfc4d247ccaa3696_6a4caab6a6447f1ed7ccc42e_small_2x.jpg",
                        "medium": "https://s3.eu-north-1.amazonaws.com/gbg.serviceguiden/61e0a350cfc4d247ccaa3696_6a4caab6a6447f1ed7ccc42e_medium.jpg",
                        "medium2x": "https://s3.eu-north-1.amazonaws.com/gbg.serviceguiden/61e0a350cfc4d247ccaa3696_6a4caab6a6447f1ed7ccc42e_medium_2x.jpg",
                        "large": "https://s3.eu-north-1.amazonaws.com/gbg.serviceguiden/61e0a350cfc4d247ccaa3696_6a4caab6a6447f1ed7ccc42e_large.jpg",
                        "large2x": "https://s3.eu-north-1.amazonaws.com/gbg.serviceguiden/61e0a350cfc4d247ccaa3696_6a4caab6a6447f1ed7ccc42e_large_2x.jpg",
                        "altText": "Förskolans röda byggnad i två plan.",
                        "description": "Foto: Förskoleförvaltningen"
                    }
                ],
                "todaysOpeningHours": {
                    "date": "2026-09-17",
                    "entries": []
                }
            }
        },
        {
            "type": "Feature",
            "geometry": {
                "type": "Point",
                "coordinates": [
                    12.162707629492434,
                    57.80236776725284
                ]
            },
            "properties": {
                "id": "61e0a351cfc4d247ccaa37d1",
                "name": "Saras Väg 5 förskola",
                "businessId": 3076,
                "visitingAddress": "Saras Väg 5",
                "description": "<p><span>Förskolan kommer att stängas hösten 2026 och verksamheten flyttar då till <a href=\"https://goteborg.se/wps/portal?uri=gbglnk%3agbg.page.ae9bdaaa-8b90-4ea0-80e1-6651457a90fd&amp;id=3075\" target=\"_self\">Lerumsvägen 31 förskola</a></span><span>. </span>Det går inte att söka plats på Saras Väg 5 förskola.</p>",
                "images": [
                    {
                        "small": "https://s3.eu-north-1.amazonaws.com/gbg.serviceguiden/61e0a351cfc4d247ccaa37d1_637257ce3b1f9e7372f25c4a_small.jpg",
                        "small2x": "https://s3.eu-north-1.amazonaws.com/gbg.serviceguiden/61e0a351cfc4d247ccaa37d1_637257ce3b1f9e7372f25c4a_small_2x.jpg",
                        "medium": "https://s3.eu-north-1.amazonaws.com/gbg.serviceguiden/61e0a351cfc4d247ccaa37d1_637257ce3b1f9e7372f25c4a_medium.jpg",
                        "medium2x": "https://s3.eu-north-1.amazonaws.com/gbg.serviceguiden/61e0a351cfc4d247ccaa37d1_637257ce3b1f9e7372f25c4a_medium_2x.jpg",
                        "large": "https://s3.eu-north-1.amazonaws.com/gbg.serviceguiden/61e0a351cfc4d247ccaa37d1_637257ce3b1f9e7372f25c4a_large.jpg",
                        "large2x": "https://s3.eu-north-1.amazonaws.com/gbg.serviceguiden/61e0a351cfc4d247ccaa37d1_637257ce3b1f9e7372f25c4a_large_2x.jpg",
                        "altText": "Bilden föreställer en gul byggnad. Utanför byggnaden finns utomhusbänkar, en sandlåda och asfalt som är målad på. ",
                        "description": "Foto: Davide Panzino"
                    }
                ],
                "todaysOpeningHours": {
                    "date": "2026-09-17",
                    "entries": []
                }
            }
        },
        {
            "type": "Feature",
            "geometry": {
                "type": "Point",
                "coordinates": [
                    12.074305714558895,
                    57.756419529366504
                ]
            },
            "properties": {
                "id": "61e0a351cfc4d247ccaa380f",
                "name": "Saturnusgatan 20 förskola",
                "businessId": 5093,
                "visitingAddress": "Saturnusgatan 20",
                "images": [
                    {
                        "small": "https://s3.eu-north-1.amazonaws.com/gbg.serviceguiden/61e0a351cfc4d247ccaa380f_6a588ea9a6447f1ed73528c4_small.jpg",
                        "small2x": "https://s3.eu-north-1.amazonaws.com/gbg.serviceguiden/61e0a351cfc4d247ccaa380f_6a588ea9a6447f1ed73528c4_small_2x.jpg",
                        "medium": "https://s3.eu-north-1.amazonaws.com/gbg.serviceguiden/61e0a351cfc4d247ccaa380f_6a588ea9a6447f1ed73528c4_medium.jpg",
                        "medium2x": "https://s3.eu-north-1.amazonaws.com/gbg.serviceguiden/61e0a351cfc4d247ccaa380f_6a588ea9a6447f1ed73528c4_medium_2x.jpg",
                        "large": "https://s3.eu-north-1.amazonaws.com/gbg.serviceguiden/61e0a351cfc4d247ccaa380f_6a588ea9a6447f1ed73528c4_large.jpg",
                        "large2x": "https://s3.eu-north-1.amazonaws.com/gbg.serviceguiden/61e0a351cfc4d247ccaa380f_6a588ea9a6447f1ed73528c4_large_2x.jpg",
                        "altText": "Bilden föreställer en vit byggnad med en röd dörr. Utanför byggnaden finns en uteplats.",
                        "description": "Foto: Davide Panzino"
                    }
                ],
                "todaysOpeningHours": {
                    "date": "2026-09-17",
                    "entries": []
                }
            }
        },
        {
            "type": "Feature",
            "geometry": {
                "type": "Point",
                "coordinates": [
                    11.919529286527823,
                    57.69140758885889
                ]
            },
            "properties": {
                "id": "61e0a352cfc4d247ccaa38d8",
                "name": "Seglaregatan 5 och 17 förskola",
                "businessId": 5043,
                "visitingAddress": "Seglaregatan 17",
                "images": [
                    {
                        "small": "https://s3.eu-north-1.amazonaws.com/gbg.serviceguiden/61e0a352cfc4d247ccaa38d8_6357ed57118251387c714664_small.jpg",
                        "small2x": "https://s3.eu-north-1.amazonaws.com/gbg.serviceguiden/61e0a352cfc4d247ccaa38d8_6357ed57118251387c714664_small_2x.jpg",
                        "medium": "https://s3.eu-north-1.amazonaws.com/gbg.serviceguiden/61e0a352cfc4d247ccaa38d8_6357ed57118251387c714664_medium.jpg",
                        "medium2x": "https://s3.eu-north-1.amazonaws.com/gbg.serviceguiden/61e0a352cfc4d247ccaa38d8_6357ed57118251387c714664_medium_2x.jpg",
                        "large": "https://s3.eu-north-1.amazonaws.com/gbg.serviceguiden/61e0a352cfc4d247ccaa38d8_6357ed57118251387c714664_large.jpg",
                        "large2x": "https://s3.eu-north-1.amazonaws.com/gbg.serviceguiden/61e0a352cfc4d247ccaa38d8_6357ed57118251387c714664_large_2x.jpg",
                        "altText": "Bilden föreställer en tegelbyggnad med vita fönsterkarmar. Framför byggnaden finns en lekplats med gungor, gunghästar, klätterställning med ruschkana. Runt lekplatsen slingrar sig ett trädeck med gröna träd. ",
                        "description": "Foto: Davide Panzino . Förskolan har byggnader på två adresser. På bilden visas Seglaregatan 17."
                    }
                ],
                "todaysOpeningHours": {
                    "date": "2026-09-17",
                    "entries": []
                }
            }
        },
        {
            "type": "Feature",
            "geometry": {
                "type": "Point",
                "coordinates": [
                    11.958685007990427,
                    57.69028221057869
                ]
            },
            "properties": {
                "id": "61e0a353cfc4d247ccaa3a2e",
                "name": "Seminariegatan 5 och 7 förskola",
                "businessId": 2611,
                "visitingAddress": "Seminariegatan 7",
                "images": [
                    {
                        "small": "https://s3.eu-north-1.amazonaws.com/gbg.serviceguiden/61e0a353cfc4d247ccaa3a2e_6357eef9118251387c716e7d_small.jpg",
                        "small2x": "https://s3.eu-north-1.amazonaws.com/gbg.serviceguiden/61e0a353cfc4d247ccaa3a2e_6357eef9118251387c716e7d_small_2x.jpg",
                        "medium": "https://s3.eu-north-1.amazonaws.com/gbg.serviceguiden/61e0a353cfc4d247ccaa3a2e_6357eef9118251387c716e7d_medium.jpg",
                        "medium2x": "https://s3.eu-north-1.amazonaws.com/gbg.serviceguiden/61e0a353cfc4d247ccaa3a2e_6357eef9118251387c716e7d_medium_2x.jpg",
                        "large": "https://s3.eu-north-1.amazonaws.com/gbg.serviceguiden/61e0a353cfc4d247ccaa3a2e_6357eef9118251387c716e7d_large.jpg",
                        "large2x": "https://s3.eu-north-1.amazonaws.com/gbg.serviceguiden/61e0a353cfc4d247ccaa3a2e_6357eef9118251387c716e7d_large_2x.jpg",
                        "altText": "Bilden föreställer en ljus byggnad. På en höjd bredvid byggnaden finns en mindre stuga och en lekplats med en sandlåda, leksaksstuga, bord och en träställning. ",
                        "description": "Förskolan har byggnader på två adresser. På bilden visas Seminariegatan 7. Foto: Davide Panzino "
                    }
                ],
                "todaysOpeningHours": {
                    "date": "2026-09-17",
                    "entries": []
                }
            }
        },
        {
            "type": "Feature",
            "geometry": {
                "type": "Point",
                "coordinates": [
                    11.931575337017803,
                    57.58931462695357
                ]
            },
            "properties": {
                "id": "61e0a354cfc4d247ccaa3a75",
                "name": "Senapskornet",
                "businessId": 2553,
                "visitingAddress": "Kofferdalsvägen 6B",
                "description": "<p>Det här är en fristående förskola. Kontakta förskolan om du vill veta mer om deras verksamhet.</p>",
                "todaysOpeningHours": {
                    "date": "2026-09-17",
                    "entries": []
                }
            }
        },
        {
            "type": "Feature",
            "geometry": {
                "type": "Point",
                "coordinates": [
                    12.050394809607699,
                    57.75694823374816
                ]
            },
            "properties": {
                "id": "61e0a356cfc4d247ccaa3c86",
                "name": "Siriusgatan 4–10 förskola",
                "businessId": 4818,
                "visitingAddress": "Siriusgatan 4",
                "todaysOpeningHours": {
                    "date": "2026-09-17",
                    "entries": []
                }
            }
        },
        {
            "type": "Feature",
            "geometry": {
                "type": "Point",
                "coordinates": [
                    11.955608106711779,
                    57.63660962365692
                ]
            },
            "properties": {
                "id": "61e0a356cfc4d247ccaa3cda",
                "name": "Sisjöbäckens Väg 2 förskola",
                "businessId": 6524,
                "visitingAddress": "Sisjöbäckens Väg 2",
                "images": [
                    {
                        "small": "https://s3.eu-north-1.amazonaws.com/gbg.serviceguiden/61e0a356cfc4d247ccaa3cda_637632b4593d8e1f1a71a464_small.jpg",
                        "small2x": "https://s3.eu-north-1.amazonaws.com/gbg.serviceguiden/61e0a356cfc4d247ccaa3cda_637632b4593d8e1f1a71a464_small_2x.jpg",
                        "medium": "https://s3.eu-north-1.amazonaws.com/gbg.serviceguiden/61e0a356cfc4d247ccaa3cda_637632b4593d8e1f1a71a464_medium.jpg",
                        "medium2x": "https://s3.eu-north-1.amazonaws.com/gbg.serviceguiden/61e0a356cfc4d247ccaa3cda_637632b4593d8e1f1a71a464_medium_2x.jpg",
                        "large": "https://s3.eu-north-1.amazonaws.com/gbg.serviceguiden/61e0a356cfc4d247ccaa3cda_637632b4593d8e1f1a71a464_large.jpg",
                        "large2x": "https://s3.eu-north-1.amazonaws.com/gbg.serviceguiden/61e0a356cfc4d247ccaa3cda_637632b4593d8e1f1a71a464_large_2x.jpg",
                        "altText": "Bilden föreställer en grå byggnad och en sluttande gräsmatta med en ruschkana och en trappa. ",
                        "description": "Foto: Davide Panzino"
                    }
                ],
                "todaysOpeningHours": {
                    "date": "2026-09-17",
                    "entries": []
                }
            }
        },
        {
            "type": "Feature",
            "geometry": {
                "type": "Point",
                "coordinates": [
                    11.920473072662885,
                    57.67286374487354
                ]
            },
            "properties": {
                "id": "61e0a358cfc4d247ccaa3e23",
                "name": "Sjupundsgatan 26 förskola",
                "businessId": 6500,
                "visitingAddress": "Sjupundsgatan 26",
                "todaysOpeningHours": {
                    "date": "2026-09-17",
                    "entries": []
                }
            }
        },
        {
            "type": "Feature",
            "geometry": {
                "type": "Point",
                "coordinates": [
                    11.920501109603217,
                    57.67126791030187
                ]
            },
            "properties": {
                "id": "61e0a358cfc4d247ccaa3e45",
                "name": "Sjupundsgatan 28 förskola",
                "businessId": 664,
                "visitingAddress": "Sjupundsgatan 28",
                "images": [
                    {
                        "small": "https://s3.eu-north-1.amazonaws.com/gbg.serviceguiden/61e0a358cfc4d247ccaa3e45_637633e1593d8e1f1a71aef6_small.jpg",
                        "small2x": "https://s3.eu-north-1.amazonaws.com/gbg.serviceguiden/61e0a358cfc4d247ccaa3e45_637633e1593d8e1f1a71aef6_small_2x.jpg",
                        "medium": "https://s3.eu-north-1.amazonaws.com/gbg.serviceguiden/61e0a358cfc4d247ccaa3e45_637633e1593d8e1f1a71aef6_medium.jpg",
                        "medium2x": "https://s3.eu-north-1.amazonaws.com/gbg.serviceguiden/61e0a358cfc4d247ccaa3e45_637633e1593d8e1f1a71aef6_medium_2x.jpg",
                        "large": "https://s3.eu-north-1.amazonaws.com/gbg.serviceguiden/61e0a358cfc4d247ccaa3e45_637633e1593d8e1f1a71aef6_large.jpg",
                        "large2x": "https://s3.eu-north-1.amazonaws.com/gbg.serviceguiden/61e0a358cfc4d247ccaa3e45_637633e1593d8e1f1a71aef6_large_2x.jpg",
                        "altText": "Bilden föreställer en mörk byggnad med texten \"entré\".",
                        "description": "Sjupundsgatan 28. Foto: Davide Panzino"
                    }
                ],
                "todaysOpeningHours": {
                    "date": "2026-09-17",
                    "entries": []
                }
            }
        },
        {
            "type": "Feature",
            "geometry": {
                "type": "Point",
                "coordinates": [
                    11.91916447899681,
                    57.67480614548674
                ]
            },
            "properties": {
                "id": "62be9a2c31eac24e533c7d94",
                "name": "Sjupundsgatan 33 förskola",
                "businessId": 7141,
                "visitingAddress": "Sjupundsgatan 33",
                "images": [
                    {
                        "small": "https://s3.eu-north-1.amazonaws.com/gbg.serviceguiden/62be9a2c31eac24e533c7d94_6a4dfb32d821e847820fbd0c_small.jpg",
                        "small2x": "https://s3.eu-north-1.amazonaws.com/gbg.serviceguiden/62be9a2c31eac24e533c7d94_6a4dfb32d821e847820fbd0c_small_2x.jpg",
                        "medium": "https://s3.eu-north-1.amazonaws.com/gbg.serviceguiden/62be9a2c31eac24e533c7d94_6a4dfb32d821e847820fbd0c_medium.jpg",
                        "medium2x": "https://s3.eu-north-1.amazonaws.com/gbg.serviceguiden/62be9a2c31eac24e533c7d94_6a4dfb32d821e847820fbd0c_medium_2x.jpg",
                        "large": "https://s3.eu-north-1.amazonaws.com/gbg.serviceguiden/62be9a2c31eac24e533c7d94_6a4dfb32d821e847820fbd0c_large.jpg",
                        "large2x": "https://s3.eu-north-1.amazonaws.com/gbg.serviceguiden/62be9a2c31eac24e533c7d94_6a4dfb32d821e847820fbd0c_large_2x.jpg",
                        "altText": "Förskolegård framför grönt flerfamiljshus.",
                        "description": "Foto: Förskoleförvaltningen"
                    }
                ],
                "todaysOpeningHours": {
                    "date": "2026-09-17",
                    "entries": []
                }
            }
        },
        {
            "type": "Feature",
            "geometry": {
                "type": "Point",
                "coordinates": [
                    11.910079663232825,
                    57.69080408236958
                ]
            },
            "properties": {
                "id": "61e0a358cfc4d247ccaa3e75",
                "name": "Sjöelefanten",
                "businessId": 260,
                "visitingAddress": "Klippan 7",
                "description": "<p>Det här är en fristående förskola. Kontakta förskolan om du vill veta mer om deras verksamhet.</p>",
                "todaysOpeningHours": {
                    "date": "2026-09-17",
                    "entries": []
                }
            }
        },
        {
            "type": "Feature",
            "geometry": {
                "type": "Point",
                "coordinates": [
                    11.726706792969464,
                    57.71396197305684
                ]
            },
            "properties": {
                "id": "61e0a358cfc4d247ccaa3ea5",
                "name": "Sjöhästens förskola",
                "businessId": 364,
                "visitingAddress": "Torslanda Hästeviks Väg 12",
                "description": "<p>Det här är en fristående förskola. Kontakta förskolan om du vill veta mer om deras verksamhet.</p>",
                "todaysOpeningHours": {
                    "date": "2026-09-17",
                    "entries": []
                }
            }
        },
        {
            "type": "Feature",
            "geometry": {
                "type": "Point",
                "coordinates": [
                    11.972461025092285,
                    57.6854767013033
                ]
            },
            "properties": {
                "id": "61e0a359cfc4d247ccaa3eed",
                "name": "Sjöormens framtid",
                "businessId": 2985,
                "visitingAddress": "Guldhedens Kyrkbacke 2",
                "description": "<p>Det här är en fristående förskola. Kontakta förskolan om du vill veta mer om deras verksamhet.</p>",
                "todaysOpeningHours": {
                    "date": "2026-09-17",
                    "entries": []
                }
            }
        },
        {
            "type": "Feature",
            "geometry": {
                "type": "Point",
                "coordinates": [
                    11.891531293208416,
                    57.64737927108691
                ]
            },
            "properties": {
                "id": "61e0a359cfc4d247ccaa3f57",
                "name": "Skattegårdsvägen 100 förskola",
                "businessId": 1547,
                "visitingAddress": "Skattegårdsvägen 100",
                "images": [
                    {
                        "small": "https://s3.eu-north-1.amazonaws.com/gbg.serviceguiden/61e0a359cfc4d247ccaa3f57_6a9696e1d821e847828efc26_small.jpg",
                        "small2x": "https://s3.eu-north-1.amazonaws.com/gbg.serviceguiden/61e0a359cfc4d247ccaa3f57_6a9696e1d821e847828efc26_small_2x.jpg",
                        "medium": "https://s3.eu-north-1.amazonaws.com/gbg.serviceguiden/61e0a359cfc4d247ccaa3f57_6a9696e1d821e847828efc26_medium.jpg",
                        "medium2x": "https://s3.eu-north-1.amazonaws.com/gbg.serviceguiden/61e0a359cfc4d247ccaa3f57_6a9696e1d821e847828efc26_medium_2x.jpg",
                        "large": "https://s3.eu-north-1.amazonaws.com/gbg.serviceguiden/61e0a359cfc4d247ccaa3f57_6a9696e1d821e847828efc26_large.jpg",
                        "large2x": "https://s3.eu-north-1.amazonaws.com/gbg.serviceguiden/61e0a359cfc4d247ccaa3f57_6a9696e1d821e847828efc26_large_2x.jpg",
                        "altText": "En vit träbyggnad i ett plan.",
                        "description": "Foto: Förskoleförvaltningen"
                    }
                ],
                "todaysOpeningHours": {
                    "date": "2026-09-17",
                    "entries": []
                }
            }
        },
        {
            "type": "Feature",
            "geometry": {
                "type": "Point",
                "coordinates": [
                    11.939703994523772,
                    57.69776330215083
                ]
            },
            "properties": {
                "id": "61e0a359cfc4d247ccaa3fc5",
                "name": "Skepparegången 1 förskola",
                "businessId": 6860,
                "visitingAddress": "Skepparegången 1",
                "images": [
                    {
                        "small": "https://s3.eu-north-1.amazonaws.com/gbg.serviceguiden/61e0a359cfc4d247ccaa3fc5_63590472118251387c7fadd9_small.jpg",
                        "small2x": "https://s3.eu-north-1.amazonaws.com/gbg.serviceguiden/61e0a359cfc4d247ccaa3fc5_63590472118251387c7fadd9_small_2x.jpg",
                        "medium": "https://s3.eu-north-1.amazonaws.com/gbg.serviceguiden/61e0a359cfc4d247ccaa3fc5_63590472118251387c7fadd9_medium.jpg",
                        "medium2x": "https://s3.eu-north-1.amazonaws.com/gbg.serviceguiden/61e0a359cfc4d247ccaa3fc5_63590472118251387c7fadd9_medium_2x.jpg",
                        "large": "https://s3.eu-north-1.amazonaws.com/gbg.serviceguiden/61e0a359cfc4d247ccaa3fc5_63590472118251387c7fadd9_large.jpg",
                        "large2x": "https://s3.eu-north-1.amazonaws.com/gbg.serviceguiden/61e0a359cfc4d247ccaa3fc5_63590472118251387c7fadd9_large_2x.jpg",
                        "altText": "Bilden föreställer en brun byggnad. Framför byggnaden finns en lekplats med en klätterställning, ett rött förråd, utomhusbänkar och en ruschkana. ",
                        "description": "Foto: Peter Nilsson"
                    }
                ],
                "todaysOpeningHours": {
                    "date": "2026-09-17",
                    "entries": []
                }
            }
        },
        {
            "type": "Feature",
            "geometry": {
                "type": "Point",
                "coordinates": [
                    11.919614882158424,
                    57.63561456790631
                ]
            },
            "properties": {
                "id": "61e0a35acfc4d247ccaa3ff5",
                "name": "Skeppsskorporna",
                "businessId": 2550,
                "visitingAddress": "Gjutegården 7A",
                "description": "<p>Det här är en fristående förskola. Kontakta förskolan om du vill veta mer om deras verksamhet.</p>",
                "todaysOpeningHours": {
                    "date": "2026-09-17",
                    "entries": []
                }
            }
        },
        {
            "type": "Feature",
            "geometry": {
                "type": "Point",
                "coordinates": [
                    12.014821461249394,
                    57.70564525719373
                ]
            },
            "properties": {
                "id": "61e0a35acfc4d247ccaa402d",
                "name": "Skillnadsgatan 36 förskola",
                "businessId": 1695,
                "visitingAddress": "Skillnadsgatan 36",
                "images": [
                    {
                        "small": "https://s3.eu-north-1.amazonaws.com/gbg.serviceguiden/61e0a35acfc4d247ccaa402d_6a4e1435d821e8478210b1a2_small.jpg",
                        "small2x": "https://s3.eu-north-1.amazonaws.com/gbg.serviceguiden/61e0a35acfc4d247ccaa402d_6a4e1435d821e8478210b1a2_small_2x.jpg",
                        "medium": "https://s3.eu-north-1.amazonaws.com/gbg.serviceguiden/61e0a35acfc4d247ccaa402d_6a4e1435d821e8478210b1a2_medium.jpg",
                        "medium2x": "https://s3.eu-north-1.amazonaws.com/gbg.serviceguiden/61e0a35acfc4d247ccaa402d_6a4e1435d821e8478210b1a2_medium_2x.jpg",
                        "large": "https://s3.eu-north-1.amazonaws.com/gbg.serviceguiden/61e0a35acfc4d247ccaa402d_6a4e1435d821e8478210b1a2_large.jpg",
                        "large2x": "https://s3.eu-north-1.amazonaws.com/gbg.serviceguiden/61e0a35acfc4d247ccaa402d_6a4e1435d821e8478210b1a2_large_2x.jpg",
                        "altText": "Förskolans byggnad i gult träd. ",
                        "description": "Foto: Förskoleförvaltningen"
                    }
                ],
                "todaysOpeningHours": {
                    "date": "2026-09-17",
                    "entries": []
                }
            }
        },
        {
            "type": "Feature",
            "geometry": {
                "type": "Point",
                "coordinates": [
                    12.014310699579744,
                    57.70506499743536
                ]
            },
            "properties": {
                "id": "61e0a35acfc4d247ccaa4053",
                "name": "Skillnadsgatan 41 förskola",
                "businessId": 5085,
                "visitingAddress": "Skillnadsgatan 41",
                "images": [
                    {
                        "small": "https://s3.eu-north-1.amazonaws.com/gbg.serviceguiden/61e0a35acfc4d247ccaa4053_6a4e1694d821e8478210c555_small.jpg",
                        "small2x": "https://s3.eu-north-1.amazonaws.com/gbg.serviceguiden/61e0a35acfc4d247ccaa4053_6a4e1694d821e8478210c555_small_2x.jpg",
                        "medium": "https://s3.eu-north-1.amazonaws.com/gbg.serviceguiden/61e0a35acfc4d247ccaa4053_6a4e1694d821e8478210c555_medium.jpg",
                        "medium2x": "https://s3.eu-north-1.amazonaws.com/gbg.serviceguiden/61e0a35acfc4d247ccaa4053_6a4e1694d821e8478210c555_medium_2x.jpg",
                        "large": "https://s3.eu-north-1.amazonaws.com/gbg.serviceguiden/61e0a35acfc4d247ccaa4053_6a4e1694d821e8478210c555_large.jpg",
                        "large2x": "https://s3.eu-north-1.amazonaws.com/gbg.serviceguiden/61e0a35acfc4d247ccaa4053_6a4e1694d821e8478210c555_large_2x.jpg",
                        "altText": "Förskolan i brunt tegel och förskolans gård med sandlådor, pergola och klätterställningar.",
                        "description": "Foto: Förskoleförvaltningen"
                    }
                ],
                "todaysOpeningHours": {
                    "date": "2026-09-17",
                    "entries": []
                }
            }
        },
        {
            "type": "Feature",
            "geometry": {
                "type": "Point",
                "coordinates": [
                    11.999473196196613,
                    57.70612394653732
                ]
            },
            "properties": {
                "id": "61e0a35bcfc4d247ccaa4199",
                "name": "Skogshyddegatan 23 förskola",
                "businessId": 1696,
                "visitingAddress": "Skogshyddegatan 23",
                "images": [
                    {
                        "small": "https://s3.eu-north-1.amazonaws.com/gbg.serviceguiden/61e0a35bcfc4d247ccaa4199_635904db118251387c7fb492_small.jpg",
                        "small2x": "https://s3.eu-north-1.amazonaws.com/gbg.serviceguiden/61e0a35bcfc4d247ccaa4199_635904db118251387c7fb492_small_2x.jpg",
                        "medium": "https://s3.eu-north-1.amazonaws.com/gbg.serviceguiden/61e0a35bcfc4d247ccaa4199_635904db118251387c7fb492_medium.jpg",
                        "medium2x": "https://s3.eu-north-1.amazonaws.com/gbg.serviceguiden/61e0a35bcfc4d247ccaa4199_635904db118251387c7fb492_medium_2x.jpg",
                        "large": "https://s3.eu-north-1.amazonaws.com/gbg.serviceguiden/61e0a35bcfc4d247ccaa4199_635904db118251387c7fb492_large.jpg",
                        "large2x": "https://s3.eu-north-1.amazonaws.com/gbg.serviceguiden/61e0a35bcfc4d247ccaa4199_635904db118251387c7fb492_large_2x.jpg",
                        "altText": "Bilden föreställer en gul byggnad med två röda dörrar. Framför huset finns buskar och en gångväg. ",
                        "description": "Foto: Davide Panzino"
                    }
                ],
                "todaysOpeningHours": {
                    "date": "2026-09-17",
                    "entries": []
                }
            }
        },
        {
            "type": "Feature",
            "geometry": {
                "type": "Point",
                "coordinates": [
                    11.969551631260677,
                    57.75337385381573
                ]
            },
            "properties": {
                "id": "61e0a35ccfc4d247ccaa41d5",
                "name": "Skogsängsvägen 14 förskola",
                "businessId": 94,
                "visitingAddress": "Skogsängsvägen 14",
                "images": [
                    {
                        "small": "https://s3.eu-north-1.amazonaws.com/gbg.serviceguiden/61e0a35ccfc4d247ccaa41d5_63650624118251387c3698e7_small.jpg",
                        "small2x": "https://s3.eu-north-1.amazonaws.com/gbg.serviceguiden/61e0a35ccfc4d247ccaa41d5_63650624118251387c3698e7_small_2x.jpg",
                        "medium": "https://s3.eu-north-1.amazonaws.com/gbg.serviceguiden/61e0a35ccfc4d247ccaa41d5_63650624118251387c3698e7_medium.jpg",
                        "medium2x": "https://s3.eu-north-1.amazonaws.com/gbg.serviceguiden/61e0a35ccfc4d247ccaa41d5_63650624118251387c3698e7_medium_2x.jpg",
                        "large": "https://s3.eu-north-1.amazonaws.com/gbg.serviceguiden/61e0a35ccfc4d247ccaa41d5_63650624118251387c3698e7_large.jpg",
                        "large2x": "https://s3.eu-north-1.amazonaws.com/gbg.serviceguiden/61e0a35ccfc4d247ccaa41d5_63650624118251387c3698e7_large_2x.jpg",
                        "altText": "Bilden föreställer en gul byggnad. Framför byggnaden finns en gård med en sandlåda, träd och en gräsmatta.",
                        "description": "Foto: Davide Panzino"
                    }
                ],
                "todaysOpeningHours": {
                    "date": "2026-09-17",
                    "entries": []
                }
            }
        },
        {
            "type": "Feature",
            "geometry": {
                "type": "Point",
                "coordinates": [
                    12.013214216444126,
                    57.76952187685223
                ]
            },
            "properties": {
                "id": "61e0a35dcfc4d247ccaa428a",
                "name": "Skolspåret 2 förskola",
                "businessId": 4862,
                "visitingAddress": "Skolspåret 2",
                "images": [
                    {
                        "small": "https://s3.eu-north-1.amazonaws.com/gbg.serviceguiden/61e0a35dcfc4d247ccaa428a_6372594f3b1f9e7372f27d89_small.jpg",
                        "small2x": "https://s3.eu-north-1.amazonaws.com/gbg.serviceguiden/61e0a35dcfc4d247ccaa428a_6372594f3b1f9e7372f27d89_small_2x.jpg",
                        "medium": "https://s3.eu-north-1.amazonaws.com/gbg.serviceguiden/61e0a35dcfc4d247ccaa428a_6372594f3b1f9e7372f27d89_medium.jpg",
                        "medium2x": "https://s3.eu-north-1.amazonaws.com/gbg.serviceguiden/61e0a35dcfc4d247ccaa428a_6372594f3b1f9e7372f27d89_medium_2x.jpg",
                        "large": "https://s3.eu-north-1.amazonaws.com/gbg.serviceguiden/61e0a35dcfc4d247ccaa428a_6372594f3b1f9e7372f27d89_large.jpg",
                        "large2x": "https://s3.eu-north-1.amazonaws.com/gbg.serviceguiden/61e0a35dcfc4d247ccaa428a_6372594f3b1f9e7372f27d89_large_2x.jpg",
                        "altText": "Bilden föreställer en gul och röd byggnad. Bakom byggnaden finns träd och framför byggnaden finns en leksaksbåt. ",
                        "description": "Foto: Davide Panzino"
                    }
                ],
                "todaysOpeningHours": {
                    "date": "2026-09-17",
                    "entries": []
                }
            }
        },
        {
            "type": "Feature",
            "geometry": {
                "type": "Point",
                "coordinates": [
                    11.762652983969518,
                    57.707223336706235
                ]
            },
            "properties": {
                "id": "61e0a35dcfc4d247ccaa4326",
                "name": "Skutehagsvägen 102 förskola",
                "businessId": 1473,
                "visitingAddress": "Skutehagsvägen 102",
                "images": [
                    {
                        "small": "https://s3.eu-north-1.amazonaws.com/gbg.serviceguiden/61e0a35dcfc4d247ccaa4326_63650697118251387c36a6ca_small.jpg",
                        "small2x": "https://s3.eu-north-1.amazonaws.com/gbg.serviceguiden/61e0a35dcfc4d247ccaa4326_63650697118251387c36a6ca_small_2x.jpg",
                        "medium": "https://s3.eu-north-1.amazonaws.com/gbg.serviceguiden/61e0a35dcfc4d247ccaa4326_63650697118251387c36a6ca_medium.jpg",
                        "medium2x": "https://s3.eu-north-1.amazonaws.com/gbg.serviceguiden/61e0a35dcfc4d247ccaa4326_63650697118251387c36a6ca_medium_2x.jpg",
                        "large": "https://s3.eu-north-1.amazonaws.com/gbg.serviceguiden/61e0a35dcfc4d247ccaa4326_63650697118251387c36a6ca_large.jpg",
                        "large2x": "https://s3.eu-north-1.amazonaws.com/gbg.serviceguiden/61e0a35dcfc4d247ccaa4326_63650697118251387c36a6ca_large_2x.jpg",
                        "altText": "Bilden föreställer en tegelbyggnad. framför byggnaden finns en sandlåda med en lekstuga. ",
                        "description": "Foto: Davide Panzino "
                    }
                ],
                "todaysOpeningHours": {
                    "date": "2026-09-17",
                    "entries": []
                }
            }
        },
        {
            "type": "Feature",
            "geometry": {
                "type": "Point",
                "coordinates": [
                    11.986045437741941,
                    57.70141575524196
                ]
            },
            "properties": {
                "id": "61e0a35ecfc4d247ccaa4416",
                "name": "Skånegatan 18 förskola",
                "businessId": 238,
                "visitingAddress": "Skånegatan 18",
                "images": [
                    {
                        "small": "https://s3.eu-north-1.amazonaws.com/gbg.serviceguiden/61e0a35ecfc4d247ccaa4416_63590540118251387c7fbb0b_small.jpg",
                        "small2x": "https://s3.eu-north-1.amazonaws.com/gbg.serviceguiden/61e0a35ecfc4d247ccaa4416_63590540118251387c7fbb0b_small_2x.jpg",
                        "medium": "https://s3.eu-north-1.amazonaws.com/gbg.serviceguiden/61e0a35ecfc4d247ccaa4416_63590540118251387c7fbb0b_medium.jpg",
                        "medium2x": "https://s3.eu-north-1.amazonaws.com/gbg.serviceguiden/61e0a35ecfc4d247ccaa4416_63590540118251387c7fbb0b_medium_2x.jpg",
                        "large": "https://s3.eu-north-1.amazonaws.com/gbg.serviceguiden/61e0a35ecfc4d247ccaa4416_63590540118251387c7fbb0b_large.jpg",
                        "large2x": "https://s3.eu-north-1.amazonaws.com/gbg.serviceguiden/61e0a35ecfc4d247ccaa4416_63590540118251387c7fbb0b_large_2x.jpg",
                        "altText": "Bilden föreställer en tegelbyggnad. En trappa leder upp till en vit dörr. Framför byggnaden finns en utomhusbänk, staket och gröna träd. ",
                        "description": "Foto: Davide Panzino"
                    }
                ],
                "todaysOpeningHours": {
                    "date": "2026-09-17",
                    "entries": []
                }
            }
        },
        {
            "type": "Feature",
            "geometry": {
                "type": "Point",
                "coordinates": [
                    11.930200280376951,
                    57.68464270936702
                ]
            },
            "properties": {
                "id": "61e0a361cfc4d247ccaa46ce",
                "name": "Slottsskogsgatan 90 förskola",
                "businessId": 1348,
                "visitingAddress": "Slottsskogsgatan 90",
                "images": [
                    {
                        "small": "https://s3.eu-north-1.amazonaws.com/gbg.serviceguiden/61e0a361cfc4d247ccaa46ce_635905d5118251387c7fc743_small.jpg",
                        "small2x": "https://s3.eu-north-1.amazonaws.com/gbg.serviceguiden/61e0a361cfc4d247ccaa46ce_635905d5118251387c7fc743_small_2x.jpg",
                        "medium": "https://s3.eu-north-1.amazonaws.com/gbg.serviceguiden/61e0a361cfc4d247ccaa46ce_635905d5118251387c7fc743_medium.jpg",
                        "medium2x": "https://s3.eu-north-1.amazonaws.com/gbg.serviceguiden/61e0a361cfc4d247ccaa46ce_635905d5118251387c7fc743_medium_2x.jpg",
                        "large": "https://s3.eu-north-1.amazonaws.com/gbg.serviceguiden/61e0a361cfc4d247ccaa46ce_635905d5118251387c7fc743_large.jpg",
                        "large2x": "https://s3.eu-north-1.amazonaws.com/gbg.serviceguiden/61e0a361cfc4d247ccaa46ce_635905d5118251387c7fc743_large_2x.jpg",
                        "altText": "Bilden föreställer två gula byggnader, en mindre och en större. Framför huset finns en hinderbana i trä.",
                        "description": "Foto: Davide Panzino "
                    }
                ],
                "todaysOpeningHours": {
                    "date": "2026-09-17",
                    "entries": []
                }
            }
        },
        {
            "type": "Feature",
            "geometry": {
                "type": "Point",
                "coordinates": [
                    11.89992082826328,
                    57.647149154411046
                ]
            },
            "properties": {
                "id": "698464af903b7919a11043f5",
                "name": "Smaragdgatan 16 B förskola",
                "businessId": 7543,
                "visitingAddress": "Smaragdgatan 16",
                "images": [
                    {
                        "small": "https://s3.eu-north-1.amazonaws.com/gbg.serviceguiden/698464af903b7919a11043f5_6a4e01eda6447f1ed7d6b190_small.jpg",
                        "small2x": "https://s3.eu-north-1.amazonaws.com/gbg.serviceguiden/698464af903b7919a11043f5_6a4e01eda6447f1ed7d6b190_small_2x.jpg",
                        "medium": "https://s3.eu-north-1.amazonaws.com/gbg.serviceguiden/698464af903b7919a11043f5_6a4e01eda6447f1ed7d6b190_medium.jpg",
                        "medium2x": "https://s3.eu-north-1.amazonaws.com/gbg.serviceguiden/698464af903b7919a11043f5_6a4e01eda6447f1ed7d6b190_medium_2x.jpg",
                        "large": "https://s3.eu-north-1.amazonaws.com/gbg.serviceguiden/698464af903b7919a11043f5_6a4e01eda6447f1ed7d6b190_large.jpg",
                        "large2x": "https://s3.eu-north-1.amazonaws.com/gbg.serviceguiden/698464af903b7919a11043f5_6a4e01eda6447f1ed7d6b190_large_2x.jpg",
                        "altText": "Röd byggnad i två våningar.",
                        "description": "Foto: Förskoleförvaltningen"
                    }
                ],
                "todaysOpeningHours": {
                    "date": "2026-09-17",
                    "entries": []
                }
            }
        },
        {
            "type": "Feature",
            "geometry": {
                "type": "Point",
                "coordinates": [
                    11.898441427245848,
                    57.645685746031354
                ]
            },
            "properties": {
                "id": "61e0a362cfc4d247ccaa479a",
                "name": "Smaragdgatan 28 förskola",
                "businessId": 4825,
                "visitingAddress": "Smaragdgatan 28",
                "images": [
                    {
                        "small": "https://s3.eu-north-1.amazonaws.com/gbg.serviceguiden/61e0a362cfc4d247ccaa479a_637634d8593d8e1f1a71bcd0_small.jpg",
                        "small2x": "https://s3.eu-north-1.amazonaws.com/gbg.serviceguiden/61e0a362cfc4d247ccaa479a_637634d8593d8e1f1a71bcd0_small_2x.jpg",
                        "medium": "https://s3.eu-north-1.amazonaws.com/gbg.serviceguiden/61e0a362cfc4d247ccaa479a_637634d8593d8e1f1a71bcd0_medium.jpg",
                        "medium2x": "https://s3.eu-north-1.amazonaws.com/gbg.serviceguiden/61e0a362cfc4d247ccaa479a_637634d8593d8e1f1a71bcd0_medium_2x.jpg",
                        "large": "https://s3.eu-north-1.amazonaws.com/gbg.serviceguiden/61e0a362cfc4d247ccaa479a_637634d8593d8e1f1a71bcd0_large.jpg",
                        "large2x": "https://s3.eu-north-1.amazonaws.com/gbg.serviceguiden/61e0a362cfc4d247ccaa479a_637634d8593d8e1f1a71bcd0_large_2x.jpg",
                        "altText": "Bilden föreställer en byggnad och en förskolegård med en klätterställning med ruschkana och en trähydda. ",
                        "description": "Foto: Davide Panzino"
                    }
                ],
                "todaysOpeningHours": {
                    "date": "2026-09-17",
                    "entries": []
                }
            }
        },
        {
            "type": "Feature",
            "geometry": {
                "type": "Point",
                "coordinates": [
                    11.895798939845049,
                    57.61827433512087
                ]
            },
            "properties": {
                "id": "61e0a362cfc4d247ccaa481d",
                "name": "Smithska Vägen 14B förskola",
                "businessId": 1549,
                "visitingAddress": "Smithska Vägen 14B",
                "images": [
                    {
                        "small": "https://s3.eu-north-1.amazonaws.com/gbg.serviceguiden/61e0a362cfc4d247ccaa481d_63763531593d8e1f1a71c331_small.jpg",
                        "small2x": "https://s3.eu-north-1.amazonaws.com/gbg.serviceguiden/61e0a362cfc4d247ccaa481d_63763531593d8e1f1a71c331_small_2x.jpg",
                        "medium": "https://s3.eu-north-1.amazonaws.com/gbg.serviceguiden/61e0a362cfc4d247ccaa481d_63763531593d8e1f1a71c331_medium.jpg",
                        "medium2x": "https://s3.eu-north-1.amazonaws.com/gbg.serviceguiden/61e0a362cfc4d247ccaa481d_63763531593d8e1f1a71c331_medium_2x.jpg",
                        "large": "https://s3.eu-north-1.amazonaws.com/gbg.serviceguiden/61e0a362cfc4d247ccaa481d_63763531593d8e1f1a71c331_large.jpg",
                        "large2x": "https://s3.eu-north-1.amazonaws.com/gbg.serviceguiden/61e0a362cfc4d247ccaa481d_63763531593d8e1f1a71c331_large_2x.jpg",
                        "altText": "Bilden föreställer entrén till en ljus byggnad och ett trädäck med två sandlådor och en utomhusbänk. ",
                        "description": "Foto: Davide Panzino"
                    }
                ],
                "todaysOpeningHours": {
                    "date": "2026-09-17",
                    "entries": []
                }
            }
        },
        {
            "type": "Feature",
            "geometry": {
                "type": "Point",
                "coordinates": [
                    11.888783221575077,
                    57.655100704981876
                ]
            },
            "properties": {
                "id": "61e0a362cfc4d247ccaa4841",
                "name": "Smultronvägen 7 förskola",
                "businessId": 4826,
                "visitingAddress": "Smultronvägen 7",
                "images": [
                    {
                        "small": "https://s3.eu-north-1.amazonaws.com/gbg.serviceguiden/61e0a362cfc4d247ccaa4841_63763582593d8e1f1a71c747_small.jpg",
                        "small2x": "https://s3.eu-north-1.amazonaws.com/gbg.serviceguiden/61e0a362cfc4d247ccaa4841_63763582593d8e1f1a71c747_small_2x.jpg",
                        "medium": "https://s3.eu-north-1.amazonaws.com/gbg.serviceguiden/61e0a362cfc4d247ccaa4841_63763582593d8e1f1a71c747_medium.jpg",
                        "medium2x": "https://s3.eu-north-1.amazonaws.com/gbg.serviceguiden/61e0a362cfc4d247ccaa4841_63763582593d8e1f1a71c747_medium_2x.jpg",
                        "large": "https://s3.eu-north-1.amazonaws.com/gbg.serviceguiden/61e0a362cfc4d247ccaa4841_63763582593d8e1f1a71c747_large.jpg",
                        "large2x": "https://s3.eu-north-1.amazonaws.com/gbg.serviceguiden/61e0a362cfc4d247ccaa4841_63763582593d8e1f1a71c747_large_2x.jpg",
                        "altText": "Bilden föreställer en byggnad och en asfalterad gård.",
                        "description": "Foto: Davide Panzino"
                    }
                ],
                "todaysOpeningHours": {
                    "date": "2026-09-17",
                    "entries": []
                }
            }
        },
        {
            "type": "Feature",
            "geometry": {
                "type": "Point",
                "coordinates": [
                    11.94602233118271,
                    57.69510470886456
                ]
            },
            "properties": {
                "id": "61e0a363cfc4d247ccaa48a1",
                "name": "Små vänner",
                "businessId": 2620,
                "visitingAddress": "Jungmansgatan 13",
                "description": "<p>Det här är en fristående förskola. Kontakta förskolan om du vill veta mer om deras verksamhet.</p>",
                "todaysOpeningHours": {
                    "date": "2026-09-17",
                    "entries": []
                }
            }
        },
        {
            "type": "Feature",
            "geometry": {
                "type": "Point",
                "coordinates": [
                    12.01996263855541,
                    57.69870611367093
                ]
            },
            "properties": {
                "id": "61e0a364cfc4d247ccaa499f",
                "name": "Småfröna",
                "businessId": 2976,
                "visitingAddress": "Storatorpsvägen 3",
                "description": "<p>Det här är en fristående förskola. Kontakta förskolan om du vill veta mer om deras verksamhet.</p>",
                "todaysOpeningHours": {
                    "date": "2026-09-17",
                    "entries": []
                }
            }
        },
        {
            "type": "Feature",
            "geometry": {
                "type": "Point",
                "coordinates": [
                    12.013036529689556,
                    57.68230142256142
                ]
            },
            "properties": {
                "id": "61e0a365cfc4d247ccaa4a0a",
                "name": "Smörgatan 80 förskola",
                "businessId": 1698,
                "visitingAddress": "Smörgatan 80",
                "images": [
                    {
                        "small": "https://s3.eu-north-1.amazonaws.com/gbg.serviceguiden/61e0a365cfc4d247ccaa4a0a_63590647118251387c7fcee2_small.jpg",
                        "small2x": "https://s3.eu-north-1.amazonaws.com/gbg.serviceguiden/61e0a365cfc4d247ccaa4a0a_63590647118251387c7fcee2_small_2x.jpg",
                        "medium": "https://s3.eu-north-1.amazonaws.com/gbg.serviceguiden/61e0a365cfc4d247ccaa4a0a_63590647118251387c7fcee2_medium.jpg",
                        "medium2x": "https://s3.eu-north-1.amazonaws.com/gbg.serviceguiden/61e0a365cfc4d247ccaa4a0a_63590647118251387c7fcee2_medium_2x.jpg",
                        "large": "https://s3.eu-north-1.amazonaws.com/gbg.serviceguiden/61e0a365cfc4d247ccaa4a0a_63590647118251387c7fcee2_large.jpg",
                        "large2x": "https://s3.eu-north-1.amazonaws.com/gbg.serviceguiden/61e0a365cfc4d247ccaa4a0a_63590647118251387c7fcee2_large_2x.jpg",
                        "altText": "Bilden föreställer en grå byggnad. Framför byggnaden finns en lekplats med gräsmatta och en hinderbana i trä. På lekplatsen finns också en lekstuga. ",
                        "description": "Foto: Davide Panzino. Förskolan har byggnader på två adresser. På bild visas Smörgatan 80."
                    }
                ],
                "todaysOpeningHours": {
                    "date": "2026-09-17",
                    "entries": []
                }
            }
        },
        {
            "type": "Feature",
            "geometry": {
                "type": "Point",
                "coordinates": [
                    12.056818956136297,
                    57.7143392748047
                ]
            },
            "properties": {
                "id": "69d6178ddb84197117e8d7a4",
                "name": "Smörslottsgatan 69 förskola",
                "businessId": 7575,
                "visitingAddress": "Smörslottsgatan 69",
                "description": "<div style=\"background-color: #ffffff; margin: 24px 0px 0px; width: 800px; display: block;\">\r\n<p><a href=\"/wps/portal?uri=gbglnk%3a202633113651944\" target=\"_self\">Om den nya förskolan Smörslottsgatan 69</a></p>\r\n</div>",
                "todaysOpeningHours": {
                    "date": "2026-09-17",
                    "entries": []
                }
            }
        },
        {
            "type": "Feature",
            "geometry": {
                "type": "Point",
                "coordinates": [
                    12.056211427695585,
                    57.720079234372996
                ]
            },
            "properties": {
                "id": "61e0a365cfc4d247ccaa4a30",
                "name": "Smörslätten 1 förskola",
                "businessId": 6469,
                "visitingAddress": "Smörslätten 1",
                "images": [
                    {
                        "small": "https://s3.eu-north-1.amazonaws.com/gbg.serviceguiden/61e0a365cfc4d247ccaa4a30_635a8fc9118251387c98db16_small.jpg",
                        "small2x": "https://s3.eu-north-1.amazonaws.com/gbg.serviceguiden/61e0a365cfc4d247ccaa4a30_635a8fc9118251387c98db16_small_2x.jpg",
                        "medium": "https://s3.eu-north-1.amazonaws.com/gbg.serviceguiden/61e0a365cfc4d247ccaa4a30_635a8fc9118251387c98db16_medium.jpg",
                        "medium2x": "https://s3.eu-north-1.amazonaws.com/gbg.serviceguiden/61e0a365cfc4d247ccaa4a30_635a8fc9118251387c98db16_medium_2x.jpg",
                        "large": "https://s3.eu-north-1.amazonaws.com/gbg.serviceguiden/61e0a365cfc4d247ccaa4a30_635a8fc9118251387c98db16_large.jpg",
                        "large2x": "https://s3.eu-north-1.amazonaws.com/gbg.serviceguiden/61e0a365cfc4d247ccaa4a30_635a8fc9118251387c98db16_large_2x.jpg",
                        "altText": "Bilden föreställer en träbyggnad. Bakom byggnaden finns en högre tegelbyggnad. Framför träbyggnaden finns en lekplats med trätak.",
                        "description": "Foto: Davide Panzino"
                    }
                ],
                "todaysOpeningHours": {
                    "date": "2026-09-17",
                    "entries": []
                }
            }
        },
        {
            "type": "Feature",
            "geometry": {
                "type": "Point",
                "coordinates": [
                    11.949575003916765,
                    57.60489647738281
                ]
            },
            "properties": {
                "id": "61e0a365cfc4d247ccaa4a93",
                "name": "Snäckskalet",
                "businessId": 2571,
                "visitingAddress": "Lyckhemsvägen 7",
                "description": "<p>Det här är en fristående förskola. Kontakta förskolan om du vill veta mer om deras verksamhet.</p>",
                "todaysOpeningHours": {
                    "date": "2026-09-17",
                    "entries": []
                }
            }
        },
        {
            "type": "Feature",
            "geometry": {
                "type": "Point",
                "coordinates": [
                    11.929403653183783,
                    57.72378343356125
                ]
            },
            "properties": {
                "id": "61e0a368cfc4d247ccaa4ce9",
                "name": "Sockenvägen 26 förskola",
                "businessId": 1249,
                "visitingAddress": "Sockenvägen 26",
                "images": [
                    {
                        "small": "https://s3.eu-north-1.amazonaws.com/gbg.serviceguiden/61e0a368cfc4d247ccaa4ce9_63650716118251387c36b089_small.jpg",
                        "small2x": "https://s3.eu-north-1.amazonaws.com/gbg.serviceguiden/61e0a368cfc4d247ccaa4ce9_63650716118251387c36b089_small_2x.jpg",
                        "medium": "https://s3.eu-north-1.amazonaws.com/gbg.serviceguiden/61e0a368cfc4d247ccaa4ce9_63650716118251387c36b089_medium.jpg",
                        "medium2x": "https://s3.eu-north-1.amazonaws.com/gbg.serviceguiden/61e0a368cfc4d247ccaa4ce9_63650716118251387c36b089_medium_2x.jpg",
                        "large": "https://s3.eu-north-1.amazonaws.com/gbg.serviceguiden/61e0a368cfc4d247ccaa4ce9_63650716118251387c36b089_large.jpg",
                        "large2x": "https://s3.eu-north-1.amazonaws.com/gbg.serviceguiden/61e0a368cfc4d247ccaa4ce9_63650716118251387c36b089_large_2x.jpg",
                        "altText": "Bilden föreställer en röd byggnad och en gård. På gården finns ett träd, en lekstuga och en gunghäst. ",
                        "description": "Foto: Davide Panzino"
                    }
                ],
                "todaysOpeningHours": {
                    "date": "2026-09-17",
                    "entries": []
                }
            }
        },
        {
            "type": "Feature",
            "geometry": {
                "type": "Point",
                "coordinates": [
                    12.02838626052717,
                    57.7324553916671
                ]
            },
            "properties": {
                "id": "61e0a369cfc4d247ccaa4dcf",
                "name": "Soldathemsgatan 19 förskola",
                "businessId": 5386,
                "visitingAddress": "Soldathemsgatan 19",
                "images": [
                    {
                        "small": "https://s3.eu-north-1.amazonaws.com/gbg.serviceguiden/61e0a369cfc4d247ccaa4dcf_63725a6b3b1f9e7372f297d2_small.jpg",
                        "small2x": "https://s3.eu-north-1.amazonaws.com/gbg.serviceguiden/61e0a369cfc4d247ccaa4dcf_63725a6b3b1f9e7372f297d2_small_2x.jpg",
                        "medium": "https://s3.eu-north-1.amazonaws.com/gbg.serviceguiden/61e0a369cfc4d247ccaa4dcf_63725a6b3b1f9e7372f297d2_medium.jpg",
                        "medium2x": "https://s3.eu-north-1.amazonaws.com/gbg.serviceguiden/61e0a369cfc4d247ccaa4dcf_63725a6b3b1f9e7372f297d2_medium_2x.jpg",
                        "large": "https://s3.eu-north-1.amazonaws.com/gbg.serviceguiden/61e0a369cfc4d247ccaa4dcf_63725a6b3b1f9e7372f297d2_large.jpg",
                        "large2x": "https://s3.eu-north-1.amazonaws.com/gbg.serviceguiden/61e0a369cfc4d247ccaa4dcf_63725a6b3b1f9e7372f297d2_large_2x.jpg",
                        "altText": "Bilden föreställer en vit byggnad och en sandlåda med en gunga och en trästock. ",
                        "description": "Foto: Davide Panzino"
                    }
                ],
                "todaysOpeningHours": {
                    "date": "2026-09-17",
                    "entries": []
                }
            }
        },
        {
            "type": "Feature",
            "geometry": {
                "type": "Point",
                "coordinates": [
                    12.036997498790816,
                    57.7240287233084
                ]
            },
            "properties": {
                "id": "61e0a369cfc4d247ccaa4de7",
                "name": "Solgläntan",
                "businessId": 2471,
                "visitingAddress": "Uddeholmsgatan 5F",
                "description": "<p>Det här är en fristående förskola. Kontakta förskolan om du vill veta mer om deras verksamhet.</p>",
                "todaysOpeningHours": {
                    "date": "2026-09-17",
                    "entries": []
                }
            }
        },
        {
            "type": "Feature",
            "geometry": {
                "type": "Point",
                "coordinates": [
                    11.994813541131286,
                    57.798236120269586
                ]
            },
            "properties": {
                "id": "61e0a36acfc4d247ccaa4e5e",
                "name": "Solhagagatan 136 förskola",
                "businessId": 1176,
                "visitingAddress": "Solhagagatan 136",
                "images": [
                    {
                        "small": "https://s3.eu-north-1.amazonaws.com/gbg.serviceguiden/61e0a36acfc4d247ccaa4e5e_6a8c324cd821e84782289d8a_small.jpg",
                        "small2x": "https://s3.eu-north-1.amazonaws.com/gbg.serviceguiden/61e0a36acfc4d247ccaa4e5e_6a8c324cd821e84782289d8a_small_2x.jpg",
                        "medium": "https://s3.eu-north-1.amazonaws.com/gbg.serviceguiden/61e0a36acfc4d247ccaa4e5e_6a8c324cd821e84782289d8a_medium.jpg",
                        "medium2x": "https://s3.eu-north-1.amazonaws.com/gbg.serviceguiden/61e0a36acfc4d247ccaa4e5e_6a8c324cd821e84782289d8a_medium_2x.jpg",
                        "large": "https://s3.eu-north-1.amazonaws.com/gbg.serviceguiden/61e0a36acfc4d247ccaa4e5e_6a8c324cd821e84782289d8a_large.jpg",
                        "large2x": "https://s3.eu-north-1.amazonaws.com/gbg.serviceguiden/61e0a36acfc4d247ccaa4e5e_6a8c324cd821e84782289d8a_large_2x.jpg",
                        "altText": "Förskolans gula fasad och en del av gården",
                        "description": "Foto: Stadsfastighetsförvaltningen"
                    }
                ],
                "todaysOpeningHours": {
                    "date": "2026-09-17",
                    "entries": []
                }
            }
        },
        {
            "type": "Feature",
            "geometry": {
                "type": "Point",
                "coordinates": [
                    11.947713048336595,
                    57.72233603535573
                ]
            },
            "properties": {
                "id": "61e0a36bcfc4d247ccaa4f29",
                "name": "Solventilsgatan 10 förskola",
                "businessId": 5822,
                "visitingAddress": "Solventilsgatan 10",
                "images": [
                    {
                        "small": "https://s3.eu-north-1.amazonaws.com/gbg.serviceguiden/61e0a36bcfc4d247ccaa4f29_63650815118251387c36c683_small.jpg",
                        "small2x": "https://s3.eu-north-1.amazonaws.com/gbg.serviceguiden/61e0a36bcfc4d247ccaa4f29_63650815118251387c36c683_small_2x.jpg",
                        "medium": "https://s3.eu-north-1.amazonaws.com/gbg.serviceguiden/61e0a36bcfc4d247ccaa4f29_63650815118251387c36c683_medium.jpg",
                        "medium2x": "https://s3.eu-north-1.amazonaws.com/gbg.serviceguiden/61e0a36bcfc4d247ccaa4f29_63650815118251387c36c683_medium_2x.jpg",
                        "large": "https://s3.eu-north-1.amazonaws.com/gbg.serviceguiden/61e0a36bcfc4d247ccaa4f29_63650815118251387c36c683_large.jpg",
                        "large2x": "https://s3.eu-north-1.amazonaws.com/gbg.serviceguiden/61e0a36bcfc4d247ccaa4f29_63650815118251387c36c683_large_2x.jpg",
                        "altText": "Bilden föreställer en vit byggnad med svart fönsterkarmar och balkonger. Framför byggnaden finns en gård med en sandlåda och en liten ruschkana. ",
                        "description": "Foto: Peter Nilsson"
                    }
                ],
                "todaysOpeningHours": {
                    "date": "2026-09-17",
                    "entries": []
                }
            }
        },
        {
            "type": "Feature",
            "geometry": {
                "type": "Point",
                "coordinates": [
                    11.88697254442706,
                    57.723996378703944
                ]
            },
            "properties": {
                "id": "61e0a36bcfc4d247ccaa4f4d",
                "name": "Solvädersbyn 60 förskola",
                "businessId": 172,
                "visitingAddress": "Solvädersbyn 60",
                "description": "<p><a href=\"/wps/portal?uri=gbglnk%3a2024112982012670\" target=\"_self\">Om byggprojektet för Solvädersbyn 60</a></p>\r\n<p></p>\r\n<p></p>",
                "images": [
                    {
                        "small": "https://s3.eu-north-1.amazonaws.com/gbg.serviceguiden/61e0a36bcfc4d247ccaa4f4d_6365090b118251387c36db7b_small.jpg",
                        "small2x": "https://s3.eu-north-1.amazonaws.com/gbg.serviceguiden/61e0a36bcfc4d247ccaa4f4d_6365090b118251387c36db7b_small_2x.jpg",
                        "medium": "https://s3.eu-north-1.amazonaws.com/gbg.serviceguiden/61e0a36bcfc4d247ccaa4f4d_6365090b118251387c36db7b_medium.jpg",
                        "medium2x": "https://s3.eu-north-1.amazonaws.com/gbg.serviceguiden/61e0a36bcfc4d247ccaa4f4d_6365090b118251387c36db7b_medium_2x.jpg",
                        "large": "https://s3.eu-north-1.amazonaws.com/gbg.serviceguiden/61e0a36bcfc4d247ccaa4f4d_6365090b118251387c36db7b_large.jpg",
                        "large2x": "https://s3.eu-north-1.amazonaws.com/gbg.serviceguiden/61e0a36bcfc4d247ccaa4f4d_6365090b118251387c36db7b_large_2x.jpg",
                        "altText": "Bilden föreställer en röd byggnad och en gård med en klätterställning med ruschkana och en gunghäst. ",
                        "description": "Foto: Davide Panzino"
                    }
                ],
                "todaysOpeningHours": {
                    "date": "2026-09-17",
                    "entries": []
                }
            }
        },
        {
            "type": "Feature",
            "geometry": {
                "type": "Point",
                "coordinates": [
                    11.961368969252012,
                    57.69384896894928
                ]
            },
            "properties": {
                "id": "61e0a36dcfc4d247ccaa5091",
                "name": "Spekebergsgatan 3 förskola",
                "businessId": 3573,
                "visitingAddress": "Spekebergsgatan 3",
                "images": [
                    {
                        "small": "https://s3.eu-north-1.amazonaws.com/gbg.serviceguiden/61e0a36dcfc4d247ccaa5091_635a9036118251387c98e9a9_small.jpg",
                        "small2x": "https://s3.eu-north-1.amazonaws.com/gbg.serviceguiden/61e0a36dcfc4d247ccaa5091_635a9036118251387c98e9a9_small_2x.jpg",
                        "medium": "https://s3.eu-north-1.amazonaws.com/gbg.serviceguiden/61e0a36dcfc4d247ccaa5091_635a9036118251387c98e9a9_medium.jpg",
                        "medium2x": "https://s3.eu-north-1.amazonaws.com/gbg.serviceguiden/61e0a36dcfc4d247ccaa5091_635a9036118251387c98e9a9_medium_2x.jpg",
                        "large": "https://s3.eu-north-1.amazonaws.com/gbg.serviceguiden/61e0a36dcfc4d247ccaa5091_635a9036118251387c98e9a9_large.jpg",
                        "large2x": "https://s3.eu-north-1.amazonaws.com/gbg.serviceguiden/61e0a36dcfc4d247ccaa5091_635a9036118251387c98e9a9_large_2x.jpg",
                        "altText": "Bilden föreställer en tegelbyggnad. Framför byggnaden finns en lekplats med en klätterställning, två ruschkanor, en boll och utomhusbänkar. ",
                        "description": "Bild: Davide Panzino"
                    }
                ],
                "todaysOpeningHours": {
                    "date": "2026-09-17",
                    "entries": []
                }
            }
        },
        {
            "type": "Feature",
            "geometry": {
                "type": "Point",
                "coordinates": [
                    11.928832253565131,
                    57.69277310191931
                ]
            },
            "properties": {
                "id": "61e0a370cfc4d247ccaa53a8",
                "name": "Standargatan 10-12 förskola",
                "businessId": 1353,
                "visitingAddress": "Standargatan 10",
                "images": [
                    {
                        "small": "https://s3.eu-north-1.amazonaws.com/gbg.serviceguiden/61e0a370cfc4d247ccaa53a8_635a90d2118251387c990902_small.jpg",
                        "small2x": "https://s3.eu-north-1.amazonaws.com/gbg.serviceguiden/61e0a370cfc4d247ccaa53a8_635a90d2118251387c990902_small_2x.jpg",
                        "medium": "https://s3.eu-north-1.amazonaws.com/gbg.serviceguiden/61e0a370cfc4d247ccaa53a8_635a90d2118251387c990902_medium.jpg",
                        "medium2x": "https://s3.eu-north-1.amazonaws.com/gbg.serviceguiden/61e0a370cfc4d247ccaa53a8_635a90d2118251387c990902_medium_2x.jpg",
                        "large": "https://s3.eu-north-1.amazonaws.com/gbg.serviceguiden/61e0a370cfc4d247ccaa53a8_635a90d2118251387c990902_large.jpg",
                        "large2x": "https://s3.eu-north-1.amazonaws.com/gbg.serviceguiden/61e0a370cfc4d247ccaa53a8_635a90d2118251387c990902_large_2x.jpg",
                        "altText": "Bilden föreställer en röd byggnad med vita fönsterkarmar. En trappa leder upp till en blå/grön dörr. Bredvid byggnaden finns ett rött förråd, en bänk och rosor. ",
                        "description": "Foto: Davide Panzino"
                    }
                ],
                "todaysOpeningHours": {
                    "date": "2026-09-17",
                    "entries": []
                }
            }
        },
        {
            "type": "Feature",
            "geometry": {
                "type": "Point",
                "coordinates": [
                    11.897964224951169,
                    57.70869269576249
                ]
            },
            "properties": {
                "id": "61e0a371cfc4d247ccaa53ef",
                "name": "Stegen",
                "businessId": 2388,
                "visitingAddress": "Bräcke Östergårds Väg 15",
                "description": "<p>Det här är en fristående förskola. Kontakta förskolan om du vill veta mer om deras verksamhet.</p>",
                "todaysOpeningHours": {
                    "date": "2026-09-17",
                    "entries": []
                }
            }
        },
        {
            "type": "Feature",
            "geometry": {
                "type": "Point",
                "coordinates": [
                    11.884262099288069,
                    57.67931633940781
                ]
            },
            "properties": {
                "id": "61e0a372cfc4d247ccaa5491",
                "name": "Stengetsgatan 22 förskola",
                "businessId": 1649,
                "visitingAddress": "Stengetsgatan 22",
                "images": [
                    {
                        "small": "https://s3.eu-north-1.amazonaws.com/gbg.serviceguiden/61e0a372cfc4d247ccaa5491_6376368b593d8e1f1a71d09a_small.jpg",
                        "small2x": "https://s3.eu-north-1.amazonaws.com/gbg.serviceguiden/61e0a372cfc4d247ccaa5491_6376368b593d8e1f1a71d09a_small_2x.jpg",
                        "medium": "https://s3.eu-north-1.amazonaws.com/gbg.serviceguiden/61e0a372cfc4d247ccaa5491_6376368b593d8e1f1a71d09a_medium.jpg",
                        "medium2x": "https://s3.eu-north-1.amazonaws.com/gbg.serviceguiden/61e0a372cfc4d247ccaa5491_6376368b593d8e1f1a71d09a_medium_2x.jpg",
                        "large": "https://s3.eu-north-1.amazonaws.com/gbg.serviceguiden/61e0a372cfc4d247ccaa5491_6376368b593d8e1f1a71d09a_large.jpg",
                        "large2x": "https://s3.eu-north-1.amazonaws.com/gbg.serviceguiden/61e0a372cfc4d247ccaa5491_6376368b593d8e1f1a71d09a_large_2x.jpg",
                        "altText": "Bilden föreställer en tegelbyggnad. I bakgrunden skymtar en förskolegård.",
                        "description": "Foto: Davide Panzino"
                    }
                ],
                "todaysOpeningHours": {
                    "date": "2026-09-17",
                    "entries": []
                }
            }
        },
        {
            "type": "Feature",
            "geometry": {
                "type": "Point",
                "coordinates": [
                    11.881617278559695,
                    57.64593478774554
                ]
            },
            "properties": {
                "id": "61e0a372cfc4d247ccaa54cb",
                "name": "Stenskärsgatan 2 förskola",
                "businessId": 1550,
                "visitingAddress": "Stenskärsgatan 2",
                "images": [
                    {
                        "small": "https://s3.eu-north-1.amazonaws.com/gbg.serviceguiden/61e0a372cfc4d247ccaa54cb_637636cd593d8e1f1a71d420_small.jpg",
                        "small2x": "https://s3.eu-north-1.amazonaws.com/gbg.serviceguiden/61e0a372cfc4d247ccaa54cb_637636cd593d8e1f1a71d420_small_2x.jpg",
                        "medium": "https://s3.eu-north-1.amazonaws.com/gbg.serviceguiden/61e0a372cfc4d247ccaa54cb_637636cd593d8e1f1a71d420_medium.jpg",
                        "medium2x": "https://s3.eu-north-1.amazonaws.com/gbg.serviceguiden/61e0a372cfc4d247ccaa54cb_637636cd593d8e1f1a71d420_medium_2x.jpg",
                        "large": "https://s3.eu-north-1.amazonaws.com/gbg.serviceguiden/61e0a372cfc4d247ccaa54cb_637636cd593d8e1f1a71d420_large.jpg",
                        "large2x": "https://s3.eu-north-1.amazonaws.com/gbg.serviceguiden/61e0a372cfc4d247ccaa54cb_637636cd593d8e1f1a71d420_large_2x.jpg",
                        "altText": "Bilden föreställer en ljusgul byggnad och en parkering. ",
                        "description": "Stenskärsgatan 2. Foto: Davide Panzino"
                    }
                ],
                "todaysOpeningHours": {
                    "date": "2026-09-17",
                    "entries": []
                }
            }
        },
        {
            "type": "Feature",
            "geometry": {
                "type": "Point",
                "coordinates": [
                    11.882890690661755,
                    57.672170558448464
                ]
            },
            "properties": {
                "id": "61e0a372cfc4d247ccaa5513",
                "name": "Stiftelsen English School Gothenburg",
                "businessId": 5331,
                "visitingAddress": "Redegatan 2",
                "description": "<p>Det här är en fristående förskola. Kontakta förskolan om du vill veta mer om deras verksamhet.</p>",
                "todaysOpeningHours": {
                    "date": "2026-09-17",
                    "entries": []
                }
            }
        },
        {
            "type": "Feature",
            "geometry": {
                "type": "Point",
                "coordinates": [
                    11.892108607269796,
                    57.6802979398711
                ]
            },
            "properties": {
                "id": "61e0a373cfc4d247ccaa55d9",
                "name": "Stjärnbåtsgatan 7 förskola",
                "businessId": 1642,
                "visitingAddress": "Stjärnbåtsgatan 7",
                "images": [
                    {
                        "small": "https://s3.eu-north-1.amazonaws.com/gbg.serviceguiden/61e0a373cfc4d247ccaa55d9_63763730593d8e1f1a71d807_small.jpg",
                        "small2x": "https://s3.eu-north-1.amazonaws.com/gbg.serviceguiden/61e0a373cfc4d247ccaa55d9_63763730593d8e1f1a71d807_small_2x.jpg",
                        "medium": "https://s3.eu-north-1.amazonaws.com/gbg.serviceguiden/61e0a373cfc4d247ccaa55d9_63763730593d8e1f1a71d807_medium.jpg",
                        "medium2x": "https://s3.eu-north-1.amazonaws.com/gbg.serviceguiden/61e0a373cfc4d247ccaa55d9_63763730593d8e1f1a71d807_medium_2x.jpg",
                        "large": "https://s3.eu-north-1.amazonaws.com/gbg.serviceguiden/61e0a373cfc4d247ccaa55d9_63763730593d8e1f1a71d807_large.jpg",
                        "large2x": "https://s3.eu-north-1.amazonaws.com/gbg.serviceguiden/61e0a373cfc4d247ccaa55d9_63763730593d8e1f1a71d807_large_2x.jpg",
                        "altText": "Bilden föreställer en röd byggnad och en förskolegård med bland annat en sandlåda, gunga och en rockring liggandes på marken.",
                        "description": "Foto: Davide Panzino"
                    }
                ],
                "todaysOpeningHours": {
                    "date": "2026-09-17",
                    "entries": []
                }
            }
        },
        {
            "type": "Feature",
            "geometry": {
                "type": "Point",
                "coordinates": [
                    11.937364870726242,
                    57.63408931019269
                ]
            },
            "properties": {
                "id": "61e0a373cfc4d247ccaa5613",
                "name": "Stomvägen 1 förskola",
                "businessId": 39,
                "visitingAddress": "Stomvägen 1",
                "images": [
                    {
                        "small": "https://s3.eu-north-1.amazonaws.com/gbg.serviceguiden/61e0a373cfc4d247ccaa5613_63763780593d8e1f1a71dcac_small.jpg",
                        "small2x": "https://s3.eu-north-1.amazonaws.com/gbg.serviceguiden/61e0a373cfc4d247ccaa5613_63763780593d8e1f1a71dcac_small_2x.jpg",
                        "medium": "https://s3.eu-north-1.amazonaws.com/gbg.serviceguiden/61e0a373cfc4d247ccaa5613_63763780593d8e1f1a71dcac_medium.jpg",
                        "medium2x": "https://s3.eu-north-1.amazonaws.com/gbg.serviceguiden/61e0a373cfc4d247ccaa5613_63763780593d8e1f1a71dcac_medium_2x.jpg",
                        "large": "https://s3.eu-north-1.amazonaws.com/gbg.serviceguiden/61e0a373cfc4d247ccaa5613_63763780593d8e1f1a71dcac_large.jpg",
                        "large2x": "https://s3.eu-north-1.amazonaws.com/gbg.serviceguiden/61e0a373cfc4d247ccaa5613_63763780593d8e1f1a71dcac_large_2x.jpg",
                        "altText": "Bilden föreställer en röd byggnad och en förskolegård med bland annat gunghästar och sandlådor.",
                        "description": "Foto: Davide Panzino"
                    }
                ],
                "todaysOpeningHours": {
                    "date": "2026-09-17",
                    "entries": []
                }
            }
        },
        {
            "type": "Feature",
            "geometry": {
                "type": "Point",
                "coordinates": [
                    12.055875998837282,
                    57.75527203857639
                ]
            },
            "properties": {
                "id": "61e0a374cfc4d247ccaa5667",
                "name": "Stora Björn 2 förskola",
                "businessId": 114,
                "visitingAddress": "Stora Björn 2",
                "images": [
                    {
                        "small": "https://s3.eu-north-1.amazonaws.com/gbg.serviceguiden/61e0a374cfc4d247ccaa5667_63725af33b1f9e7372f2a493_small.jpg",
                        "small2x": "https://s3.eu-north-1.amazonaws.com/gbg.serviceguiden/61e0a374cfc4d247ccaa5667_63725af33b1f9e7372f2a493_small_2x.jpg",
                        "medium": "https://s3.eu-north-1.amazonaws.com/gbg.serviceguiden/61e0a374cfc4d247ccaa5667_63725af33b1f9e7372f2a493_medium.jpg",
                        "medium2x": "https://s3.eu-north-1.amazonaws.com/gbg.serviceguiden/61e0a374cfc4d247ccaa5667_63725af33b1f9e7372f2a493_medium_2x.jpg",
                        "large": "https://s3.eu-north-1.amazonaws.com/gbg.serviceguiden/61e0a374cfc4d247ccaa5667_63725af33b1f9e7372f2a493_large.jpg",
                        "large2x": "https://s3.eu-north-1.amazonaws.com/gbg.serviceguiden/61e0a374cfc4d247ccaa5667_63725af33b1f9e7372f2a493_large_2x.jpg",
                        "altText": "Bilden föreställer en röd byggnad med vita fönsterkarmar. Framför byggnaden finns en sandlåda och utomhusbänkar. ",
                        "description": "Foto: Davide Panzino"
                    }
                ],
                "todaysOpeningHours": {
                    "date": "2026-09-17",
                    "entries": []
                }
            }
        },
        {
            "type": "Feature",
            "geometry": {
                "type": "Point",
                "coordinates": [
                    11.871110386134214,
                    57.654377248450125
                ]
            },
            "properties": {
                "id": "61e0a374cfc4d247ccaa56a3",
                "name": "Stora Fiskebäcksvägen 101 förskola",
                "businessId": 4663,
                "visitingAddress": "Stora Fiskebäcksvägen 101",
                "images": [
                    {
                        "small": "https://s3.eu-north-1.amazonaws.com/gbg.serviceguiden/61e0a374cfc4d247ccaa56a3_637637c0593d8e1f1a71df93_small.jpg",
                        "small2x": "https://s3.eu-north-1.amazonaws.com/gbg.serviceguiden/61e0a374cfc4d247ccaa56a3_637637c0593d8e1f1a71df93_small_2x.jpg",
                        "medium": "https://s3.eu-north-1.amazonaws.com/gbg.serviceguiden/61e0a374cfc4d247ccaa56a3_637637c0593d8e1f1a71df93_medium.jpg",
                        "medium2x": "https://s3.eu-north-1.amazonaws.com/gbg.serviceguiden/61e0a374cfc4d247ccaa56a3_637637c0593d8e1f1a71df93_medium_2x.jpg",
                        "large": "https://s3.eu-north-1.amazonaws.com/gbg.serviceguiden/61e0a374cfc4d247ccaa56a3_637637c0593d8e1f1a71df93_large.jpg",
                        "large2x": "https://s3.eu-north-1.amazonaws.com/gbg.serviceguiden/61e0a374cfc4d247ccaa56a3_637637c0593d8e1f1a71df93_large_2x.jpg",
                        "altText": "Bilden föreställer en vit byggnad och en förskolegård med en klätterställning, en ruschkana och en utomhusbänk. ",
                        "description": "Foto: David Panzino"
                    }
                ],
                "todaysOpeningHours": {
                    "date": "2026-09-17",
                    "entries": []
                }
            }
        },
        {
            "type": "Feature",
            "geometry": {
                "type": "Point",
                "coordinates": [
                    11.922499996185138,
                    57.68959430401383
                ]
            },
            "properties": {
                "id": "61e0a375cfc4d247ccaa5798",
                "name": "Stortoppsgatan 2 förskola",
                "businessId": 5221,
                "visitingAddress": "Stortoppsgatan 2",
                "images": [
                    {
                        "small": "https://s3.eu-north-1.amazonaws.com/gbg.serviceguiden/61e0a375cfc4d247ccaa5798_635a9134118251387c9914f0_small.jpg",
                        "small2x": "https://s3.eu-north-1.amazonaws.com/gbg.serviceguiden/61e0a375cfc4d247ccaa5798_635a9134118251387c9914f0_small_2x.jpg",
                        "medium": "https://s3.eu-north-1.amazonaws.com/gbg.serviceguiden/61e0a375cfc4d247ccaa5798_635a9134118251387c9914f0_medium.jpg",
                        "medium2x": "https://s3.eu-north-1.amazonaws.com/gbg.serviceguiden/61e0a375cfc4d247ccaa5798_635a9134118251387c9914f0_medium_2x.jpg",
                        "large": "https://s3.eu-north-1.amazonaws.com/gbg.serviceguiden/61e0a375cfc4d247ccaa5798_635a9134118251387c9914f0_large.jpg",
                        "large2x": "https://s3.eu-north-1.amazonaws.com/gbg.serviceguiden/61e0a375cfc4d247ccaa5798_635a9134118251387c9914f0_large_2x.jpg",
                        "altText": "Bilden föreställer en tegelbyggnad. Framför byggnaden finns en inhägnad lekplats med tre leksaksstugor och en sandlåda. ",
                        "description": "Foto: Davide Panzino"
                    }
                ],
                "todaysOpeningHours": {
                    "date": "2026-09-17",
                    "entries": []
                }
            }
        },
        {
            "type": "Feature",
            "geometry": {
                "type": "Point",
                "coordinates": [
                    12.039116511394312,
                    57.71449201974569
                ]
            },
            "properties": {
                "id": "61e0a378cfc4d247ccaa5860",
                "name": "Studiegången 1 förskola",
                "businessId": 608,
                "visitingAddress": "Studiegången 1",
                "images": [
                    {
                        "small": "https://s3.eu-north-1.amazonaws.com/gbg.serviceguiden/61e0a378cfc4d247ccaa5860_635a925a118251387c99417d_small.jpg",
                        "small2x": "https://s3.eu-north-1.amazonaws.com/gbg.serviceguiden/61e0a378cfc4d247ccaa5860_635a925a118251387c99417d_small_2x.jpg",
                        "medium": "https://s3.eu-north-1.amazonaws.com/gbg.serviceguiden/61e0a378cfc4d247ccaa5860_635a925a118251387c99417d_medium.jpg",
                        "medium2x": "https://s3.eu-north-1.amazonaws.com/gbg.serviceguiden/61e0a378cfc4d247ccaa5860_635a925a118251387c99417d_medium_2x.jpg",
                        "large": "https://s3.eu-north-1.amazonaws.com/gbg.serviceguiden/61e0a378cfc4d247ccaa5860_635a925a118251387c99417d_large.jpg",
                        "large2x": "https://s3.eu-north-1.amazonaws.com/gbg.serviceguiden/61e0a378cfc4d247ccaa5860_635a925a118251387c99417d_large_2x.jpg",
                        "altText": "Bilden föreställer en orange byggnad med blåa dörrar. Utanför byggnaden finns utomhusbänkar och en gräsmatta. ",
                        "description": "Foto: Davide Panzino "
                    }
                ],
                "todaysOpeningHours": {
                    "date": "2026-09-17",
                    "entries": []
                }
            }
        },
        {
            "type": "Feature",
            "geometry": {
                "type": "Point",
                "coordinates": [
                    11.927443924240167,
                    57.69657719625566
                ]
            },
            "properties": {
                "id": "61e0a378cfc4d247ccaa5940",
                "name": "Styrmansgatan 13 förskola",
                "businessId": 1354,
                "visitingAddress": "Styrmansgatan 13B",
                "images": [
                    {
                        "small": "https://s3.eu-north-1.amazonaws.com/gbg.serviceguiden/61e0a378cfc4d247ccaa5940_635a92d5118251387c994f6e_small.jpg",
                        "small2x": "https://s3.eu-north-1.amazonaws.com/gbg.serviceguiden/61e0a378cfc4d247ccaa5940_635a92d5118251387c994f6e_small_2x.jpg",
                        "medium": "https://s3.eu-north-1.amazonaws.com/gbg.serviceguiden/61e0a378cfc4d247ccaa5940_635a92d5118251387c994f6e_medium.jpg",
                        "medium2x": "https://s3.eu-north-1.amazonaws.com/gbg.serviceguiden/61e0a378cfc4d247ccaa5940_635a92d5118251387c994f6e_medium_2x.jpg",
                        "large": "https://s3.eu-north-1.amazonaws.com/gbg.serviceguiden/61e0a378cfc4d247ccaa5940_635a92d5118251387c994f6e_large.jpg",
                        "large2x": "https://s3.eu-north-1.amazonaws.com/gbg.serviceguiden/61e0a378cfc4d247ccaa5940_635a92d5118251387c994f6e_large_2x.jpg",
                        "altText": "Bilden föreställer en tegelbyggnad med en vit dörr och ett staket med grind utanför.",
                        "description": "Foto: Davide Panzino"
                    }
                ],
                "todaysOpeningHours": {
                    "date": "2026-09-17",
                    "entries": []
                }
            }
        },
        {
            "type": "Feature",
            "geometry": {
                "type": "Point",
                "coordinates": [
                    11.928085286982853,
                    57.69601843762816
                ]
            },
            "properties": {
                "id": "61e0a379cfc4d247ccaa5962",
                "name": "Styrmansgatan 21A förskola",
                "businessId": 1341,
                "visitingAddress": "Styrmansgatan 21A",
                "images": [
                    {
                        "small": "https://s3.eu-north-1.amazonaws.com/gbg.serviceguiden/61e0a379cfc4d247ccaa5962_635a9354118251387c995bbe_small.jpg",
                        "small2x": "https://s3.eu-north-1.amazonaws.com/gbg.serviceguiden/61e0a379cfc4d247ccaa5962_635a9354118251387c995bbe_small_2x.jpg",
                        "medium": "https://s3.eu-north-1.amazonaws.com/gbg.serviceguiden/61e0a379cfc4d247ccaa5962_635a9354118251387c995bbe_medium.jpg",
                        "medium2x": "https://s3.eu-north-1.amazonaws.com/gbg.serviceguiden/61e0a379cfc4d247ccaa5962_635a9354118251387c995bbe_medium_2x.jpg",
                        "large": "https://s3.eu-north-1.amazonaws.com/gbg.serviceguiden/61e0a379cfc4d247ccaa5962_635a9354118251387c995bbe_large.jpg",
                        "large2x": "https://s3.eu-north-1.amazonaws.com/gbg.serviceguiden/61e0a379cfc4d247ccaa5962_635a9354118251387c995bbe_large_2x.jpg",
                        "altText": "Bilden föreställer en klättervägg med ruschkana. Bakom ställningen finns två utomhusbänkar och en tegelbyggnad med två vita dörrar. ",
                        "description": "Foto: Davide Panzino"
                    }
                ],
                "todaysOpeningHours": {
                    "date": "2026-09-17",
                    "entries": []
                }
            }
        },
        {
            "type": "Feature",
            "geometry": {
                "type": "Point",
                "coordinates": [
                    11.925265474033093,
                    57.677218382784964
                ]
            },
            "properties": {
                "id": "61e0a37acfc4d247ccaa5ad4",
                "name": "Svalebogatan 52 B förskola",
                "businessId": 1355,
                "visitingAddress": "Svalebogatan 52",
                "images": [
                    {
                        "small": "https://s3.eu-north-1.amazonaws.com/gbg.serviceguiden/61e0a37acfc4d247ccaa5ad4_635a93d1118251387c99650f_small.jpg",
                        "small2x": "https://s3.eu-north-1.amazonaws.com/gbg.serviceguiden/61e0a37acfc4d247ccaa5ad4_635a93d1118251387c99650f_small_2x.jpg",
                        "medium": "https://s3.eu-north-1.amazonaws.com/gbg.serviceguiden/61e0a37acfc4d247ccaa5ad4_635a93d1118251387c99650f_medium.jpg",
                        "medium2x": "https://s3.eu-north-1.amazonaws.com/gbg.serviceguiden/61e0a37acfc4d247ccaa5ad4_635a93d1118251387c99650f_medium_2x.jpg",
                        "large": "https://s3.eu-north-1.amazonaws.com/gbg.serviceguiden/61e0a37acfc4d247ccaa5ad4_635a93d1118251387c99650f_large.jpg",
                        "large2x": "https://s3.eu-north-1.amazonaws.com/gbg.serviceguiden/61e0a37acfc4d247ccaa5ad4_635a93d1118251387c99650f_large_2x.jpg",
                        "altText": "Bilden föreställer två gula byggnader med en vit dörr och vita fönsterkarmar. Framför byggnaden finns en hinderbana i trä.",
                        "description": "Foto: Davide Panzino"
                    }
                ],
                "todaysOpeningHours": {
                    "date": "2026-09-17",
                    "entries": []
                }
            }
        },
        {
            "type": "Feature",
            "geometry": {
                "type": "Point",
                "coordinates": [
                    11.922444271476696,
                    57.676004329254084
                ]
            },
            "properties": {
                "id": "61e0a37acfc4d247ccaa5af2",
                "name": "Svaleboskogen 3 förskola",
                "businessId": 1356,
                "visitingAddress": "Svaleboskogen 3",
                "description": "<p>Förskolan kommer vara stängd augusti 2024–augusti 2028. Du kan inte söka till förskolan i nuläget. Förskolans lokaler kan komma att användas av andra förskolor vid behov.</p>",
                "images": [
                    {
                        "small": "https://s3.eu-north-1.amazonaws.com/gbg.serviceguiden/61e0a37acfc4d247ccaa5af2_635a9558118251387c998395_small.jpg",
                        "small2x": "https://s3.eu-north-1.amazonaws.com/gbg.serviceguiden/61e0a37acfc4d247ccaa5af2_635a9558118251387c998395_small_2x.jpg",
                        "medium": "https://s3.eu-north-1.amazonaws.com/gbg.serviceguiden/61e0a37acfc4d247ccaa5af2_635a9558118251387c998395_medium.jpg",
                        "medium2x": "https://s3.eu-north-1.amazonaws.com/gbg.serviceguiden/61e0a37acfc4d247ccaa5af2_635a9558118251387c998395_medium_2x.jpg",
                        "large": "https://s3.eu-north-1.amazonaws.com/gbg.serviceguiden/61e0a37acfc4d247ccaa5af2_635a9558118251387c998395_large.jpg",
                        "large2x": "https://s3.eu-north-1.amazonaws.com/gbg.serviceguiden/61e0a37acfc4d247ccaa5af2_635a9558118251387c998395_large_2x.jpg",
                        "altText": "Bilden föreställer en grön byggnad med vita fönsterkarmar. På husfasaden finns ett konstverk som liknar ett sicksack-mönster i olika färger. ",
                        "description": "Foto: Davide Panzino"
                    }
                ],
                "todaysOpeningHours": {
                    "date": "2026-09-17",
                    "entries": []
                }
            }
        },
        {
            "type": "Feature",
            "geometry": {
                "type": "Point",
                "coordinates": [
                    11.92346626743766,
                    57.676612986784676
                ]
            },
            "properties": {
                "id": "61e0a37acfc4d247ccaa5b14",
                "name": "Svaleboskogen 7 förskola",
                "businessId": 5130,
                "visitingAddress": "Svaleboskogen 7",
                "images": [
                    {
                        "small": "https://s3.eu-north-1.amazonaws.com/gbg.serviceguiden/61e0a37acfc4d247ccaa5b14_635a95f9118251387c998d77_small.jpg",
                        "small2x": "https://s3.eu-north-1.amazonaws.com/gbg.serviceguiden/61e0a37acfc4d247ccaa5b14_635a95f9118251387c998d77_small_2x.jpg",
                        "medium": "https://s3.eu-north-1.amazonaws.com/gbg.serviceguiden/61e0a37acfc4d247ccaa5b14_635a95f9118251387c998d77_medium.jpg",
                        "medium2x": "https://s3.eu-north-1.amazonaws.com/gbg.serviceguiden/61e0a37acfc4d247ccaa5b14_635a95f9118251387c998d77_medium_2x.jpg",
                        "large": "https://s3.eu-north-1.amazonaws.com/gbg.serviceguiden/61e0a37acfc4d247ccaa5b14_635a95f9118251387c998d77_large.jpg",
                        "large2x": "https://s3.eu-north-1.amazonaws.com/gbg.serviceguiden/61e0a37acfc4d247ccaa5b14_635a95f9118251387c998d77_large_2x.jpg",
                        "altText": "Bilden föreställer en gul tegelbyggnad. Framför byggnaden finns en  lekplats med en trähydda, en gunghäst och en sandlåda med ett bord. ",
                        "description": "Foto: Davide Panzino"
                    }
                ],
                "todaysOpeningHours": {
                    "date": "2026-09-17",
                    "entries": []
                }
            }
        },
        {
            "type": "Feature",
            "geometry": {
                "type": "Point",
                "coordinates": [
                    11.791128879144862,
                    57.608508109829444
                ]
            },
            "properties": {
                "id": "61e0a37bcfc4d247ccaa5baa",
                "name": "Svante Orells väg 12 förskola",
                "businessId": 4975,
                "visitingAddress": "Svante Orells Väg 12",
                "images": [
                    {
                        "small": "https://s3.eu-north-1.amazonaws.com/gbg.serviceguiden/61e0a37bcfc4d247ccaa5baa_6376380e593d8e1f1a71e39b_small.jpg",
                        "small2x": "https://s3.eu-north-1.amazonaws.com/gbg.serviceguiden/61e0a37bcfc4d247ccaa5baa_6376380e593d8e1f1a71e39b_small_2x.jpg",
                        "medium": "https://s3.eu-north-1.amazonaws.com/gbg.serviceguiden/61e0a37bcfc4d247ccaa5baa_6376380e593d8e1f1a71e39b_medium.jpg",
                        "medium2x": "https://s3.eu-north-1.amazonaws.com/gbg.serviceguiden/61e0a37bcfc4d247ccaa5baa_6376380e593d8e1f1a71e39b_medium_2x.jpg",
                        "large": "https://s3.eu-north-1.amazonaws.com/gbg.serviceguiden/61e0a37bcfc4d247ccaa5baa_6376380e593d8e1f1a71e39b_large.jpg",
                        "large2x": "https://s3.eu-north-1.amazonaws.com/gbg.serviceguiden/61e0a37bcfc4d247ccaa5baa_6376380e593d8e1f1a71e39b_large_2x.jpg",
                        "altText": "Bilden föreställer en gul byggnad. Framför byggnaden finns en klätterställning med en ruschkana. ",
                        "description": "Foto: Davide Panzino"
                    }
                ],
                "todaysOpeningHours": {
                    "date": "2026-09-17",
                    "entries": []
                }
            }
        },
        {
            "type": "Feature",
            "geometry": {
                "type": "Point",
                "coordinates": [
                    11.90109821664952,
                    57.73111181251676
                ]
            },
            "properties": {
                "id": "69bc03ce095c634f301e41dc",
                "name": "Svartedalsgatan 4A förskola",
                "businessId": 7563,
                "visitingAddress": "Svartedalsgatan 4A",
                "description": "<p><a href=\"/wps/portal?uri=gbglnk%3a20221014142934251\" target=\"_self\">Om den nya förskolan Svartedalsgatan 4A</a></p>",
                "todaysOpeningHours": {
                    "date": "2026-09-17",
                    "entries": []
                }
            }
        },
        {
            "type": "Feature",
            "geometry": {
                "type": "Point",
                "coordinates": [
                    11.95358986891834,
                    57.69327798516084
                ]
            },
            "properties": {
                "id": "61e0a37ccfc4d247ccaa5cfa",
                "name": "Sveagatan 17 förskola",
                "businessId": 2605,
                "visitingAddress": "Sveagatan 17C",
                "todaysOpeningHours": {
                    "date": "2026-09-17",
                    "entries": []
                }
            }
        },
        {
            "type": "Feature",
            "geometry": {
                "type": "Point",
                "coordinates": [
                    11.910174317388636,
                    57.68180883623194
                ]
            },
            "properties": {
                "id": "633d5c43d72a4031da279e99",
                "name": "Sven Brolids väg 5-7 förskola",
                "businessId": 7172,
                "visitingAddress": "Sven Brolids Väg 5",
                "images": [
                    {
                        "small": "https://s3.eu-north-1.amazonaws.com/gbg.serviceguiden/633d5c43d72a4031da279e99_6a4e1881a6447f1ed7d78e31_small.jpg",
                        "small2x": "https://s3.eu-north-1.amazonaws.com/gbg.serviceguiden/633d5c43d72a4031da279e99_6a4e1881a6447f1ed7d78e31_small_2x.jpg",
                        "medium": "https://s3.eu-north-1.amazonaws.com/gbg.serviceguiden/633d5c43d72a4031da279e99_6a4e1881a6447f1ed7d78e31_medium.jpg",
                        "medium2x": "https://s3.eu-north-1.amazonaws.com/gbg.serviceguiden/633d5c43d72a4031da279e99_6a4e1881a6447f1ed7d78e31_medium_2x.jpg",
                        "large": "https://s3.eu-north-1.amazonaws.com/gbg.serviceguiden/633d5c43d72a4031da279e99_6a4e1881a6447f1ed7d78e31_large.jpg",
                        "large2x": "https://s3.eu-north-1.amazonaws.com/gbg.serviceguiden/633d5c43d72a4031da279e99_6a4e1881a6447f1ed7d78e31_large_2x.jpg",
                        "altText": "Förskolans byggnad i rött tegel och gården.",
                        "description": "Foto: Förskoleförvaltningen"
                    }
                ],
                "todaysOpeningHours": {
                    "date": "2026-09-17",
                    "entries": []
                }
            }
        },
        {
            "type": "Feature",
            "geometry": {
                "type": "Point",
                "coordinates": [
                    11.99146749878716,
                    57.79177273956216
                ]
            },
            "properties": {
                "id": "61e0a37ccfc4d247ccaa5d48",
                "name": "Svenska kyrkans förskola Duvan",
                "businessId": 1170,
                "visitingAddress": "Lillekärr Södra 45",
                "description": "<p>Det här är en fristående förskola. Kontakta förskolan om du vill veta mer om deras verksamhet.</p>",
                "todaysOpeningHours": {
                    "date": "2026-09-17",
                    "entries": []
                }
            }
        },
        {
            "type": "Feature",
            "geometry": {
                "type": "Point",
                "coordinates": [
                    11.917789441920203,
                    57.801646174887736
                ]
            },
            "properties": {
                "id": "61e0a37ccfc4d247ccaa5d60",
                "name": "Svenska kyrkans förskola Fisken",
                "businessId": 2438,
                "visitingAddress": "Kullens Väg 8",
                "description": "<p>Det här är en fristående förskola. Kontakta förskolan om du vill veta mer om deras verksamhet.</p>",
                "todaysOpeningHours": {
                    "date": "2026-09-17",
                    "entries": []
                }
            }
        },
        {
            "type": "Feature",
            "geometry": {
                "type": "Point",
                "coordinates": [
                    11.978938174643119,
                    57.743151682177626
                ]
            },
            "properties": {
                "id": "61e0a37ccfc4d247ccaa5d78",
                "name": "Svenska kyrkans förskola Lammet",
                "businessId": 318,
                "visitingAddress": "Backa Kyrkogata 8",
                "description": "<p>Det här är en fristående förskola. Kontakta förskolan om du vill veta mer om deras verksamhet.</p>",
                "todaysOpeningHours": {
                    "date": "2026-09-17",
                    "entries": []
                }
            }
        },
        {
            "type": "Feature",
            "geometry": {
                "type": "Point",
                "coordinates": [
                    11.927018040379187,
                    57.75449324096824
                ]
            },
            "properties": {
                "id": "61e0a37ccfc4d247ccaa5d90",
                "name": "Svenska kyrkans förskola Tufvan",
                "businessId": 2434,
                "visitingAddress": "Tuve Torg 1A",
                "description": "<p>Det här är en fristående förskola. Kontakta förskolan om du vill veta mer om deras verksamhet.</p>",
                "todaysOpeningHours": {
                    "date": "2026-09-17",
                    "entries": []
                }
            }
        },
        {
            "type": "Feature",
            "geometry": {
                "type": "Point",
                "coordinates": [
                    12.005059124954386,
                    57.71181969987747
                ]
            },
            "properties": {
                "id": "61e0a37ecfc4d247ccaa5e9e",
                "name": "Svensksundsgatan 2 förskola",
                "businessId": 1700,
                "visitingAddress": "Svensksundsgatan 2",
                "images": [
                    {
                        "small": "https://s3.eu-north-1.amazonaws.com/gbg.serviceguiden/61e0a37ecfc4d247ccaa5e9e_635a97cd118251387c99a75f_small.jpg",
                        "small2x": "https://s3.eu-north-1.amazonaws.com/gbg.serviceguiden/61e0a37ecfc4d247ccaa5e9e_635a97cd118251387c99a75f_small_2x.jpg",
                        "medium": "https://s3.eu-north-1.amazonaws.com/gbg.serviceguiden/61e0a37ecfc4d247ccaa5e9e_635a97cd118251387c99a75f_medium.jpg",
                        "medium2x": "https://s3.eu-north-1.amazonaws.com/gbg.serviceguiden/61e0a37ecfc4d247ccaa5e9e_635a97cd118251387c99a75f_medium_2x.jpg",
                        "large": "https://s3.eu-north-1.amazonaws.com/gbg.serviceguiden/61e0a37ecfc4d247ccaa5e9e_635a97cd118251387c99a75f_large.jpg",
                        "large2x": "https://s3.eu-north-1.amazonaws.com/gbg.serviceguiden/61e0a37ecfc4d247ccaa5e9e_635a97cd118251387c99a75f_large_2x.jpg",
                        "altText": "Bilden föreställer en gul tegelbyggnad och en lekplats med en dinosaurie-ruschkana, en leksaksstuga och en sandlåda. ",
                        "description": "Foto: Peter Nilsson"
                    }
                ],
                "todaysOpeningHours": {
                    "date": "2026-09-17",
                    "entries": []
                }
            }
        },
        {
            "type": "Feature",
            "geometry": {
                "type": "Point",
                "coordinates": [
                    11.906005348392101,
                    57.67367898009968
                ]
            },
            "properties": {
                "id": "61e0a37ecfc4d247ccaa5ec8",
                "name": "Svetsaregatan 101 förskola",
                "businessId": 1650,
                "visitingAddress": "Svetsaregatan 101",
                "images": [
                    {
                        "small": "https://s3.eu-north-1.amazonaws.com/gbg.serviceguiden/61e0a37ecfc4d247ccaa5ec8_63763845593d8e1f1a71ead0_small.jpg",
                        "small2x": "https://s3.eu-north-1.amazonaws.com/gbg.serviceguiden/61e0a37ecfc4d247ccaa5ec8_63763845593d8e1f1a71ead0_small_2x.jpg",
                        "medium": "https://s3.eu-north-1.amazonaws.com/gbg.serviceguiden/61e0a37ecfc4d247ccaa5ec8_63763845593d8e1f1a71ead0_medium.jpg",
                        "medium2x": "https://s3.eu-north-1.amazonaws.com/gbg.serviceguiden/61e0a37ecfc4d247ccaa5ec8_63763845593d8e1f1a71ead0_medium_2x.jpg",
                        "large": "https://s3.eu-north-1.amazonaws.com/gbg.serviceguiden/61e0a37ecfc4d247ccaa5ec8_63763845593d8e1f1a71ead0_large.jpg",
                        "large2x": "https://s3.eu-north-1.amazonaws.com/gbg.serviceguiden/61e0a37ecfc4d247ccaa5ec8_63763845593d8e1f1a71ead0_large_2x.jpg",
                        "altText": "Bilden föreställer en grå byggnad. ",
                        "description": "Foto: Davide Panzino"
                    }
                ],
                "todaysOpeningHours": {
                    "date": "2026-09-17",
                    "entries": []
                }
            }
        },
        {
            "type": "Feature",
            "geometry": {
                "type": "Point",
                "coordinates": [
                    11.97528034923186,
                    57.683576726353735
                ]
            },
            "properties": {
                "id": "61e0a37fcfc4d247ccaa5f49",
                "name": "Syster Ainas Gata 2 förskola",
                "businessId": 5592,
                "visitingAddress": "Syster Ainas Gata 2",
                "images": [
                    {
                        "small": "https://s3.eu-north-1.amazonaws.com/gbg.serviceguiden/61e0a37fcfc4d247ccaa5f49_635a984c118251387c99af36_small.jpg",
                        "small2x": "https://s3.eu-north-1.amazonaws.com/gbg.serviceguiden/61e0a37fcfc4d247ccaa5f49_635a984c118251387c99af36_small_2x.jpg",
                        "medium": "https://s3.eu-north-1.amazonaws.com/gbg.serviceguiden/61e0a37fcfc4d247ccaa5f49_635a984c118251387c99af36_medium.jpg",
                        "medium2x": "https://s3.eu-north-1.amazonaws.com/gbg.serviceguiden/61e0a37fcfc4d247ccaa5f49_635a984c118251387c99af36_medium_2x.jpg",
                        "large": "https://s3.eu-north-1.amazonaws.com/gbg.serviceguiden/61e0a37fcfc4d247ccaa5f49_635a984c118251387c99af36_large.jpg",
                        "large2x": "https://s3.eu-north-1.amazonaws.com/gbg.serviceguiden/61e0a37fcfc4d247ccaa5f49_635a984c118251387c99af36_large_2x.jpg",
                        "altText": "Bilden föreställer en vit byggnad. Framför byggnaden finns en lekplats med en kompisgunga, ett träd och vita staket.",
                        "description": "Foto: Davide Panzino"
                    }
                ],
                "todaysOpeningHours": {
                    "date": "2026-09-17",
                    "entries": []
                }
            }
        },
        {
            "type": "Feature",
            "geometry": {
                "type": "Point",
                "coordinates": [
                    11.93281876557129,
                    57.68999004944102
                ]
            },
            "properties": {
                "id": "61e0a37fcfc4d247ccaa5f95",
                "name": "Såggatan 73 förskola",
                "businessId": 5377,
                "visitingAddress": "Såggatan 73",
                "images": [
                    {
                        "small": "https://s3.eu-north-1.amazonaws.com/gbg.serviceguiden/61e0a37fcfc4d247ccaa5f95_635a98c1118251387c99b653_small.jpg",
                        "small2x": "https://s3.eu-north-1.amazonaws.com/gbg.serviceguiden/61e0a37fcfc4d247ccaa5f95_635a98c1118251387c99b653_small_2x.jpg",
                        "medium": "https://s3.eu-north-1.amazonaws.com/gbg.serviceguiden/61e0a37fcfc4d247ccaa5f95_635a98c1118251387c99b653_medium.jpg",
                        "medium2x": "https://s3.eu-north-1.amazonaws.com/gbg.serviceguiden/61e0a37fcfc4d247ccaa5f95_635a98c1118251387c99b653_medium_2x.jpg",
                        "large": "https://s3.eu-north-1.amazonaws.com/gbg.serviceguiden/61e0a37fcfc4d247ccaa5f95_635a98c1118251387c99b653_large.jpg",
                        "large2x": "https://s3.eu-north-1.amazonaws.com/gbg.serviceguiden/61e0a37fcfc4d247ccaa5f95_635a98c1118251387c99b653_large_2x.jpg",
                        "altText": "Bilden föreställer en gul tegelbyggnad med en brun dörr. Framför byggnaden finns träd och ett förråd med texten \"leksaksförråd\". ",
                        "description": "Foto: Davide Panzino"
                    }
                ],
                "todaysOpeningHours": {
                    "date": "2026-09-17",
                    "entries": []
                }
            }
        },
        {
            "type": "Feature",
            "geometry": {
                "type": "Point",
                "coordinates": [
                    11.960467041911306,
                    57.6908961301952
                ]
            },
            "properties": {
                "id": "61e0a37fcfc4d247ccaa5fad",
                "name": "Sångglada barn",
                "businessId": 2628,
                "visitingAddress": "Carl Grimbergsgatan 52",
                "description": "<p>Det här är en fristående förskola. Kontakta förskolan om du vill veta mer om deras verksamhet.</p>",
                "todaysOpeningHours": {
                    "date": "2026-09-17",
                    "entries": []
                }
            }
        },
        {
            "type": "Feature",
            "geometry": {
                "type": "Point",
                "coordinates": [
                    11.936576636650303,
                    57.684592025068866
                ]
            },
            "properties": {
                "id": "61e0a37fcfc4d247ccaa5ff9",
                "name": "Säldammsbacken 11 förskola",
                "businessId": 5037,
                "visitingAddress": "Säldammsbacken 11",
                "images": [
                    {
                        "small": "https://s3.eu-north-1.amazonaws.com/gbg.serviceguiden/61e0a37fcfc4d247ccaa5ff9_635bce27118251387ca73eb3_small.jpg",
                        "small2x": "https://s3.eu-north-1.amazonaws.com/gbg.serviceguiden/61e0a37fcfc4d247ccaa5ff9_635bce27118251387ca73eb3_small_2x.jpg",
                        "medium": "https://s3.eu-north-1.amazonaws.com/gbg.serviceguiden/61e0a37fcfc4d247ccaa5ff9_635bce27118251387ca73eb3_medium.jpg",
                        "medium2x": "https://s3.eu-north-1.amazonaws.com/gbg.serviceguiden/61e0a37fcfc4d247ccaa5ff9_635bce27118251387ca73eb3_medium_2x.jpg",
                        "large": "https://s3.eu-north-1.amazonaws.com/gbg.serviceguiden/61e0a37fcfc4d247ccaa5ff9_635bce27118251387ca73eb3_large.jpg",
                        "large2x": "https://s3.eu-north-1.amazonaws.com/gbg.serviceguiden/61e0a37fcfc4d247ccaa5ff9_635bce27118251387ca73eb3_large_2x.jpg",
                        "altText": "Bilden föreställer en vit byggnad. Huset omringas av buskar och gröna träd. ",
                        "description": "Foto: Davide Panzino"
                    }
                ],
                "todaysOpeningHours": {
                    "date": "2026-09-17",
                    "entries": []
                }
            }
        },
        {
            "type": "Feature",
            "geometry": {
                "type": "Point",
                "coordinates": [
                    11.877215089595735,
                    57.65883132182153
                ]
            },
            "properties": {
                "id": "61e0a380cfc4d247ccaa6011",
                "name": "Sälen",
                "businessId": 1651,
                "visitingAddress": "Hönekullegatan 10",
                "description": "<p>Det här är en fristående förskola. Kontakta förskolan om du vill veta mer om deras verksamhet.</p>",
                "todaysOpeningHours": {
                    "date": "2026-09-17",
                    "entries": []
                }
            }
        },
        {
            "type": "Feature",
            "geometry": {
                "type": "Point",
                "coordinates": [
                    11.902786590460023,
                    57.71223108855629
                ]
            },
            "properties": {
                "id": "61e0a381cfc4d247ccaa61c2",
                "name": "Södra Sälöfjordsgatan 27 förskola",
                "businessId": 5498,
                "visitingAddress": "Södra Sälöfjordsgatan 27",
                "images": [
                    {
                        "small": "https://s3.eu-north-1.amazonaws.com/gbg.serviceguiden/61e0a381cfc4d247ccaa61c2_6a0c09cf7e2ebb3ff57f98b6_small.jpg",
                        "small2x": "https://s3.eu-north-1.amazonaws.com/gbg.serviceguiden/61e0a381cfc4d247ccaa61c2_6a0c09cf7e2ebb3ff57f98b6_small_2x.jpg",
                        "medium": "https://s3.eu-north-1.amazonaws.com/gbg.serviceguiden/61e0a381cfc4d247ccaa61c2_6a0c09cf7e2ebb3ff57f98b6_medium.jpg",
                        "medium2x": "https://s3.eu-north-1.amazonaws.com/gbg.serviceguiden/61e0a381cfc4d247ccaa61c2_6a0c09cf7e2ebb3ff57f98b6_medium_2x.jpg",
                        "large": "https://s3.eu-north-1.amazonaws.com/gbg.serviceguiden/61e0a381cfc4d247ccaa61c2_6a0c09cf7e2ebb3ff57f98b6_large.jpg",
                        "large2x": "https://s3.eu-north-1.amazonaws.com/gbg.serviceguiden/61e0a381cfc4d247ccaa61c2_6a0c09cf7e2ebb3ff57f98b6_large_2x.jpg",
                        "altText": "Vit byggnad i två plan",
                        "description": "Södra Sälöfjordsgatan 27. Foto: Davide Panzino"
                    }
                ],
                "todaysOpeningHours": {
                    "date": "2026-09-17",
                    "entries": []
                }
            }
        },
        {
            "type": "Feature",
            "geometry": {
                "type": "Point",
                "coordinates": [
                    11.943574502504042,
                    57.573468106305924
                ]
            },
            "properties": {
                "id": "61e0a381cfc4d247ccaa61e0",
                "name": "Södra Särövägen 80 förskola",
                "businessId": 38,
                "visitingAddress": "Södra Särövägen 80",
                "images": [
                    {
                        "small": "https://s3.eu-north-1.amazonaws.com/gbg.serviceguiden/61e0a381cfc4d247ccaa61e0_637638bd593d8e1f1a71f10a_small.jpg",
                        "small2x": "https://s3.eu-north-1.amazonaws.com/gbg.serviceguiden/61e0a381cfc4d247ccaa61e0_637638bd593d8e1f1a71f10a_small_2x.jpg",
                        "medium": "https://s3.eu-north-1.amazonaws.com/gbg.serviceguiden/61e0a381cfc4d247ccaa61e0_637638bd593d8e1f1a71f10a_medium.jpg",
                        "medium2x": "https://s3.eu-north-1.amazonaws.com/gbg.serviceguiden/61e0a381cfc4d247ccaa61e0_637638bd593d8e1f1a71f10a_medium_2x.jpg",
                        "large": "https://s3.eu-north-1.amazonaws.com/gbg.serviceguiden/61e0a381cfc4d247ccaa61e0_637638bd593d8e1f1a71f10a_large.jpg",
                        "large2x": "https://s3.eu-north-1.amazonaws.com/gbg.serviceguiden/61e0a381cfc4d247ccaa61e0_637638bd593d8e1f1a71f10a_large_2x.jpg",
                        "altText": "Bilden föreställer en grå byggnad. ",
                        "description": "Foto: Davide Panzino"
                    }
                ],
                "todaysOpeningHours": {
                    "date": "2026-09-17",
                    "entries": []
                }
            }
        },
        {
            "type": "Feature",
            "geometry": {
                "type": "Point",
                "coordinates": [
                    11.96752524962848,
                    57.69293233762727
                ]
            },
            "properties": {
                "id": "61e0a382cfc4d247ccaa6204",
                "name": "Södra Viktoriagatan 45 förskola",
                "businessId": 4840,
                "visitingAddress": "Södra Viktoriagatan 45",
                "images": [
                    {
                        "small": "https://s3.eu-north-1.amazonaws.com/gbg.serviceguiden/61e0a382cfc4d247ccaa6204_635bcecf118251387ca74599_small.jpg",
                        "small2x": "https://s3.eu-north-1.amazonaws.com/gbg.serviceguiden/61e0a382cfc4d247ccaa6204_635bcecf118251387ca74599_small_2x.jpg",
                        "medium": "https://s3.eu-north-1.amazonaws.com/gbg.serviceguiden/61e0a382cfc4d247ccaa6204_635bcecf118251387ca74599_medium.jpg",
                        "medium2x": "https://s3.eu-north-1.amazonaws.com/gbg.serviceguiden/61e0a382cfc4d247ccaa6204_635bcecf118251387ca74599_medium_2x.jpg",
                        "large": "https://s3.eu-north-1.amazonaws.com/gbg.serviceguiden/61e0a382cfc4d247ccaa6204_635bcecf118251387ca74599_large.jpg",
                        "large2x": "https://s3.eu-north-1.amazonaws.com/gbg.serviceguiden/61e0a382cfc4d247ccaa6204_635bcecf118251387ca74599_large_2x.jpg",
                        "altText": "Bilden föreställer en tegelbyggnad. Framför byggnaden skymtas en leksaksbåt, en leksaksstuga och utomhusbänkar. ",
                        "description": "Foto: Davide Panzino "
                    }
                ],
                "todaysOpeningHours": {
                    "date": "2026-09-17",
                    "entries": []
                }
            }
        },
        {
            "type": "Feature",
            "geometry": {
                "type": "Point",
                "coordinates": [
                    11.938209929933283,
                    57.73083858535642
                ]
            },
            "properties": {
                "id": "61e0a383cfc4d247ccaa6301",
                "name": "Taklöksvägen 1 förskola",
                "businessId": 1250,
                "visitingAddress": "Taklöksvägen 1",
                "images": [
                    {
                        "small": "https://s3.eu-north-1.amazonaws.com/gbg.serviceguiden/61e0a383cfc4d247ccaa6301_63650a5c118251387c36f6a5_small.jpg",
                        "small2x": "https://s3.eu-north-1.amazonaws.com/gbg.serviceguiden/61e0a383cfc4d247ccaa6301_63650a5c118251387c36f6a5_small_2x.jpg",
                        "medium": "https://s3.eu-north-1.amazonaws.com/gbg.serviceguiden/61e0a383cfc4d247ccaa6301_63650a5c118251387c36f6a5_medium.jpg",
                        "medium2x": "https://s3.eu-north-1.amazonaws.com/gbg.serviceguiden/61e0a383cfc4d247ccaa6301_63650a5c118251387c36f6a5_medium_2x.jpg",
                        "large": "https://s3.eu-north-1.amazonaws.com/gbg.serviceguiden/61e0a383cfc4d247ccaa6301_63650a5c118251387c36f6a5_large.jpg",
                        "large2x": "https://s3.eu-north-1.amazonaws.com/gbg.serviceguiden/61e0a383cfc4d247ccaa6301_63650a5c118251387c36f6a5_large_2x.jpg",
                        "altText": "Bilden föreställer en gul byggnad. Framför byggnaden finn en gård med träd, gungor, en ruschkana och en gunghäst. ",
                        "description": "Foto: Davide Panzino"
                    }
                ],
                "todaysOpeningHours": {
                    "date": "2026-09-17",
                    "entries": []
                }
            }
        },
        {
            "type": "Feature",
            "geometry": {
                "type": "Point",
                "coordinates": [
                    11.852551221971616,
                    57.66880277722723
                ]
            },
            "properties": {
                "id": "61e0a383cfc4d247ccaa6319",
                "name": "Talattan",
                "businessId": 1652,
                "visitingAddress": "Talattagatan 1A",
                "description": "<p>Det här är en fristående förskola. Kontakta förskolan om du vill veta mer om deras verksamhet.</p>",
                "todaysOpeningHours": {
                    "date": "2026-09-17",
                    "entries": []
                }
            }
        },
        {
            "type": "Feature",
            "geometry": {
                "type": "Point",
                "coordinates": [
                    11.861475320868356,
                    57.666551396401395
                ]
            },
            "properties": {
                "id": "61e0a383cfc4d247ccaa6390",
                "name": "Tandkullegatan 7 förskola",
                "businessId": 1653,
                "visitingAddress": "Tandkullegatan 7",
                "todaysOpeningHours": {
                    "date": "2026-09-17",
                    "entries": []
                }
            }
        },
        {
            "type": "Feature",
            "geometry": {
                "type": "Point",
                "coordinates": [
                    12.06016550222378,
                    57.76144214213039
                ]
            },
            "properties": {
                "id": "61e0a384cfc4d247ccaa6493",
                "name": "Teleskopgatan 3 förskola",
                "businessId": 115,
                "visitingAddress": "Teleskopgatan 3",
                "images": [
                    {
                        "small": "https://s3.eu-north-1.amazonaws.com/gbg.serviceguiden/61e0a384cfc4d247ccaa6493_63725b383b1f9e7372f2aa5a_small.jpg",
                        "small2x": "https://s3.eu-north-1.amazonaws.com/gbg.serviceguiden/61e0a384cfc4d247ccaa6493_63725b383b1f9e7372f2aa5a_small_2x.jpg",
                        "medium": "https://s3.eu-north-1.amazonaws.com/gbg.serviceguiden/61e0a384cfc4d247ccaa6493_63725b383b1f9e7372f2aa5a_medium.jpg",
                        "medium2x": "https://s3.eu-north-1.amazonaws.com/gbg.serviceguiden/61e0a384cfc4d247ccaa6493_63725b383b1f9e7372f2aa5a_medium_2x.jpg",
                        "large": "https://s3.eu-north-1.amazonaws.com/gbg.serviceguiden/61e0a384cfc4d247ccaa6493_63725b383b1f9e7372f2aa5a_large.jpg",
                        "large2x": "https://s3.eu-north-1.amazonaws.com/gbg.serviceguiden/61e0a384cfc4d247ccaa6493_63725b383b1f9e7372f2aa5a_large_2x.jpg",
                        "altText": "Bilden föreställer en gul byggnad och en förskolegård med en sandlåda och en klätterställning. ",
                        "description": "Foto: Davide Panzino"
                    }
                ],
                "todaysOpeningHours": {
                    "date": "2026-09-17",
                    "entries": []
                }
            }
        },
        {
            "type": "Feature",
            "geometry": {
                "type": "Point",
                "coordinates": [
                    11.92430511944589,
                    57.69494713568192
                ]
            },
            "properties": {
                "id": "61e0a385cfc4d247ccaa64e4",
                "name": "Tellgrensgatan 7 förskola",
                "businessId": 1342,
                "visitingAddress": "Tellgrensgatan 7",
                "images": [
                    {
                        "small": "https://s3.eu-north-1.amazonaws.com/gbg.serviceguiden/61e0a385cfc4d247ccaa64e4_635bcf44118251387ca74b2e_small.jpg",
                        "small2x": "https://s3.eu-north-1.amazonaws.com/gbg.serviceguiden/61e0a385cfc4d247ccaa64e4_635bcf44118251387ca74b2e_small_2x.jpg",
                        "medium": "https://s3.eu-north-1.amazonaws.com/gbg.serviceguiden/61e0a385cfc4d247ccaa64e4_635bcf44118251387ca74b2e_medium.jpg",
                        "medium2x": "https://s3.eu-north-1.amazonaws.com/gbg.serviceguiden/61e0a385cfc4d247ccaa64e4_635bcf44118251387ca74b2e_medium_2x.jpg",
                        "large": "https://s3.eu-north-1.amazonaws.com/gbg.serviceguiden/61e0a385cfc4d247ccaa64e4_635bcf44118251387ca74b2e_large.jpg",
                        "large2x": "https://s3.eu-north-1.amazonaws.com/gbg.serviceguiden/61e0a385cfc4d247ccaa64e4_635bcf44118251387ca74b2e_large_2x.jpg",
                        "altText": "Bilden föreställer en vit byggnad. Framför byggnaden leder en trappa upp till en klätterställning med ruschkana. ",
                        "description": "Foto: Davide Panzino"
                    }
                ],
                "todaysOpeningHours": {
                    "date": "2026-09-17",
                    "entries": []
                }
            }
        },
        {
            "type": "Feature",
            "geometry": {
                "type": "Point",
                "coordinates": [
                    12.072174480903634,
                    57.7575554578906
                ]
            },
            "properties": {
                "id": "61e0a385cfc4d247ccaa6506",
                "name": "Tellusgatan 4 förskola",
                "businessId": 116,
                "visitingAddress": "Tellusgatan 4",
                "images": [
                    {
                        "small": "https://s3.eu-north-1.amazonaws.com/gbg.serviceguiden/61e0a385cfc4d247ccaa6506_69afd6f42ce8334006510e1e_small.jpg",
                        "small2x": "https://s3.eu-north-1.amazonaws.com/gbg.serviceguiden/61e0a385cfc4d247ccaa6506_69afd6f42ce8334006510e1e_small_2x.jpg",
                        "medium": "https://s3.eu-north-1.amazonaws.com/gbg.serviceguiden/61e0a385cfc4d247ccaa6506_69afd6f42ce8334006510e1e_medium.jpg",
                        "medium2x": "https://s3.eu-north-1.amazonaws.com/gbg.serviceguiden/61e0a385cfc4d247ccaa6506_69afd6f42ce8334006510e1e_medium_2x.jpg",
                        "large": "https://s3.eu-north-1.amazonaws.com/gbg.serviceguiden/61e0a385cfc4d247ccaa6506_69afd6f42ce8334006510e1e_large.jpg",
                        "large2x": "https://s3.eu-north-1.amazonaws.com/gbg.serviceguiden/61e0a385cfc4d247ccaa6506_69afd6f42ce8334006510e1e_large_2x.jpg",
                        "altText": "Förskolan Tellusgatans ljusa byggnad i två våningar med gården i förgrunden",
                        "description": "Foto: Pernilla Martinsson"
                    }
                ],
                "todaysOpeningHours": {
                    "date": "2026-09-17",
                    "entries": []
                }
            }
        },
        {
            "type": "Feature",
            "geometry": {
                "type": "Point",
                "coordinates": [
                    11.890326263655256,
                    57.73277765961531
                ]
            },
            "properties": {
                "id": "61e0a385cfc4d247ccaa6562",
                "name": "Temperaturgatan 7 förskola",
                "businessId": 177,
                "visitingAddress": "Temperaturgatan 7",
                "images": [
                    {
                        "small": "https://s3.eu-north-1.amazonaws.com/gbg.serviceguiden/61e0a385cfc4d247ccaa6562_63650a96118251387c36fd1d_small.jpg",
                        "small2x": "https://s3.eu-north-1.amazonaws.com/gbg.serviceguiden/61e0a385cfc4d247ccaa6562_63650a96118251387c36fd1d_small_2x.jpg",
                        "medium": "https://s3.eu-north-1.amazonaws.com/gbg.serviceguiden/61e0a385cfc4d247ccaa6562_63650a96118251387c36fd1d_medium.jpg",
                        "medium2x": "https://s3.eu-north-1.amazonaws.com/gbg.serviceguiden/61e0a385cfc4d247ccaa6562_63650a96118251387c36fd1d_medium_2x.jpg",
                        "large": "https://s3.eu-north-1.amazonaws.com/gbg.serviceguiden/61e0a385cfc4d247ccaa6562_63650a96118251387c36fd1d_large.jpg",
                        "large2x": "https://s3.eu-north-1.amazonaws.com/gbg.serviceguiden/61e0a385cfc4d247ccaa6562_63650a96118251387c36fd1d_large_2x.jpg",
                        "altText": "Bilden föreställer en tegelbyggnad. ",
                        "description": "Foto: Davide Panzino"
                    }
                ],
                "todaysOpeningHours": {
                    "date": "2026-09-17",
                    "entries": []
                }
            }
        },
        {
            "type": "Feature",
            "geometry": {
                "type": "Point",
                "coordinates": [
                    11.887899968296814,
                    57.73306585119412
                ]
            },
            "properties": {
                "id": "61e0a385cfc4d247ccaa658a",
                "name": "Temperaturgatan 70 förskola",
                "businessId": 178,
                "visitingAddress": "Temperaturgatan 70",
                "images": [
                    {
                        "small": "https://s3.eu-north-1.amazonaws.com/gbg.serviceguiden/61e0a385cfc4d247ccaa658a_6365170f118251387c37f72c_small.jpg",
                        "small2x": "https://s3.eu-north-1.amazonaws.com/gbg.serviceguiden/61e0a385cfc4d247ccaa658a_6365170f118251387c37f72c_small_2x.jpg",
                        "medium": "https://s3.eu-north-1.amazonaws.com/gbg.serviceguiden/61e0a385cfc4d247ccaa658a_6365170f118251387c37f72c_medium.jpg",
                        "medium2x": "https://s3.eu-north-1.amazonaws.com/gbg.serviceguiden/61e0a385cfc4d247ccaa658a_6365170f118251387c37f72c_medium_2x.jpg",
                        "large": "https://s3.eu-north-1.amazonaws.com/gbg.serviceguiden/61e0a385cfc4d247ccaa658a_6365170f118251387c37f72c_large.jpg",
                        "large2x": "https://s3.eu-north-1.amazonaws.com/gbg.serviceguiden/61e0a385cfc4d247ccaa658a_6365170f118251387c37f72c_large_2x.jpg",
                        "altText": "Bilden föreställer en grön byggnad med vita fönsterkarmar. Framför byggnaden finns en gräsmatta med en balansbana i trä.  ",
                        "description": "Foto: Davide Panzino"
                    }
                ],
                "todaysOpeningHours": {
                    "date": "2026-09-17",
                    "entries": []
                }
            }
        },
        {
            "type": "Feature",
            "geometry": {
                "type": "Point",
                "coordinates": [
                    11.88862986834553,
                    57.735727483687
                ]
            },
            "properties": {
                "id": "61e0a385cfc4d247ccaa65b2",
                "name": "Temperaturgatan 93 förskola",
                "businessId": 179,
                "visitingAddress": "Temperaturgatan 93",
                "images": [
                    {
                        "small": "https://s3.eu-north-1.amazonaws.com/gbg.serviceguiden/61e0a385cfc4d247ccaa65b2_63651742118251387c37fb1f_small.jpg",
                        "small2x": "https://s3.eu-north-1.amazonaws.com/gbg.serviceguiden/61e0a385cfc4d247ccaa65b2_63651742118251387c37fb1f_small_2x.jpg",
                        "medium": "https://s3.eu-north-1.amazonaws.com/gbg.serviceguiden/61e0a385cfc4d247ccaa65b2_63651742118251387c37fb1f_medium.jpg",
                        "medium2x": "https://s3.eu-north-1.amazonaws.com/gbg.serviceguiden/61e0a385cfc4d247ccaa65b2_63651742118251387c37fb1f_medium_2x.jpg",
                        "large": "https://s3.eu-north-1.amazonaws.com/gbg.serviceguiden/61e0a385cfc4d247ccaa65b2_63651742118251387c37fb1f_large.jpg",
                        "large2x": "https://s3.eu-north-1.amazonaws.com/gbg.serviceguiden/61e0a385cfc4d247ccaa65b2_63651742118251387c37fb1f_large_2x.jpg",
                        "altText": "Bilden föreställer en röd byggnad, en gräsmatta och en klätterställning med en ruschkana. ",
                        "description": "Foto: Davide Panzino"
                    }
                ],
                "todaysOpeningHours": {
                    "date": "2026-09-17",
                    "entries": []
                }
            }
        },
        {
            "type": "Feature",
            "geometry": {
                "type": "Point",
                "coordinates": [
                    11.952837907571688,
                    57.761889151540004
                ]
            },
            "properties": {
                "id": "61e0a386cfc4d247ccaa6616",
                "name": "Terapislingan 4 förskola",
                "businessId": 6414,
                "visitingAddress": "Terapislingan 4",
                "images": [
                    {
                        "small": "https://s3.eu-north-1.amazonaws.com/gbg.serviceguiden/61e0a386cfc4d247ccaa6616_636517a4118251387c380399_small.jpg",
                        "small2x": "https://s3.eu-north-1.amazonaws.com/gbg.serviceguiden/61e0a386cfc4d247ccaa6616_636517a4118251387c380399_small_2x.jpg",
                        "medium": "https://s3.eu-north-1.amazonaws.com/gbg.serviceguiden/61e0a386cfc4d247ccaa6616_636517a4118251387c380399_medium.jpg",
                        "medium2x": "https://s3.eu-north-1.amazonaws.com/gbg.serviceguiden/61e0a386cfc4d247ccaa6616_636517a4118251387c380399_medium_2x.jpg",
                        "large": "https://s3.eu-north-1.amazonaws.com/gbg.serviceguiden/61e0a386cfc4d247ccaa6616_636517a4118251387c380399_large.jpg",
                        "large2x": "https://s3.eu-north-1.amazonaws.com/gbg.serviceguiden/61e0a386cfc4d247ccaa6616_636517a4118251387c380399_large_2x.jpg",
                        "altText": "Bilden föreställer en grön byggnad men en gård utanför. På gården finns sandlådor, ett gult parasoll och gröna klossar.",
                        "description": "Foto: Davide Panzino"
                    }
                ],
                "todaysOpeningHours": {
                    "date": "2026-09-17",
                    "entries": []
                }
            }
        },
        {
            "type": "Feature",
            "geometry": {
                "type": "Point",
                "coordinates": [
                    11.957828297196466,
                    57.69767659336023
                ]
            },
            "properties": {
                "id": "61e0a386cfc4d247ccaa6646",
                "name": "Theresias Katolska Montessoriförskola",
                "businessId": 2646,
                "visitingAddress": "Skolgatan 23",
                "description": "<p>Det här är en fristående förskola. Kontakta förskolan om du vill veta mer om deras verksamhet.</p>",
                "todaysOpeningHours": {
                    "date": "2026-09-17",
                    "entries": []
                }
            }
        },
        {
            "type": "Feature",
            "geometry": {
                "type": "Point",
                "coordinates": [
                    12.026925549386334,
                    57.75275410762597
                ]
            },
            "properties": {
                "id": "61e0a386cfc4d247ccaa6680",
                "name": "Tideräkningsgatan 4C förskola",
                "businessId": 720,
                "visitingAddress": "Tideräkningsgatan 4C",
                "images": [
                    {
                        "small": "https://s3.eu-north-1.amazonaws.com/gbg.serviceguiden/61e0a386cfc4d247ccaa6680_63725c3d3b1f9e7372f2c009_small.jpg",
                        "small2x": "https://s3.eu-north-1.amazonaws.com/gbg.serviceguiden/61e0a386cfc4d247ccaa6680_63725c3d3b1f9e7372f2c009_small_2x.jpg",
                        "medium": "https://s3.eu-north-1.amazonaws.com/gbg.serviceguiden/61e0a386cfc4d247ccaa6680_63725c3d3b1f9e7372f2c009_medium.jpg",
                        "medium2x": "https://s3.eu-north-1.amazonaws.com/gbg.serviceguiden/61e0a386cfc4d247ccaa6680_63725c3d3b1f9e7372f2c009_medium_2x.jpg",
                        "large": "https://s3.eu-north-1.amazonaws.com/gbg.serviceguiden/61e0a386cfc4d247ccaa6680_63725c3d3b1f9e7372f2c009_large.jpg",
                        "large2x": "https://s3.eu-north-1.amazonaws.com/gbg.serviceguiden/61e0a386cfc4d247ccaa6680_63725c3d3b1f9e7372f2c009_large_2x.jpg",
                        "altText": "Bilden föreställer en röd byggnad och en förskolegård. På gården finns träd, leksaksstugor och en sandlåda.",
                        "description": "Foto: Davide Panzino"
                    }
                ],
                "todaysOpeningHours": {
                    "date": "2026-09-17",
                    "entries": []
                }
            }
        },
        {
            "type": "Feature",
            "geometry": {
                "type": "Point",
                "coordinates": [
                    12.02623326644199,
                    57.80721049740082
                ]
            },
            "properties": {
                "id": "61e0a387cfc4d247ccaa66e1",
                "name": "Timjansgatan 52 förskola",
                "businessId": 537,
                "visitingAddress": "Timjansgatan 52",
                "todaysOpeningHours": {
                    "date": "2026-09-17",
                    "entries": []
                }
            }
        },
        {
            "type": "Feature",
            "geometry": {
                "type": "Point",
                "coordinates": [
                    11.956246898917495,
                    57.69445704337673
                ]
            },
            "properties": {
                "id": "61e0a387cfc4d247ccaa6711",
                "name": "Tippen",
                "businessId": 2624,
                "visitingAddress": "Risåsgatan 5",
                "description": "<p>Det här är en fristående förskola. Kontakta förskolan om du vill veta mer om deras verksamhet.</p>",
                "todaysOpeningHours": {
                    "date": "2026-09-17",
                    "entries": []
                }
            }
        },
        {
            "type": "Feature",
            "geometry": {
                "type": "Point",
                "coordinates": [
                    12.058180196425122,
                    57.79952384120402
                ]
            },
            "properties": {
                "id": "61e0a387cfc4d247ccaa6748",
                "name": "Titteridammstigen 2 förskola",
                "businessId": 538,
                "visitingAddress": "Titteridammstigen 2",
                "images": [
                    {
                        "small": "https://s3.eu-north-1.amazonaws.com/gbg.serviceguiden/61e0a387cfc4d247ccaa6748_63725c943b1f9e7372f2cac2_small.jpg",
                        "small2x": "https://s3.eu-north-1.amazonaws.com/gbg.serviceguiden/61e0a387cfc4d247ccaa6748_63725c943b1f9e7372f2cac2_small_2x.jpg",
                        "medium": "https://s3.eu-north-1.amazonaws.com/gbg.serviceguiden/61e0a387cfc4d247ccaa6748_63725c943b1f9e7372f2cac2_medium.jpg",
                        "medium2x": "https://s3.eu-north-1.amazonaws.com/gbg.serviceguiden/61e0a387cfc4d247ccaa6748_63725c943b1f9e7372f2cac2_medium_2x.jpg",
                        "large": "https://s3.eu-north-1.amazonaws.com/gbg.serviceguiden/61e0a387cfc4d247ccaa6748_63725c943b1f9e7372f2cac2_large.jpg",
                        "large2x": "https://s3.eu-north-1.amazonaws.com/gbg.serviceguiden/61e0a387cfc4d247ccaa6748_63725c943b1f9e7372f2cac2_large_2x.jpg",
                        "altText": "Bilden föreställer två gula byggnader och en förskolegård. På gården finns en leksaksstuga och en leksaksbåt. ",
                        "description": "Foto: Davide Panzino"
                    }
                ],
                "todaysOpeningHours": {
                    "date": "2026-09-17",
                    "entries": []
                }
            }
        },
        {
            "type": "Feature",
            "geometry": {
                "type": "Point",
                "coordinates": [
                    11.914367646627031,
                    57.646913752140804
                ]
            },
            "properties": {
                "id": "61e0a388cfc4d247ccaa6861",
                "name": "Topasgatan 1 C förskola",
                "businessId": 1551,
                "visitingAddress": "Topasgatan 1C",
                "images": [
                    {
                        "small": "https://s3.eu-north-1.amazonaws.com/gbg.serviceguiden/61e0a388cfc4d247ccaa6861_63763981593d8e1f1a71f8a4_small.jpg",
                        "small2x": "https://s3.eu-north-1.amazonaws.com/gbg.serviceguiden/61e0a388cfc4d247ccaa6861_63763981593d8e1f1a71f8a4_small_2x.jpg",
                        "medium": "https://s3.eu-north-1.amazonaws.com/gbg.serviceguiden/61e0a388cfc4d247ccaa6861_63763981593d8e1f1a71f8a4_medium.jpg",
                        "medium2x": "https://s3.eu-north-1.amazonaws.com/gbg.serviceguiden/61e0a388cfc4d247ccaa6861_63763981593d8e1f1a71f8a4_medium_2x.jpg",
                        "large": "https://s3.eu-north-1.amazonaws.com/gbg.serviceguiden/61e0a388cfc4d247ccaa6861_63763981593d8e1f1a71f8a4_large.jpg",
                        "large2x": "https://s3.eu-north-1.amazonaws.com/gbg.serviceguiden/61e0a388cfc4d247ccaa6861_63763981593d8e1f1a71f8a4_large_2x.jpg",
                        "altText": "Bilden föreställer en röd byggnad och en förskolegård. ",
                        "description": "Foto: Davide Panzino"
                    }
                ],
                "todaysOpeningHours": {
                    "date": "2026-09-17",
                    "entries": []
                }
            }
        },
        {
            "type": "Feature",
            "geometry": {
                "type": "Point",
                "coordinates": [
                    11.916859733120594,
                    57.725036573595176
                ]
            },
            "properties": {
                "id": "61e0a389cfc4d247ccaa68a5",
                "name": "Toredalsgatan 41 förskola",
                "businessId": 4829,
                "visitingAddress": "Toredalsgatan 41",
                "images": [
                    {
                        "small": "https://s3.eu-north-1.amazonaws.com/gbg.serviceguiden/61e0a389cfc4d247ccaa68a5_63651808118251387c380c33_small.jpg",
                        "small2x": "https://s3.eu-north-1.amazonaws.com/gbg.serviceguiden/61e0a389cfc4d247ccaa68a5_63651808118251387c380c33_small_2x.jpg",
                        "medium": "https://s3.eu-north-1.amazonaws.com/gbg.serviceguiden/61e0a389cfc4d247ccaa68a5_63651808118251387c380c33_medium.jpg",
                        "medium2x": "https://s3.eu-north-1.amazonaws.com/gbg.serviceguiden/61e0a389cfc4d247ccaa68a5_63651808118251387c380c33_medium_2x.jpg",
                        "large": "https://s3.eu-north-1.amazonaws.com/gbg.serviceguiden/61e0a389cfc4d247ccaa68a5_63651808118251387c380c33_large.jpg",
                        "large2x": "https://s3.eu-north-1.amazonaws.com/gbg.serviceguiden/61e0a389cfc4d247ccaa68a5_63651808118251387c380c33_large_2x.jpg",
                        "altText": "Bilden föreställer en barack och en gård med träd och en leksaksbåt. ",
                        "description": "Foto: Davide Panzino"
                    }
                ],
                "todaysOpeningHours": {
                    "date": "2026-09-17",
                    "entries": []
                }
            }
        },
        {
            "type": "Feature",
            "geometry": {
                "type": "Point",
                "coordinates": [
                    11.91790705372385,
                    57.72802244472081
                ]
            },
            "properties": {
                "id": "61e0a2c8cfc4d247cca9c5f0",
                "name": "Toredalsgatan 76 förskola",
                "businessId": 1236,
                "visitingAddress": "Toredalsgatan 76",
                "images": [
                    {
                        "small": "https://s3.eu-north-1.amazonaws.com/gbg.serviceguiden/61e0a2c8cfc4d247cca9c5f0_6602b63dedbcd425900dc766_small.jpg",
                        "small2x": "https://s3.eu-north-1.amazonaws.com/gbg.serviceguiden/61e0a2c8cfc4d247cca9c5f0_6602b63dedbcd425900dc766_small_2x.jpg",
                        "medium": "https://s3.eu-north-1.amazonaws.com/gbg.serviceguiden/61e0a2c8cfc4d247cca9c5f0_6602b63dedbcd425900dc766_medium.jpg",
                        "medium2x": "https://s3.eu-north-1.amazonaws.com/gbg.serviceguiden/61e0a2c8cfc4d247cca9c5f0_6602b63dedbcd425900dc766_medium_2x.jpg",
                        "large": "https://s3.eu-north-1.amazonaws.com/gbg.serviceguiden/61e0a2c8cfc4d247cca9c5f0_6602b63dedbcd425900dc766_large.jpg",
                        "large2x": "https://s3.eu-north-1.amazonaws.com/gbg.serviceguiden/61e0a2c8cfc4d247cca9c5f0_6602b63dedbcd425900dc766_large_2x.jpg",
                        "altText": "En bild på förskolan. Fasaden är gråblå och i förgrunden syns förskolans lekplats.",
                        "description": "Foto: Petter Trens"
                    }
                ],
                "todaysOpeningHours": {
                    "date": "2026-09-17",
                    "entries": []
                }
            }
        },
        {
            "type": "Feature",
            "geometry": {
                "type": "Point",
                "coordinates": [
                    12.035436600653405,
                    57.718205450725996
                ]
            },
            "properties": {
                "id": "61e0a389cfc4d247ccaa6946",
                "name": "Torpagatan 20 A förskola",
                "businessId": 2924,
                "visitingAddress": "Torpagatan 20A",
                "images": [
                    {
                        "small": "https://s3.eu-north-1.amazonaws.com/gbg.serviceguiden/61e0a389cfc4d247ccaa6946_635bcffd118251387ca751e2_small.jpg",
                        "small2x": "https://s3.eu-north-1.amazonaws.com/gbg.serviceguiden/61e0a389cfc4d247ccaa6946_635bcffd118251387ca751e2_small_2x.jpg",
                        "medium": "https://s3.eu-north-1.amazonaws.com/gbg.serviceguiden/61e0a389cfc4d247ccaa6946_635bcffd118251387ca751e2_medium.jpg",
                        "medium2x": "https://s3.eu-north-1.amazonaws.com/gbg.serviceguiden/61e0a389cfc4d247ccaa6946_635bcffd118251387ca751e2_medium_2x.jpg",
                        "large": "https://s3.eu-north-1.amazonaws.com/gbg.serviceguiden/61e0a389cfc4d247ccaa6946_635bcffd118251387ca751e2_large.jpg",
                        "large2x": "https://s3.eu-north-1.amazonaws.com/gbg.serviceguiden/61e0a389cfc4d247ccaa6946_635bcffd118251387ca751e2_large_2x.jpg",
                        "altText": "Bilden föreställer en blå byggnad. Framför huset finns en sluttande gräsmatta med en ruschkana och en klätterställning. ",
                        "description": "Foto: Davide Panzino"
                    }
                ],
                "todaysOpeningHours": {
                    "date": "2026-09-17",
                    "entries": []
                }
            }
        },
        {
            "type": "Feature",
            "geometry": {
                "type": "Point",
                "coordinates": [
                    12.036756815180631,
                    57.71857849316331
                ]
            },
            "properties": {
                "id": "61e0a38acfc4d247ccaa6968",
                "name": "Torpagatan 32 förskola",
                "businessId": 609,
                "visitingAddress": "Torpagatan 32",
                "images": [
                    {
                        "small": "https://s3.eu-north-1.amazonaws.com/gbg.serviceguiden/61e0a38acfc4d247ccaa6968_635bd05c118251387ca7561e_small.jpg",
                        "small2x": "https://s3.eu-north-1.amazonaws.com/gbg.serviceguiden/61e0a38acfc4d247ccaa6968_635bd05c118251387ca7561e_small_2x.jpg",
                        "medium": "https://s3.eu-north-1.amazonaws.com/gbg.serviceguiden/61e0a38acfc4d247ccaa6968_635bd05c118251387ca7561e_medium.jpg",
                        "medium2x": "https://s3.eu-north-1.amazonaws.com/gbg.serviceguiden/61e0a38acfc4d247ccaa6968_635bd05c118251387ca7561e_medium_2x.jpg",
                        "large": "https://s3.eu-north-1.amazonaws.com/gbg.serviceguiden/61e0a38acfc4d247ccaa6968_635bd05c118251387ca7561e_large.jpg",
                        "large2x": "https://s3.eu-north-1.amazonaws.com/gbg.serviceguiden/61e0a38acfc4d247ccaa6968_635bd05c118251387ca7561e_large_2x.jpg",
                        "altText": "Bilden föreställer ett gult hus. Framför huset finns en lekplats med leksaksstugor, en tunnel, en ruschkana och gunghäst. ",
                        "description": "Foto: Davide Panzino"
                    }
                ],
                "todaysOpeningHours": {
                    "date": "2026-09-17",
                    "entries": []
                }
            }
        },
        {
            "type": "Feature",
            "geometry": {
                "type": "Point",
                "coordinates": [
                    12.038193452539048,
                    57.71821374039614
                ]
            },
            "properties": {
                "id": "61e0a38acfc4d247ccaa698a",
                "name": "Torpagatan 38 förskola",
                "businessId": 587,
                "visitingAddress": "Torpagatan 38",
                "images": [
                    {
                        "small": "https://s3.eu-north-1.amazonaws.com/gbg.serviceguiden/61e0a38acfc4d247ccaa698a_635bd0ea118251387ca75c43_small.jpg",
                        "small2x": "https://s3.eu-north-1.amazonaws.com/gbg.serviceguiden/61e0a38acfc4d247ccaa698a_635bd0ea118251387ca75c43_small_2x.jpg",
                        "medium": "https://s3.eu-north-1.amazonaws.com/gbg.serviceguiden/61e0a38acfc4d247ccaa698a_635bd0ea118251387ca75c43_medium.jpg",
                        "medium2x": "https://s3.eu-north-1.amazonaws.com/gbg.serviceguiden/61e0a38acfc4d247ccaa698a_635bd0ea118251387ca75c43_medium_2x.jpg",
                        "large": "https://s3.eu-north-1.amazonaws.com/gbg.serviceguiden/61e0a38acfc4d247ccaa698a_635bd0ea118251387ca75c43_large.jpg",
                        "large2x": "https://s3.eu-north-1.amazonaws.com/gbg.serviceguiden/61e0a38acfc4d247ccaa698a_635bd0ea118251387ca75c43_large_2x.jpg",
                        "altText": "Bilden föreställer en vitbyggnad. Framför byggnaden finns en lekplats med en klätterställning med ruschkana, tre gunghästar och en leksaksstuga. ",
                        "description": "Foto: Davide Panzino"
                    }
                ],
                "todaysOpeningHours": {
                    "date": "2026-09-17",
                    "entries": []
                }
            }
        },
        {
            "type": "Feature",
            "geometry": {
                "type": "Point",
                "coordinates": [
                    12.04625273062455,
                    57.72043354275016
                ]
            },
            "properties": {
                "id": "61e0a38acfc4d247ccaa69ad",
                "name": "Torpagatan 50 förskola",
                "businessId": 610,
                "visitingAddress": "Torpagatan 50",
                "images": [
                    {
                        "small": "https://s3.eu-north-1.amazonaws.com/gbg.serviceguiden/61e0a38acfc4d247ccaa69ad_635bd13b118251387ca75faf_small.jpg",
                        "small2x": "https://s3.eu-north-1.amazonaws.com/gbg.serviceguiden/61e0a38acfc4d247ccaa69ad_635bd13b118251387ca75faf_small_2x.jpg",
                        "medium": "https://s3.eu-north-1.amazonaws.com/gbg.serviceguiden/61e0a38acfc4d247ccaa69ad_635bd13b118251387ca75faf_medium.jpg",
                        "medium2x": "https://s3.eu-north-1.amazonaws.com/gbg.serviceguiden/61e0a38acfc4d247ccaa69ad_635bd13b118251387ca75faf_medium_2x.jpg",
                        "large": "https://s3.eu-north-1.amazonaws.com/gbg.serviceguiden/61e0a38acfc4d247ccaa69ad_635bd13b118251387ca75faf_large.jpg",
                        "large2x": "https://s3.eu-north-1.amazonaws.com/gbg.serviceguiden/61e0a38acfc4d247ccaa69ad_635bd13b118251387ca75faf_large_2x.jpg",
                        "altText": "Bilen föreställer en röd byggnad. Framför byggnaden finns en park med träd och en klätterbana i trä.",
                        "description": "Foto: Davide Panzino"
                    }
                ],
                "todaysOpeningHours": {
                    "date": "2026-09-17",
                    "entries": []
                }
            }
        },
        {
            "type": "Feature",
            "geometry": {
                "type": "Point",
                "coordinates": [
                    11.72625567475905,
                    57.713887911123614
                ]
            },
            "properties": {
                "id": "61e0a38bcfc4d247ccaa6aca",
                "name": "Torslanda Hästeviks Väg 10 förskola",
                "businessId": 1462,
                "visitingAddress": "Torslanda Hästeviks Väg 10B",
                "images": [
                    {
                        "small": "https://s3.eu-north-1.amazonaws.com/gbg.serviceguiden/61e0a38bcfc4d247ccaa6aca_636518ae118251387c3818ab_small.jpg",
                        "small2x": "https://s3.eu-north-1.amazonaws.com/gbg.serviceguiden/61e0a38bcfc4d247ccaa6aca_636518ae118251387c3818ab_small_2x.jpg",
                        "medium": "https://s3.eu-north-1.amazonaws.com/gbg.serviceguiden/61e0a38bcfc4d247ccaa6aca_636518ae118251387c3818ab_medium.jpg",
                        "medium2x": "https://s3.eu-north-1.amazonaws.com/gbg.serviceguiden/61e0a38bcfc4d247ccaa6aca_636518ae118251387c3818ab_medium_2x.jpg",
                        "large": "https://s3.eu-north-1.amazonaws.com/gbg.serviceguiden/61e0a38bcfc4d247ccaa6aca_636518ae118251387c3818ab_large.jpg",
                        "large2x": "https://s3.eu-north-1.amazonaws.com/gbg.serviceguiden/61e0a38bcfc4d247ccaa6aca_636518ae118251387c3818ab_large_2x.jpg",
                        "altText": "Bilden föreställer en gul byggnad och en gård. På gården finns gungor och en båt.",
                        "description": "Foto: Davide Panzino"
                    }
                ],
                "todaysOpeningHours": {
                    "date": "2026-09-17",
                    "entries": []
                }
            }
        },
        {
            "type": "Feature",
            "geometry": {
                "type": "Point",
                "coordinates": [
                    11.766279324315638,
                    57.72413654782271
                ]
            },
            "properties": {
                "id": "64f6e4ced8afaf73e602db5f",
                "name": "Torslanda Torg 8 förskola",
                "businessId": 7303,
                "visitingAddress": "Torslanda Torg 8",
                "images": [
                    {
                        "small": "https://s3.eu-north-1.amazonaws.com/gbg.serviceguiden/64f6e4ced8afaf73e602db5f_69ef4f33db84197117e1d0ff_small.jpg",
                        "small2x": "https://s3.eu-north-1.amazonaws.com/gbg.serviceguiden/64f6e4ced8afaf73e602db5f_69ef4f33db84197117e1d0ff_small_2x.jpg",
                        "medium": "https://s3.eu-north-1.amazonaws.com/gbg.serviceguiden/64f6e4ced8afaf73e602db5f_69ef4f33db84197117e1d0ff_medium.jpg",
                        "medium2x": "https://s3.eu-north-1.amazonaws.com/gbg.serviceguiden/64f6e4ced8afaf73e602db5f_69ef4f33db84197117e1d0ff_medium_2x.jpg",
                        "large": "https://s3.eu-north-1.amazonaws.com/gbg.serviceguiden/64f6e4ced8afaf73e602db5f_69ef4f33db84197117e1d0ff_large.jpg",
                        "large2x": "https://s3.eu-north-1.amazonaws.com/gbg.serviceguiden/64f6e4ced8afaf73e602db5f_69ef4f33db84197117e1d0ff_large_2x.jpg",
                        "altText": "En beige förskolebyggnad med skog eller en dunge i bakgrunden.",
                        "description": "Foto: Stadsfastighetsförvaltningen"
                    }
                ],
                "todaysOpeningHours": {
                    "date": "2026-09-17",
                    "entries": []
                }
            }
        },
        {
            "type": "Feature",
            "geometry": {
                "type": "Point",
                "coordinates": [
                    11.921856014219333,
                    57.658393453050365
                ]
            },
            "properties": {
                "id": "61e0a38ccfc4d247ccaa6c4d",
                "name": "Transistorgatan 2 förskola",
                "businessId": 5098,
                "visitingAddress": "Transistorgatan 2",
                "images": [
                    {
                        "small": "https://s3.eu-north-1.amazonaws.com/gbg.serviceguiden/61e0a38ccfc4d247ccaa6c4d_637641bc593d8e1f1a72385f_small.jpg",
                        "small2x": "https://s3.eu-north-1.amazonaws.com/gbg.serviceguiden/61e0a38ccfc4d247ccaa6c4d_637641bc593d8e1f1a72385f_small_2x.jpg",
                        "medium": "https://s3.eu-north-1.amazonaws.com/gbg.serviceguiden/61e0a38ccfc4d247ccaa6c4d_637641bc593d8e1f1a72385f_medium.jpg",
                        "medium2x": "https://s3.eu-north-1.amazonaws.com/gbg.serviceguiden/61e0a38ccfc4d247ccaa6c4d_637641bc593d8e1f1a72385f_medium_2x.jpg",
                        "large": "https://s3.eu-north-1.amazonaws.com/gbg.serviceguiden/61e0a38ccfc4d247ccaa6c4d_637641bc593d8e1f1a72385f_large.jpg",
                        "large2x": "https://s3.eu-north-1.amazonaws.com/gbg.serviceguiden/61e0a38ccfc4d247ccaa6c4d_637641bc593d8e1f1a72385f_large_2x.jpg",
                        "altText": "Bilden föreställer en vit byggnad och en förskolegård med träd och klätterställningar. ",
                        "description": "Foto: Davide Panzino"
                    }
                ],
                "todaysOpeningHours": {
                    "date": "2026-09-17",
                    "entries": []
                }
            }
        },
        {
            "type": "Feature",
            "geometry": {
                "type": "Point",
                "coordinates": [
                    11.891054977195308,
                    57.651904885044004
                ]
            },
            "properties": {
                "id": "69bd1091095c634f30284e84",
                "name": "Trollbärsvägen 20 förskola",
                "businessId": 7564,
                "visitingAddress": "Trollbärsvägen 20",
                "description": "<p><a href=\"/wps/portal?uri=gbglnk%3a202452183654522\" target=\"_self\">Om byggnationen av den nya förskolan Trollbärsvägen 20</a></p>",
                "images": [
                    {
                        "small": "https://s3.eu-north-1.amazonaws.com/gbg.serviceguiden/69bd1091095c634f30284e84_6aabc007e1d63e3e75c70db4_small.jpg",
                        "small2x": "https://s3.eu-north-1.amazonaws.com/gbg.serviceguiden/69bd1091095c634f30284e84_6aabc007e1d63e3e75c70db4_small_2x.jpg",
                        "medium": "https://s3.eu-north-1.amazonaws.com/gbg.serviceguiden/69bd1091095c634f30284e84_6aabc007e1d63e3e75c70db4_medium.jpg",
                        "medium2x": "https://s3.eu-north-1.amazonaws.com/gbg.serviceguiden/69bd1091095c634f30284e84_6aabc007e1d63e3e75c70db4_medium_2x.jpg",
                        "large": "https://s3.eu-north-1.amazonaws.com/gbg.serviceguiden/69bd1091095c634f30284e84_6aabc007e1d63e3e75c70db4_large.jpg",
                        "large2x": "https://s3.eu-north-1.amazonaws.com/gbg.serviceguiden/69bd1091095c634f30284e84_6aabc007e1d63e3e75c70db4_large_2x.jpg",
                        "altText": "Röd byggnad i två våningar.",
                        "description": "Illustration: Stadsfastighetsförvaltningen"
                    }
                ],
                "todaysOpeningHours": {
                    "date": "2026-09-17",
                    "entries": []
                }
            }
        },
        {
            "type": "Feature",
            "geometry": {
                "type": "Point",
                "coordinates": [
                    11.934864629535273,
                    57.63086641299027
                ]
            },
            "properties": {
                "id": "61e0a38dcfc4d247ccaa6ceb",
                "name": "Trollstugan",
                "businessId": 2572,
                "visitingAddress": "Solarvsplan 38",
                "description": "<p>Det här är en fristående förskola. Kontakta förskolan om du vill veta mer om deras verksamhet.</p>",
                "todaysOpeningHours": {
                    "date": "2026-09-17",
                    "entries": []
                }
            }
        },
        {
            "type": "Feature",
            "geometry": {
                "type": "Point",
                "coordinates": [
                    12.05251226422214,
                    57.80316641418224
                ]
            },
            "properties": {
                "id": "61e0a390cfc4d247ccaa6f67",
                "name": "Trädgårdsgärdet 124 förskola",
                "businessId": 541,
                "visitingAddress": "Trädgårdsgärdet 124",
                "images": [
                    {
                        "small": "https://s3.eu-north-1.amazonaws.com/gbg.serviceguiden/61e0a390cfc4d247ccaa6f67_6a58a57da6447f1ed7360284_small.jpg",
                        "small2x": "https://s3.eu-north-1.amazonaws.com/gbg.serviceguiden/61e0a390cfc4d247ccaa6f67_6a58a57da6447f1ed7360284_small_2x.jpg",
                        "medium": "https://s3.eu-north-1.amazonaws.com/gbg.serviceguiden/61e0a390cfc4d247ccaa6f67_6a58a57da6447f1ed7360284_medium.jpg",
                        "medium2x": "https://s3.eu-north-1.amazonaws.com/gbg.serviceguiden/61e0a390cfc4d247ccaa6f67_6a58a57da6447f1ed7360284_medium_2x.jpg",
                        "large": "https://s3.eu-north-1.amazonaws.com/gbg.serviceguiden/61e0a390cfc4d247ccaa6f67_6a58a57da6447f1ed7360284_large.jpg",
                        "large2x": "https://s3.eu-north-1.amazonaws.com/gbg.serviceguiden/61e0a390cfc4d247ccaa6f67_6a58a57da6447f1ed7360284_large_2x.jpg",
                        "altText": "Förskolans byggnad i tegel och trä i bakgrunden. Gården med gungställning, sandlådor och gunghästar i förgrunden.",
                        "description": "Foto: Davide Panzino"
                    }
                ],
                "todaysOpeningHours": {
                    "date": "2026-09-17",
                    "entries": []
                }
            }
        },
        {
            "type": "Feature",
            "geometry": {
                "type": "Point",
                "coordinates": [
                    11.925769013682284,
                    57.667692474139244
                ]
            },
            "properties": {
                "id": "61e0a391cfc4d247ccaa704a",
                "name": "Tunnlandsgatan 3 förskola",
                "businessId": 661,
                "visitingAddress": "Tunnlandsgatan 3",
                "images": [
                    {
                        "small": "https://s3.eu-north-1.amazonaws.com/gbg.serviceguiden/61e0a391cfc4d247ccaa704a_63764261593d8e1f1a724394_small.jpg",
                        "small2x": "https://s3.eu-north-1.amazonaws.com/gbg.serviceguiden/61e0a391cfc4d247ccaa704a_63764261593d8e1f1a724394_small_2x.jpg",
                        "medium": "https://s3.eu-north-1.amazonaws.com/gbg.serviceguiden/61e0a391cfc4d247ccaa704a_63764261593d8e1f1a724394_medium.jpg",
                        "medium2x": "https://s3.eu-north-1.amazonaws.com/gbg.serviceguiden/61e0a391cfc4d247ccaa704a_63764261593d8e1f1a724394_medium_2x.jpg",
                        "large": "https://s3.eu-north-1.amazonaws.com/gbg.serviceguiden/61e0a391cfc4d247ccaa704a_63764261593d8e1f1a724394_large.jpg",
                        "large2x": "https://s3.eu-north-1.amazonaws.com/gbg.serviceguiden/61e0a391cfc4d247ccaa704a_63764261593d8e1f1a724394_large_2x.jpg",
                        "altText": "Bilden föreställer en röd byggnad. ",
                        "description": "Foto: Davide Panzino"
                    }
                ],
                "todaysOpeningHours": {
                    "date": "2026-09-17",
                    "entries": []
                }
            }
        },
        {
            "type": "Feature",
            "geometry": {
                "type": "Point",
                "coordinates": [
                    11.958527285472726,
                    57.690612813261744
                ]
            },
            "properties": {
                "id": "61e0a392cfc4d247ccaa715d",
                "name": "Tuvegranen",
                "businessId": 2629,
                "visitingAddress": "Seminariegatan 3",
                "description": "<p>Det här är en fristående förskola. Kontakta förskolan om du vill veta mer om deras verksamhet.</p>",
                "todaysOpeningHours": {
                    "date": "2026-09-17",
                    "entries": []
                }
            }
        },
        {
            "type": "Feature",
            "geometry": {
                "type": "Point",
                "coordinates": [
                    11.932896009374808,
                    57.75924946754144
                ]
            },
            "properties": {
                "id": "61e0a394cfc4d247ccaa72bc",
                "name": "Tångenvägen 11 förskola",
                "businessId": 2400,
                "visitingAddress": "Tångenvägen 11",
                "images": [
                    {
                        "small": "https://s3.eu-north-1.amazonaws.com/gbg.serviceguiden/61e0a394cfc4d247ccaa72bc_636518f8118251387c3820a8_small.jpg",
                        "small2x": "https://s3.eu-north-1.amazonaws.com/gbg.serviceguiden/61e0a394cfc4d247ccaa72bc_636518f8118251387c3820a8_small_2x.jpg",
                        "medium": "https://s3.eu-north-1.amazonaws.com/gbg.serviceguiden/61e0a394cfc4d247ccaa72bc_636518f8118251387c3820a8_medium.jpg",
                        "medium2x": "https://s3.eu-north-1.amazonaws.com/gbg.serviceguiden/61e0a394cfc4d247ccaa72bc_636518f8118251387c3820a8_medium_2x.jpg",
                        "large": "https://s3.eu-north-1.amazonaws.com/gbg.serviceguiden/61e0a394cfc4d247ccaa72bc_636518f8118251387c3820a8_large.jpg",
                        "large2x": "https://s3.eu-north-1.amazonaws.com/gbg.serviceguiden/61e0a394cfc4d247ccaa72bc_636518f8118251387c3820a8_large_2x.jpg",
                        "altText": "Bilden föreställer en byggnad med två dörrar. Framför byggnaden finns en klätterställning med ruschkana. ",
                        "description": "Foto: Davide Panzino"
                    }
                ],
                "todaysOpeningHours": {
                    "date": "2026-09-17",
                    "entries": []
                }
            }
        },
        {
            "type": "Feature",
            "geometry": {
                "type": "Point",
                "coordinates": [
                    11.803733525036437,
                    57.60103886348426
                ]
            },
            "properties": {
                "id": "61e0a395cfc4d247ccaa7318",
                "name": "Töttefällevägen 2 förskola",
                "businessId": 3322,
                "visitingAddress": "Töttefällevägen 2",
                "images": [
                    {
                        "small": "https://s3.eu-north-1.amazonaws.com/gbg.serviceguiden/61e0a395cfc4d247ccaa7318_63764327593d8e1f1a724a06_small.jpg",
                        "small2x": "https://s3.eu-north-1.amazonaws.com/gbg.serviceguiden/61e0a395cfc4d247ccaa7318_63764327593d8e1f1a724a06_small_2x.jpg",
                        "medium": "https://s3.eu-north-1.amazonaws.com/gbg.serviceguiden/61e0a395cfc4d247ccaa7318_63764327593d8e1f1a724a06_medium.jpg",
                        "medium2x": "https://s3.eu-north-1.amazonaws.com/gbg.serviceguiden/61e0a395cfc4d247ccaa7318_63764327593d8e1f1a724a06_medium_2x.jpg",
                        "large": "https://s3.eu-north-1.amazonaws.com/gbg.serviceguiden/61e0a395cfc4d247ccaa7318_63764327593d8e1f1a724a06_large.jpg",
                        "large2x": "https://s3.eu-north-1.amazonaws.com/gbg.serviceguiden/61e0a395cfc4d247ccaa7318_63764327593d8e1f1a724a06_large_2x.jpg",
                        "altText": "Bilden föreställer en gul byggnad och en gräsmatta med däck nedgrävna och en stege som leder upp till en ruschkana.  ",
                        "description": "Foto: Davide Panzino"
                    }
                ],
                "todaysOpeningHours": {
                    "date": "2026-09-17",
                    "entries": []
                }
            }
        },
        {
            "type": "Feature",
            "geometry": {
                "type": "Point",
                "coordinates": [
                    12.008487572163004,
                    57.718926247205054
                ]
            },
            "properties": {
                "id": "61e0a395cfc4d247ccaa7336",
                "name": "Uddevallagatan 16 förskola",
                "businessId": 1701,
                "visitingAddress": "Uddevallagatan 16A",
                "images": [
                    {
                        "small": "https://s3.eu-north-1.amazonaws.com/gbg.serviceguiden/61e0a395cfc4d247ccaa7336_635bd1f5118251387ca767d1_small.jpg",
                        "small2x": "https://s3.eu-north-1.amazonaws.com/gbg.serviceguiden/61e0a395cfc4d247ccaa7336_635bd1f5118251387ca767d1_small_2x.jpg",
                        "medium": "https://s3.eu-north-1.amazonaws.com/gbg.serviceguiden/61e0a395cfc4d247ccaa7336_635bd1f5118251387ca767d1_medium.jpg",
                        "medium2x": "https://s3.eu-north-1.amazonaws.com/gbg.serviceguiden/61e0a395cfc4d247ccaa7336_635bd1f5118251387ca767d1_medium_2x.jpg",
                        "large": "https://s3.eu-north-1.amazonaws.com/gbg.serviceguiden/61e0a395cfc4d247ccaa7336_635bd1f5118251387ca767d1_large.jpg",
                        "large2x": "https://s3.eu-north-1.amazonaws.com/gbg.serviceguiden/61e0a395cfc4d247ccaa7336_635bd1f5118251387ca767d1_large_2x.jpg",
                        "altText": "Bilden föreställer ett byggnad med bottenvåning i sten och tegel. Den övre delen av byggnaden är gul. In till byggnaden finns en grind. ",
                        "description": "Foto: Davide Panzino"
                    }
                ],
                "todaysOpeningHours": {
                    "date": "2026-09-17",
                    "entries": []
                }
            }
        },
        {
            "type": "Feature",
            "geometry": {
                "type": "Point",
                "coordinates": [
                    11.95287777796681,
                    57.59153554936222
                ]
            },
            "properties": {
                "id": "61e0a395cfc4d247ccaa73cc",
                "name": "Uggledalsvägen 31 förskola",
                "businessId": 41,
                "visitingAddress": "Uggledalsvägen 31",
                "images": [
                    {
                        "small": "https://s3.eu-north-1.amazonaws.com/gbg.serviceguiden/61e0a395cfc4d247ccaa73cc_637643ee593d8e1f1a725180_small.jpg",
                        "small2x": "https://s3.eu-north-1.amazonaws.com/gbg.serviceguiden/61e0a395cfc4d247ccaa73cc_637643ee593d8e1f1a725180_small_2x.jpg",
                        "medium": "https://s3.eu-north-1.amazonaws.com/gbg.serviceguiden/61e0a395cfc4d247ccaa73cc_637643ee593d8e1f1a725180_medium.jpg",
                        "medium2x": "https://s3.eu-north-1.amazonaws.com/gbg.serviceguiden/61e0a395cfc4d247ccaa73cc_637643ee593d8e1f1a725180_medium_2x.jpg",
                        "large": "https://s3.eu-north-1.amazonaws.com/gbg.serviceguiden/61e0a395cfc4d247ccaa73cc_637643ee593d8e1f1a725180_large.jpg",
                        "large2x": "https://s3.eu-north-1.amazonaws.com/gbg.serviceguiden/61e0a395cfc4d247ccaa73cc_637643ee593d8e1f1a725180_large_2x.jpg",
                        "altText": "Bilden föreställer entrén till en byggnad. ",
                        "description": "Foto: Davide Panzino"
                    }
                ],
                "todaysOpeningHours": {
                    "date": "2026-09-17",
                    "entries": []
                }
            }
        },
        {
            "type": "Feature",
            "geometry": {
                "type": "Point",
                "coordinates": [
                    12.068389097861912,
                    57.751903601117334
                ]
            },
            "properties": {
                "id": "61e0a396cfc4d247ccaa74dc",
                "name": "Universumsgatan 2 förskola",
                "businessId": 4351,
                "visitingAddress": "Universumsgatan 2",
                "images": [
                    {
                        "small": "https://s3.eu-north-1.amazonaws.com/gbg.serviceguiden/61e0a396cfc4d247ccaa74dc_69a96f758b461244a3695e9d_small.jpg",
                        "small2x": "https://s3.eu-north-1.amazonaws.com/gbg.serviceguiden/61e0a396cfc4d247ccaa74dc_69a96f758b461244a3695e9d_small_2x.jpg",
                        "medium": "https://s3.eu-north-1.amazonaws.com/gbg.serviceguiden/61e0a396cfc4d247ccaa74dc_69a96f758b461244a3695e9d_medium.jpg",
                        "medium2x": "https://s3.eu-north-1.amazonaws.com/gbg.serviceguiden/61e0a396cfc4d247ccaa74dc_69a96f758b461244a3695e9d_medium_2x.jpg",
                        "large": "https://s3.eu-north-1.amazonaws.com/gbg.serviceguiden/61e0a396cfc4d247ccaa74dc_69a96f758b461244a3695e9d_large.jpg",
                        "large2x": "https://s3.eu-north-1.amazonaws.com/gbg.serviceguiden/61e0a396cfc4d247ccaa74dc_69a96f758b461244a3695e9d_large_2x.jpg",
                        "altText": "Förskolans lokaler",
                        "description": "Universumsgatan 2 förskola"
                    }
                ],
                "todaysOpeningHours": {
                    "date": "2026-09-17",
                    "entries": []
                }
            }
        },
        {
            "type": "Feature",
            "geometry": {
                "type": "Point",
                "coordinates": [
                    12.059895477368071,
                    57.74225791389153
                ]
            },
            "properties": {
                "id": "61e0a398cfc4d247ccaa75f6",
                "name": "Utbytingen",
                "businessId": 2803,
                "visitingAddress": "Fjällbo Park 18",
                "description": "<p>Det här är en fristående förskola. Kontakta förskolan om du vill veta mer om deras verksamhet.</p>",
                "todaysOpeningHours": {
                    "date": "2026-09-17",
                    "entries": []
                }
            }
        },
        {
            "type": "Feature",
            "geometry": {
                "type": "Point",
                "coordinates": [
                    12.056463601222422,
                    57.73777173076866
                ]
            },
            "properties": {
                "id": "61e0a398cfc4d247ccaa763a",
                "name": "Utbyvägen 50 förskola",
                "businessId": 6428,
                "visitingAddress": "Utbyvägen 50",
                "images": [
                    {
                        "small": "https://s3.eu-north-1.amazonaws.com/gbg.serviceguiden/61e0a398cfc4d247ccaa763a_63725d5f3b1f9e7372f2dca4_small.jpg",
                        "small2x": "https://s3.eu-north-1.amazonaws.com/gbg.serviceguiden/61e0a398cfc4d247ccaa763a_63725d5f3b1f9e7372f2dca4_small_2x.jpg",
                        "medium": "https://s3.eu-north-1.amazonaws.com/gbg.serviceguiden/61e0a398cfc4d247ccaa763a_63725d5f3b1f9e7372f2dca4_medium.jpg",
                        "medium2x": "https://s3.eu-north-1.amazonaws.com/gbg.serviceguiden/61e0a398cfc4d247ccaa763a_63725d5f3b1f9e7372f2dca4_medium_2x.jpg",
                        "large": "https://s3.eu-north-1.amazonaws.com/gbg.serviceguiden/61e0a398cfc4d247ccaa763a_63725d5f3b1f9e7372f2dca4_large.jpg",
                        "large2x": "https://s3.eu-north-1.amazonaws.com/gbg.serviceguiden/61e0a398cfc4d247ccaa763a_63725d5f3b1f9e7372f2dca4_large_2x.jpg",
                        "altText": "Bilden föreställer en röd byggnad. ",
                        "description": "Foto: Davide Panzino"
                    }
                ],
                "todaysOpeningHours": {
                    "date": "2026-09-17",
                    "entries": []
                }
            }
        },
        {
            "type": "Feature",
            "geometry": {
                "type": "Point",
                "coordinates": [
                    11.941413758079474,
                    57.692772506171494
                ]
            },
            "properties": {
                "id": "61e0a399cfc4d247ccaa7709",
                "name": "Utsikten UR & SKUR",
                "businessId": 2622,
                "visitingAddress": "Paradisgatan 29",
                "description": "<p>Det här är en fristående förskola. Kontakta förskolan om du vill veta mer om deras verksamhet.</p>",
                "todaysOpeningHours": {
                    "date": "2026-09-17",
                    "entries": []
                }
            }
        },
        {
            "type": "Feature",
            "geometry": {
                "type": "Point",
                "coordinates": [
                    11.989167657148956,
                    57.700684094573866
                ]
            },
            "properties": {
                "id": "61e0a39acfc4d247ccaa77bc",
                "name": "Valhallagatan 4 förskola",
                "businessId": 241,
                "visitingAddress": "Valhallagatan 4",
                "images": [
                    {
                        "small": "https://s3.eu-north-1.amazonaws.com/gbg.serviceguiden/61e0a39acfc4d247ccaa77bc_635fe464118251387cde278f_small.jpg",
                        "small2x": "https://s3.eu-north-1.amazonaws.com/gbg.serviceguiden/61e0a39acfc4d247ccaa77bc_635fe464118251387cde278f_small_2x.jpg",
                        "medium": "https://s3.eu-north-1.amazonaws.com/gbg.serviceguiden/61e0a39acfc4d247ccaa77bc_635fe464118251387cde278f_medium.jpg",
                        "medium2x": "https://s3.eu-north-1.amazonaws.com/gbg.serviceguiden/61e0a39acfc4d247ccaa77bc_635fe464118251387cde278f_medium_2x.jpg",
                        "large": "https://s3.eu-north-1.amazonaws.com/gbg.serviceguiden/61e0a39acfc4d247ccaa77bc_635fe464118251387cde278f_large.jpg",
                        "large2x": "https://s3.eu-north-1.amazonaws.com/gbg.serviceguiden/61e0a39acfc4d247ccaa77bc_635fe464118251387cde278f_large_2x.jpg",
                        "altText": "Bilden föreställer en vit byggnad med en trätrappa som leder upp till entrén. Framför byggnaden finns en gräsmatta med ett stort träd.",
                        "description": "Foto: Davide Panzino"
                    }
                ],
                "todaysOpeningHours": {
                    "date": "2026-09-17",
                    "entries": []
                }
            }
        },
        {
            "type": "Feature",
            "geometry": {
                "type": "Point",
                "coordinates": [
                    12.048645059717405,
                    57.73930928570728
                ]
            },
            "properties": {
                "id": "61e0a39acfc4d247ccaa77dc",
                "name": "Vallareleden 24 förskola",
                "businessId": 723,
                "visitingAddress": "Vallareleden 24",
                "images": [
                    {
                        "small": "https://s3.eu-north-1.amazonaws.com/gbg.serviceguiden/61e0a39acfc4d247ccaa77dc_63725db53b1f9e7372f2e2f4_small.jpg",
                        "small2x": "https://s3.eu-north-1.amazonaws.com/gbg.serviceguiden/61e0a39acfc4d247ccaa77dc_63725db53b1f9e7372f2e2f4_small_2x.jpg",
                        "medium": "https://s3.eu-north-1.amazonaws.com/gbg.serviceguiden/61e0a39acfc4d247ccaa77dc_63725db53b1f9e7372f2e2f4_medium.jpg",
                        "medium2x": "https://s3.eu-north-1.amazonaws.com/gbg.serviceguiden/61e0a39acfc4d247ccaa77dc_63725db53b1f9e7372f2e2f4_medium_2x.jpg",
                        "large": "https://s3.eu-north-1.amazonaws.com/gbg.serviceguiden/61e0a39acfc4d247ccaa77dc_63725db53b1f9e7372f2e2f4_large.jpg",
                        "large2x": "https://s3.eu-north-1.amazonaws.com/gbg.serviceguiden/61e0a39acfc4d247ccaa77dc_63725db53b1f9e7372f2e2f4_large_2x.jpg",
                        "altText": "Bilden föreställer en grusväg som leder till en ljus byggnad med tegeltak. ",
                        "description": "Foto: Davide Panzino"
                    }
                ],
                "todaysOpeningHours": {
                    "date": "2026-09-17",
                    "entries": []
                }
            }
        },
        {
            "type": "Feature",
            "geometry": {
                "type": "Point",
                "coordinates": [
                    11.908303077563986,
                    57.65406602784102
                ]
            },
            "properties": {
                "id": "61e0a39acfc4d247ccaa7818",
                "name": "Valthornsgatan 3 förskola",
                "businessId": 467,
                "visitingAddress": "Valthornsgatan 3",
                "images": [
                    {
                        "small": "https://s3.eu-north-1.amazonaws.com/gbg.serviceguiden/61e0a39acfc4d247ccaa7818_637644a2593d8e1f1a72572f_small.jpg",
                        "small2x": "https://s3.eu-north-1.amazonaws.com/gbg.serviceguiden/61e0a39acfc4d247ccaa7818_637644a2593d8e1f1a72572f_small_2x.jpg",
                        "medium": "https://s3.eu-north-1.amazonaws.com/gbg.serviceguiden/61e0a39acfc4d247ccaa7818_637644a2593d8e1f1a72572f_medium.jpg",
                        "medium2x": "https://s3.eu-north-1.amazonaws.com/gbg.serviceguiden/61e0a39acfc4d247ccaa7818_637644a2593d8e1f1a72572f_medium_2x.jpg",
                        "large": "https://s3.eu-north-1.amazonaws.com/gbg.serviceguiden/61e0a39acfc4d247ccaa7818_637644a2593d8e1f1a72572f_large.jpg",
                        "large2x": "https://s3.eu-north-1.amazonaws.com/gbg.serviceguiden/61e0a39acfc4d247ccaa7818_637644a2593d8e1f1a72572f_large_2x.jpg",
                        "altText": "Bilden föreställer entrén till en byggnad. Utanför de två dörrarna finns en utomhusbänk. ",
                        "description": "Foto: Davide Panzino"
                    }
                ],
                "todaysOpeningHours": {
                    "date": "2026-09-17",
                    "entries": []
                }
            }
        },
        {
            "type": "Feature",
            "geometry": {
                "type": "Point",
                "coordinates": [
                    12.01589311732709,
                    57.73466943572736
                ]
            },
            "properties": {
                "id": "69bd1fe5095c634f3028f67d",
                "name": "Varnhemsgatan 10 förskola",
                "businessId": 7565,
                "visitingAddress": "Varnhemsgatan 10",
                "todaysOpeningHours": {
                    "date": "2026-09-17",
                    "entries": []
                }
            }
        },
        {
            "type": "Feature",
            "geometry": {
                "type": "Point",
                "coordinates": [
                    11.973463247824224,
                    57.69657956886536
                ]
            },
            "properties": {
                "id": "61e0a39bcfc4d247ccaa78c2",
                "name": "Vasa Kyrkogata 7 förskola",
                "businessId": 242,
                "visitingAddress": "Vasa Kyrkogata 7",
                "images": [
                    {
                        "small": "https://s3.eu-north-1.amazonaws.com/gbg.serviceguiden/61e0a39bcfc4d247ccaa78c2_635fe4c0118251387cde315f_small.jpg",
                        "small2x": "https://s3.eu-north-1.amazonaws.com/gbg.serviceguiden/61e0a39bcfc4d247ccaa78c2_635fe4c0118251387cde315f_small_2x.jpg",
                        "medium": "https://s3.eu-north-1.amazonaws.com/gbg.serviceguiden/61e0a39bcfc4d247ccaa78c2_635fe4c0118251387cde315f_medium.jpg",
                        "medium2x": "https://s3.eu-north-1.amazonaws.com/gbg.serviceguiden/61e0a39bcfc4d247ccaa78c2_635fe4c0118251387cde315f_medium_2x.jpg",
                        "large": "https://s3.eu-north-1.amazonaws.com/gbg.serviceguiden/61e0a39bcfc4d247ccaa78c2_635fe4c0118251387cde315f_large.jpg",
                        "large2x": "https://s3.eu-north-1.amazonaws.com/gbg.serviceguiden/61e0a39bcfc4d247ccaa78c2_635fe4c0118251387cde315f_large_2x.jpg",
                        "altText": "Bilden föreställer en tegelbyggnad. Framför bygganden finns utomhusbänkar, ett förråd och en sandlåda. ",
                        "description": "Foto: Davide Panzino"
                    }
                ],
                "todaysOpeningHours": {
                    "date": "2026-09-17",
                    "entries": []
                }
            }
        },
        {
            "type": "Feature",
            "geometry": {
                "type": "Point",
                "coordinates": [
                    11.99249608285299,
                    57.68763912774183
                ]
            },
            "properties": {
                "id": "61e0a39bcfc4d247ccaa78da",
                "name": "Vasa Neon",
                "businessId": 2973,
                "visitingAddress": "Nedstigen 510",
                "description": "<p>Det här är en fristående förskola. Kontakta förskolan om du vill veta mer om deras verksamhet.</p>",
                "todaysOpeningHours": {
                    "date": "2026-09-17",
                    "entries": []
                }
            }
        },
        {
            "type": "Feature",
            "geometry": {
                "type": "Point",
                "coordinates": [
                    12.037102838332679,
                    57.72186954492102
                ]
            },
            "properties": {
                "id": "61e0a39dcfc4d247ccaa7ab0",
                "name": "Vidkärrs montessoriförskola",
                "businessId": 2485,
                "visitingAddress": "Helleforsgatan 1A",
                "description": "<p>Det här är en fristående förskola. Kontakta förskolan om du vill veta mer om deras verksamhet.</p>",
                "todaysOpeningHours": {
                    "date": "2026-09-17",
                    "entries": []
                }
            }
        },
        {
            "type": "Feature",
            "geometry": {
                "type": "Point",
                "coordinates": [
                    11.91742813950872,
                    57.692334025288346
                ]
            },
            "properties": {
                "id": "61e0a39ecfc4d247ccaa7b10",
                "name": "Vildrosen",
                "businessId": 1358,
                "visitingAddress": "Karl Johansgatan 98B",
                "description": "<p>Det här är en fristående förskola. Kontakta förskolan om du vill veta mer om deras verksamhet.</p>",
                "todaysOpeningHours": {
                    "date": "2026-09-17",
                    "entries": []
                }
            }
        },
        {
            "type": "Feature",
            "geometry": {
                "type": "Point",
                "coordinates": [
                    11.916230840252721,
                    57.73347426722376
                ]
            },
            "properties": {
                "id": "61e0a39fcfc4d247ccaa7bba",
                "name": "Vinlandsgatan 9K förskola",
                "businessId": 6462,
                "visitingAddress": "Vinlandsgatan 9K",
                "images": [
                    {
                        "small": "https://s3.eu-north-1.amazonaws.com/gbg.serviceguiden/61e0a39fcfc4d247ccaa7bba_6365193e118251387c3826d3_small.jpg",
                        "small2x": "https://s3.eu-north-1.amazonaws.com/gbg.serviceguiden/61e0a39fcfc4d247ccaa7bba_6365193e118251387c3826d3_small_2x.jpg",
                        "medium": "https://s3.eu-north-1.amazonaws.com/gbg.serviceguiden/61e0a39fcfc4d247ccaa7bba_6365193e118251387c3826d3_medium.jpg",
                        "medium2x": "https://s3.eu-north-1.amazonaws.com/gbg.serviceguiden/61e0a39fcfc4d247ccaa7bba_6365193e118251387c3826d3_medium_2x.jpg",
                        "large": "https://s3.eu-north-1.amazonaws.com/gbg.serviceguiden/61e0a39fcfc4d247ccaa7bba_6365193e118251387c3826d3_large.jpg",
                        "large2x": "https://s3.eu-north-1.amazonaws.com/gbg.serviceguiden/61e0a39fcfc4d247ccaa7bba_6365193e118251387c3826d3_large_2x.jpg",
                        "altText": "Bilden föreställer en mörk träbyggnad. ",
                        "description": "Foto: Davide Panzino"
                    }
                ],
                "todaysOpeningHours": {
                    "date": "2026-09-17",
                    "entries": []
                }
            }
        },
        {
            "type": "Feature",
            "geometry": {
                "type": "Point",
                "coordinates": [
                    12.031469004448887,
                    57.71107968072529
                ]
            },
            "properties": {
                "id": "61e0a39fcfc4d247ccaa7c02",
                "name": "Virginsgatan 19 förskola",
                "businessId": 614,
                "visitingAddress": "Virginsgatan 19",
                "images": [
                    {
                        "small": "https://s3.eu-north-1.amazonaws.com/gbg.serviceguiden/61e0a39fcfc4d247ccaa7c02_635fe529118251387cde48ee_small.jpg",
                        "small2x": "https://s3.eu-north-1.amazonaws.com/gbg.serviceguiden/61e0a39fcfc4d247ccaa7c02_635fe529118251387cde48ee_small_2x.jpg",
                        "medium": "https://s3.eu-north-1.amazonaws.com/gbg.serviceguiden/61e0a39fcfc4d247ccaa7c02_635fe529118251387cde48ee_medium.jpg",
                        "medium2x": "https://s3.eu-north-1.amazonaws.com/gbg.serviceguiden/61e0a39fcfc4d247ccaa7c02_635fe529118251387cde48ee_medium_2x.jpg",
                        "large": "https://s3.eu-north-1.amazonaws.com/gbg.serviceguiden/61e0a39fcfc4d247ccaa7c02_635fe529118251387cde48ee_large.jpg",
                        "large2x": "https://s3.eu-north-1.amazonaws.com/gbg.serviceguiden/61e0a39fcfc4d247ccaa7c02_635fe529118251387cde48ee_large_2x.jpg",
                        "altText": "Bilden föreställer en röd byggnad med orangea fönsterkarmar. Framför byggnaden finns buskad och utomhusbänkar. ",
                        "description": "Foto: Davide Panzino"
                    }
                ],
                "todaysOpeningHours": {
                    "date": "2026-09-17",
                    "entries": []
                }
            }
        },
        {
            "type": "Feature",
            "geometry": {
                "type": "Point",
                "coordinates": [
                    11.952643807735141,
                    57.68430334922762
                ]
            },
            "properties": {
                "id": "61e0a39fcfc4d247ccaa7c62",
                "name": "Vitsippan",
                "businessId": 2630,
                "visitingAddress": "Apotekaregatan 4",
                "description": "<p>Det här är en fristående förskola. Kontakta förskolan om du vill veta mer om deras verksamhet.</p>",
                "todaysOpeningHours": {
                    "date": "2026-09-17",
                    "entries": []
                }
            }
        },
        {
            "type": "Feature",
            "geometry": {
                "type": "Point",
                "coordinates": [
                    11.929493575087148,
                    57.653137048980625
                ]
            },
            "properties": {
                "id": "61e0a3a0cfc4d247ccaa7cfd",
                "name": "Våglängdsgatan 7 förskola",
                "businessId": 4097,
                "visitingAddress": "Våglängdsgatan 7",
                "images": [
                    {
                        "small": "https://s3.eu-north-1.amazonaws.com/gbg.serviceguiden/61e0a3a0cfc4d247ccaa7cfd_6376457c593d8e1f1a726184_small.jpg",
                        "small2x": "https://s3.eu-north-1.amazonaws.com/gbg.serviceguiden/61e0a3a0cfc4d247ccaa7cfd_6376457c593d8e1f1a726184_small_2x.jpg",
                        "medium": "https://s3.eu-north-1.amazonaws.com/gbg.serviceguiden/61e0a3a0cfc4d247ccaa7cfd_6376457c593d8e1f1a726184_medium.jpg",
                        "medium2x": "https://s3.eu-north-1.amazonaws.com/gbg.serviceguiden/61e0a3a0cfc4d247ccaa7cfd_6376457c593d8e1f1a726184_medium_2x.jpg",
                        "large": "https://s3.eu-north-1.amazonaws.com/gbg.serviceguiden/61e0a3a0cfc4d247ccaa7cfd_6376457c593d8e1f1a726184_large.jpg",
                        "large2x": "https://s3.eu-north-1.amazonaws.com/gbg.serviceguiden/61e0a3a0cfc4d247ccaa7cfd_6376457c593d8e1f1a726184_large_2x.jpg",
                        "altText": "Bilden föreställer två gula hus mittemot varandra. På kortsidan av det närmsta huset i bild är en basketring uppsatt. Mellan husen finns en förskolegård. ",
                        "description": "Foto: Davide Panzino"
                    }
                ],
                "todaysOpeningHours": {
                    "date": "2026-09-17",
                    "entries": []
                }
            }
        },
        {
            "type": "Feature",
            "geometry": {
                "type": "Point",
                "coordinates": [
                    11.89499785778626,
                    57.72443709034701
                ]
            },
            "properties": {
                "id": "61e0a3a1cfc4d247ccaa7db9",
                "name": "Väderbodarna 1B  förskola",
                "businessId": 182,
                "visitingAddress": "Väderbodarna 1B",
                "images": [
                    {
                        "small": "https://s3.eu-north-1.amazonaws.com/gbg.serviceguiden/61e0a3a1cfc4d247ccaa7db9_6a4cb257d821e8478203fa33_small.jpg",
                        "small2x": "https://s3.eu-north-1.amazonaws.com/gbg.serviceguiden/61e0a3a1cfc4d247ccaa7db9_6a4cb257d821e8478203fa33_small_2x.jpg",
                        "medium": "https://s3.eu-north-1.amazonaws.com/gbg.serviceguiden/61e0a3a1cfc4d247ccaa7db9_6a4cb257d821e8478203fa33_medium.jpg",
                        "medium2x": "https://s3.eu-north-1.amazonaws.com/gbg.serviceguiden/61e0a3a1cfc4d247ccaa7db9_6a4cb257d821e8478203fa33_medium_2x.jpg",
                        "large": "https://s3.eu-north-1.amazonaws.com/gbg.serviceguiden/61e0a3a1cfc4d247ccaa7db9_6a4cb257d821e8478203fa33_large.jpg",
                        "large2x": "https://s3.eu-north-1.amazonaws.com/gbg.serviceguiden/61e0a3a1cfc4d247ccaa7db9_6a4cb257d821e8478203fa33_large_2x.jpg",
                        "altText": "Förskolan med en lekställningar på gården.",
                        "description": "Foto: Förskoleförvaltningen"
                    }
                ],
                "todaysOpeningHours": {
                    "date": "2026-09-17",
                    "entries": []
                }
            }
        },
        {
            "type": "Feature",
            "geometry": {
                "type": "Point",
                "coordinates": [
                    12.074633622411184,
                    57.751761306717206
                ]
            },
            "properties": {
                "id": "61e0a3a2cfc4d247ccaa7ef3",
                "name": "Världens Blomma",
                "businessId": 2103,
                "visitingAddress": "Meteorgatan 18",
                "description": "<p>Det här är en fristående förskola. Kontakta förskolan om du vill veta mer om deras verksamhet.</p>",
                "todaysOpeningHours": {
                    "date": "2026-09-17",
                    "entries": []
                }
            }
        },
        {
            "type": "Feature",
            "geometry": {
                "type": "Point",
                "coordinates": [
                    11.920261000530973,
                    57.75633961257598
                ]
            },
            "properties": {
                "id": "61e0a3a3cfc4d247ccaa7fda",
                "name": "Västra Tuvevägen 50 förskola",
                "businessId": 2381,
                "visitingAddress": "Västra Tuvevägen 50",
                "images": [
                    {
                        "small": "https://s3.eu-north-1.amazonaws.com/gbg.serviceguiden/61e0a3a3cfc4d247ccaa7fda_63651990118251387c382db1_small.jpg",
                        "small2x": "https://s3.eu-north-1.amazonaws.com/gbg.serviceguiden/61e0a3a3cfc4d247ccaa7fda_63651990118251387c382db1_small_2x.jpg",
                        "medium": "https://s3.eu-north-1.amazonaws.com/gbg.serviceguiden/61e0a3a3cfc4d247ccaa7fda_63651990118251387c382db1_medium.jpg",
                        "medium2x": "https://s3.eu-north-1.amazonaws.com/gbg.serviceguiden/61e0a3a3cfc4d247ccaa7fda_63651990118251387c382db1_medium_2x.jpg",
                        "large": "https://s3.eu-north-1.amazonaws.com/gbg.serviceguiden/61e0a3a3cfc4d247ccaa7fda_63651990118251387c382db1_large.jpg",
                        "large2x": "https://s3.eu-north-1.amazonaws.com/gbg.serviceguiden/61e0a3a3cfc4d247ccaa7fda_63651990118251387c382db1_large_2x.jpg",
                        "altText": "Bilden föreställer en byggnad och en gård. På gården finns ett rött förråd, en klätterställning och ett träd. ",
                        "description": "Foto: Davide Panzino"
                    }
                ],
                "todaysOpeningHours": {
                    "date": "2026-09-17",
                    "entries": []
                }
            }
        },
        {
            "type": "Feature",
            "geometry": {
                "type": "Point",
                "coordinates": [
                    11.968341523734768,
                    57.745619664279786
                ]
            },
            "properties": {
                "id": "61e0a3a6cfc4d247ccaa81a9",
                "name": "Wadköpingsgatan 157 förskola",
                "businessId": 90,
                "visitingAddress": "Wadköpingsgatan 157",
                "images": [
                    {
                        "small": "https://s3.eu-north-1.amazonaws.com/gbg.serviceguiden/61e0a3a6cfc4d247ccaa81a9_636519e0118251387c383538_small.jpg",
                        "small2x": "https://s3.eu-north-1.amazonaws.com/gbg.serviceguiden/61e0a3a6cfc4d247ccaa81a9_636519e0118251387c383538_small_2x.jpg",
                        "medium": "https://s3.eu-north-1.amazonaws.com/gbg.serviceguiden/61e0a3a6cfc4d247ccaa81a9_636519e0118251387c383538_medium.jpg",
                        "medium2x": "https://s3.eu-north-1.amazonaws.com/gbg.serviceguiden/61e0a3a6cfc4d247ccaa81a9_636519e0118251387c383538_medium_2x.jpg",
                        "large": "https://s3.eu-north-1.amazonaws.com/gbg.serviceguiden/61e0a3a6cfc4d247ccaa81a9_636519e0118251387c383538_large.jpg",
                        "large2x": "https://s3.eu-north-1.amazonaws.com/gbg.serviceguiden/61e0a3a6cfc4d247ccaa81a9_636519e0118251387c383538_large_2x.jpg",
                        "altText": "Bilden föreställer en gul byggnad och en gård. På gården finns en lekstuga, en gunga och en klätterställning. ",
                        "description": "Foto: Davide Panzino"
                    }
                ],
                "todaysOpeningHours": {
                    "date": "2026-09-17",
                    "entries": []
                }
            }
        },
        {
            "type": "Feature",
            "geometry": {
                "type": "Point",
                "coordinates": [
                    11.919042890986873,
                    57.67496337860742
                ]
            },
            "properties": {
                "id": "61e0a3a2cfc4d247ccaa7f27",
                "name": "Waldorfförskolan Västanvind",
                "businessId": 652,
                "visitingAddress": "Sjupundsgatan 8",
                "description": "<p>Det här är en fristående förskola. Kontakta förskolan om du vill veta mer om deras verksamhet.</p>",
                "todaysOpeningHours": {
                    "date": "2026-09-17",
                    "entries": []
                }
            }
        },
        {
            "type": "Feature",
            "geometry": {
                "type": "Point",
                "coordinates": [
                    12.022367228102587,
                    57.70539014650976
                ]
            },
            "properties": {
                "id": "61e0a3a6cfc4d247ccaa81e1",
                "name": "Welandergatan 37 förskola",
                "businessId": 582,
                "visitingAddress": "Welandergatan 37A",
                "images": [
                    {
                        "small": "https://s3.eu-north-1.amazonaws.com/gbg.serviceguiden/61e0a3a6cfc4d247ccaa81e1_635fe5ba118251387cde6263_small.jpg",
                        "small2x": "https://s3.eu-north-1.amazonaws.com/gbg.serviceguiden/61e0a3a6cfc4d247ccaa81e1_635fe5ba118251387cde6263_small_2x.jpg",
                        "medium": "https://s3.eu-north-1.amazonaws.com/gbg.serviceguiden/61e0a3a6cfc4d247ccaa81e1_635fe5ba118251387cde6263_medium.jpg",
                        "medium2x": "https://s3.eu-north-1.amazonaws.com/gbg.serviceguiden/61e0a3a6cfc4d247ccaa81e1_635fe5ba118251387cde6263_medium_2x.jpg",
                        "large": "https://s3.eu-north-1.amazonaws.com/gbg.serviceguiden/61e0a3a6cfc4d247ccaa81e1_635fe5ba118251387cde6263_large.jpg",
                        "large2x": "https://s3.eu-north-1.amazonaws.com/gbg.serviceguiden/61e0a3a6cfc4d247ccaa81e1_635fe5ba118251387cde6263_large_2x.jpg",
                        "altText": "Bilden föreställer dörrentrén till en grön och röd byggnad. På ena sidan av dörren finns en vit brevlåda med numret \"37\" och på den andra sidan en blå låda.",
                        "description": "Foto: Peter Nilsson"
                    }
                ],
                "todaysOpeningHours": {
                    "date": "2026-09-17",
                    "entries": []
                }
            }
        },
        {
            "type": "Feature",
            "geometry": {
                "type": "Point",
                "coordinates": [
                    11.934926919111989,
                    57.723667251727946
                ]
            },
            "properties": {
                "id": "61e0a3a6cfc4d247ccaa8203",
                "name": "Wieselgrensgatan 11A förskola",
                "businessId": 4939,
                "visitingAddress": "Wieselgrensgatan 11A",
                "images": [
                    {
                        "small": "https://s3.eu-north-1.amazonaws.com/gbg.serviceguiden/61e0a3a6cfc4d247ccaa8203_63651a38118251387c383c00_small.jpg",
                        "small2x": "https://s3.eu-north-1.amazonaws.com/gbg.serviceguiden/61e0a3a6cfc4d247ccaa8203_63651a38118251387c383c00_small_2x.jpg",
                        "medium": "https://s3.eu-north-1.amazonaws.com/gbg.serviceguiden/61e0a3a6cfc4d247ccaa8203_63651a38118251387c383c00_medium.jpg",
                        "medium2x": "https://s3.eu-north-1.amazonaws.com/gbg.serviceguiden/61e0a3a6cfc4d247ccaa8203_63651a38118251387c383c00_medium_2x.jpg",
                        "large": "https://s3.eu-north-1.amazonaws.com/gbg.serviceguiden/61e0a3a6cfc4d247ccaa8203_63651a38118251387c383c00_large.jpg",
                        "large2x": "https://s3.eu-north-1.amazonaws.com/gbg.serviceguiden/61e0a3a6cfc4d247ccaa8203_63651a38118251387c383c00_large_2x.jpg",
                        "altText": "Bilden föreställer en gul och röd byggnad med en gård utanför. På gården finns gungor, utomhusbänkar och två sandlådor. ",
                        "description": "Foto: Davide Panzino"
                    }
                ],
                "todaysOpeningHours": {
                    "date": "2026-09-17",
                    "entries": []
                }
            }
        },
        {
            "type": "Feature",
            "geometry": {
                "type": "Point",
                "coordinates": [
                    11.901955006766745,
                    57.6341190661272
                ]
            },
            "properties": {
                "id": "61e0a3a7cfc4d247ccaa82f1",
                "name": "Åkereds Skolväg 20 förskola",
                "businessId": 1531,
                "visitingAddress": "Åkereds Skolväg 20",
                "images": [
                    {
                        "small": "https://s3.eu-north-1.amazonaws.com/gbg.serviceguiden/61e0a3a7cfc4d247ccaa82f1_637645e9593d8e1f1a72660b_small.jpg",
                        "small2x": "https://s3.eu-north-1.amazonaws.com/gbg.serviceguiden/61e0a3a7cfc4d247ccaa82f1_637645e9593d8e1f1a72660b_small_2x.jpg",
                        "medium": "https://s3.eu-north-1.amazonaws.com/gbg.serviceguiden/61e0a3a7cfc4d247ccaa82f1_637645e9593d8e1f1a72660b_medium.jpg",
                        "medium2x": "https://s3.eu-north-1.amazonaws.com/gbg.serviceguiden/61e0a3a7cfc4d247ccaa82f1_637645e9593d8e1f1a72660b_medium_2x.jpg",
                        "large": "https://s3.eu-north-1.amazonaws.com/gbg.serviceguiden/61e0a3a7cfc4d247ccaa82f1_637645e9593d8e1f1a72660b_large.jpg",
                        "large2x": "https://s3.eu-north-1.amazonaws.com/gbg.serviceguiden/61e0a3a7cfc4d247ccaa82f1_637645e9593d8e1f1a72660b_large_2x.jpg",
                        "altText": "Bilden föreställer en grå byggnad och en förskolegård. ",
                        "description": "Foto: Davide Panzino. Förskolan har byggnader på två adresser. På bilden visas Åkereds Skolväg 20."
                    }
                ],
                "todaysOpeningHours": {
                    "date": "2026-09-17",
                    "entries": []
                }
            }
        },
        {
            "type": "Feature",
            "geometry": {
                "type": "Point",
                "coordinates": [
                    11.956781088266153,
                    57.60128793243813
                ]
            },
            "properties": {
                "id": "61e0a3a8cfc4d247ccaa846e",
                "name": "Årekärrsvägen 1 förskola",
                "businessId": 42,
                "visitingAddress": "Årekärrsvägen 1",
                "images": [
                    {
                        "small": "https://s3.eu-north-1.amazonaws.com/gbg.serviceguiden/61e0a3a8cfc4d247ccaa846e_6376480b593d8e1f1a727392_small.jpg",
                        "small2x": "https://s3.eu-north-1.amazonaws.com/gbg.serviceguiden/61e0a3a8cfc4d247ccaa846e_6376480b593d8e1f1a727392_small_2x.jpg",
                        "medium": "https://s3.eu-north-1.amazonaws.com/gbg.serviceguiden/61e0a3a8cfc4d247ccaa846e_6376480b593d8e1f1a727392_medium.jpg",
                        "medium2x": "https://s3.eu-north-1.amazonaws.com/gbg.serviceguiden/61e0a3a8cfc4d247ccaa846e_6376480b593d8e1f1a727392_medium_2x.jpg",
                        "large": "https://s3.eu-north-1.amazonaws.com/gbg.serviceguiden/61e0a3a8cfc4d247ccaa846e_6376480b593d8e1f1a727392_large.jpg",
                        "large2x": "https://s3.eu-north-1.amazonaws.com/gbg.serviceguiden/61e0a3a8cfc4d247ccaa846e_6376480b593d8e1f1a727392_large_2x.jpg",
                        "altText": "Bilden föreställer en gul byggnad och en innergård med buskar och en sandlåda. ",
                        "description": "Foto: Davide Panzino"
                    }
                ],
                "todaysOpeningHours": {
                    "date": "2026-09-17",
                    "entries": []
                }
            }
        },
        {
            "type": "Feature",
            "geometry": {
                "type": "Point",
                "coordinates": [
                    11.788234022429469,
                    57.73110819194164
                ]
            },
            "properties": {
                "id": "61e0a3d5cfc4d247ccaaa41b",
                "name": "Änghagsdalen 16 förskola",
                "businessId": 1444,
                "visitingAddress": "Änghagsdalen 16",
                "images": [
                    {
                        "small": "https://s3.eu-north-1.amazonaws.com/gbg.serviceguiden/61e0a3d5cfc4d247ccaaa41b_63651abc118251387c384862_small.jpg",
                        "small2x": "https://s3.eu-north-1.amazonaws.com/gbg.serviceguiden/61e0a3d5cfc4d247ccaaa41b_63651abc118251387c384862_small_2x.jpg",
                        "medium": "https://s3.eu-north-1.amazonaws.com/gbg.serviceguiden/61e0a3d5cfc4d247ccaaa41b_63651abc118251387c384862_medium.jpg",
                        "medium2x": "https://s3.eu-north-1.amazonaws.com/gbg.serviceguiden/61e0a3d5cfc4d247ccaaa41b_63651abc118251387c384862_medium_2x.jpg",
                        "large": "https://s3.eu-north-1.amazonaws.com/gbg.serviceguiden/61e0a3d5cfc4d247ccaaa41b_63651abc118251387c384862_large.jpg",
                        "large2x": "https://s3.eu-north-1.amazonaws.com/gbg.serviceguiden/61e0a3d5cfc4d247ccaaa41b_63651abc118251387c384862_large_2x.jpg",
                        "altText": "Bilden föreställer en gångbana som leder till ett rött hus med två vita dörrar. Vid varsin sida av gången finns två röda förråd. Det till vänster har ett staket utanför i grönt, orange och rött. ",
                        "description": "Foto: Davide Panzino"
                    }
                ],
                "todaysOpeningHours": {
                    "date": "2026-09-17",
                    "entries": []
                }
            }
        },
        {
            "type": "Feature",
            "geometry": {
                "type": "Point",
                "coordinates": [
                    11.784956306320861,
                    57.73234007256473
                ]
            },
            "properties": {
                "id": "61e0a3d6cfc4d247ccaaa476",
                "name": "Änghagsvägen 4 förskola",
                "businessId": 1449,
                "visitingAddress": "Änghagsvägen 4",
                "images": [
                    {
                        "small": "https://s3.eu-north-1.amazonaws.com/gbg.serviceguiden/61e0a3d6cfc4d247ccaaa476_63651bfe118251387c386791_small.jpg",
                        "small2x": "https://s3.eu-north-1.amazonaws.com/gbg.serviceguiden/61e0a3d6cfc4d247ccaaa476_63651bfe118251387c386791_small_2x.jpg",
                        "medium": "https://s3.eu-north-1.amazonaws.com/gbg.serviceguiden/61e0a3d6cfc4d247ccaaa476_63651bfe118251387c386791_medium.jpg",
                        "medium2x": "https://s3.eu-north-1.amazonaws.com/gbg.serviceguiden/61e0a3d6cfc4d247ccaaa476_63651bfe118251387c386791_medium_2x.jpg",
                        "large": "https://s3.eu-north-1.amazonaws.com/gbg.serviceguiden/61e0a3d6cfc4d247ccaaa476_63651bfe118251387c386791_large.jpg",
                        "large2x": "https://s3.eu-north-1.amazonaws.com/gbg.serviceguiden/61e0a3d6cfc4d247ccaaa476_63651bfe118251387c386791_large_2x.jpg",
                        "altText": "Bilden föreställer en byggnad, en lekstuga och ett staket i flera olika färger. ",
                        "description": "Foto: Davide Panzino"
                    }
                ],
                "todaysOpeningHours": {
                    "date": "2026-09-17",
                    "entries": []
                }
            }
        },
        {
            "type": "Feature",
            "geometry": {
                "type": "Point",
                "coordinates": [
                    11.969415887905473,
                    57.72946912505214
                ]
            },
            "properties": {
                "id": "61e0a3d6cfc4d247ccaaa4a6",
                "name": "Änglagård",
                "businessId": 409,
                "visitingAddress": "Författaregatan 3",
                "description": "<p>Det här är en fristående förskola. Kontakta förskolan om du vill veta mer om deras verksamhet.</p>",
                "todaysOpeningHours": {
                    "date": "2026-09-17",
                    "entries": []
                }
            }
        },
        {
            "type": "Feature",
            "geometry": {
                "type": "Point",
                "coordinates": [
                    11.83322039118641,
                    57.76216098274449
                ]
            },
            "properties": {
                "id": "61e0a3d6cfc4d247ccaaa4be",
                "name": "Änglagården Svenska kyrkans förskola",
                "businessId": 4586,
                "visitingAddress": "Nolviksvägen 14",
                "description": "<p>Det här är en fristående förskola. Kontakta förskolan om du vill veta mer om deras verksamhet.</p>",
                "todaysOpeningHours": {
                    "date": "2026-09-17",
                    "entries": []
                }
            }
        },
        {
            "type": "Feature",
            "geometry": {
                "type": "Point",
                "coordinates": [
                    11.909211845885318,
                    57.676775413301385
                ]
            },
            "properties": {
                "id": "61e0a3d7cfc4d247ccaaa50f",
                "name": "Ängåsgatan 21 förskola",
                "businessId": 1656,
                "visitingAddress": "Ängåsgatan 21",
                "images": [
                    {
                        "small": "https://s3.eu-north-1.amazonaws.com/gbg.serviceguiden/61e0a3d7cfc4d247ccaaa50f_6376485d593d8e1f1a7276da_small.jpg",
                        "small2x": "https://s3.eu-north-1.amazonaws.com/gbg.serviceguiden/61e0a3d7cfc4d247ccaaa50f_6376485d593d8e1f1a7276da_small_2x.jpg",
                        "medium": "https://s3.eu-north-1.amazonaws.com/gbg.serviceguiden/61e0a3d7cfc4d247ccaaa50f_6376485d593d8e1f1a7276da_medium.jpg",
                        "medium2x": "https://s3.eu-north-1.amazonaws.com/gbg.serviceguiden/61e0a3d7cfc4d247ccaaa50f_6376485d593d8e1f1a7276da_medium_2x.jpg",
                        "large": "https://s3.eu-north-1.amazonaws.com/gbg.serviceguiden/61e0a3d7cfc4d247ccaaa50f_6376485d593d8e1f1a7276da_large.jpg",
                        "large2x": "https://s3.eu-north-1.amazonaws.com/gbg.serviceguiden/61e0a3d7cfc4d247ccaaa50f_6376485d593d8e1f1a7276da_large_2x.jpg",
                        "altText": "Bilden föreställer en byggnad och en förskolegård med en sandlåda och en klätterställning. ",
                        "description": "Foto: Davide Panzino"
                    }
                ],
                "todaysOpeningHours": {
                    "date": "2026-09-17",
                    "entries": []
                }
            }
        },
        {
            "type": "Feature",
            "geometry": {
                "type": "Point",
                "coordinates": [
                    11.908906317897005,
                    57.7099822940365
                ]
            },
            "properties": {
                "id": "61e0a3d7cfc4d247ccaaa572",
                "name": "Äringsgatan 4A förskola",
                "businessId": 1274,
                "visitingAddress": "Äringsgatan 4A",
                "images": [
                    {
                        "small": "https://s3.eu-north-1.amazonaws.com/gbg.serviceguiden/61e0a3d7cfc4d247ccaaa572_63651c78118251387c3871dc_small.jpg",
                        "small2x": "https://s3.eu-north-1.amazonaws.com/gbg.serviceguiden/61e0a3d7cfc4d247ccaaa572_63651c78118251387c3871dc_small_2x.jpg",
                        "medium": "https://s3.eu-north-1.amazonaws.com/gbg.serviceguiden/61e0a3d7cfc4d247ccaaa572_63651c78118251387c3871dc_medium.jpg",
                        "medium2x": "https://s3.eu-north-1.amazonaws.com/gbg.serviceguiden/61e0a3d7cfc4d247ccaaa572_63651c78118251387c3871dc_medium_2x.jpg",
                        "large": "https://s3.eu-north-1.amazonaws.com/gbg.serviceguiden/61e0a3d7cfc4d247ccaaa572_63651c78118251387c3871dc_large.jpg",
                        "large2x": "https://s3.eu-north-1.amazonaws.com/gbg.serviceguiden/61e0a3d7cfc4d247ccaaa572_63651c78118251387c3871dc_large_2x.jpg",
                        "altText": "Bilden föreställer en ljus byggnad med en gräsmatta och gångbana utanför. ",
                        "description": "Foto: Davide Panzino"
                    }
                ],
                "todaysOpeningHours": {
                    "date": "2026-09-17",
                    "entries": []
                }
            }
        },
        {
            "type": "Feature",
            "geometry": {
                "type": "Point",
                "coordinates": [
                    11.888804795443999,
                    57.682666921056445
                ]
            },
            "properties": {
                "id": "61e0a3ddcfc4d247ccaaa9af",
                "name": "Örlogsvägen 20 förskola",
                "businessId": 5585,
                "visitingAddress": "Örlogsvägen 20",
                "images": [
                    {
                        "small": "https://s3.eu-north-1.amazonaws.com/gbg.serviceguiden/61e0a3ddcfc4d247ccaaa9af_63764bc5593d8e1f1a72b902_small.jpg",
                        "small2x": "https://s3.eu-north-1.amazonaws.com/gbg.serviceguiden/61e0a3ddcfc4d247ccaaa9af_63764bc5593d8e1f1a72b902_small_2x.jpg",
                        "medium": "https://s3.eu-north-1.amazonaws.com/gbg.serviceguiden/61e0a3ddcfc4d247ccaaa9af_63764bc5593d8e1f1a72b902_medium.jpg",
                        "medium2x": "https://s3.eu-north-1.amazonaws.com/gbg.serviceguiden/61e0a3ddcfc4d247ccaaa9af_63764bc5593d8e1f1a72b902_medium_2x.jpg",
                        "large": "https://s3.eu-north-1.amazonaws.com/gbg.serviceguiden/61e0a3ddcfc4d247ccaaa9af_63764bc5593d8e1f1a72b902_large.jpg",
                        "large2x": "https://s3.eu-north-1.amazonaws.com/gbg.serviceguiden/61e0a3ddcfc4d247ccaaa9af_63764bc5593d8e1f1a72b902_large_2x.jpg",
                        "altText": "Bilden föreställer en stor byggnad men en stor glasvägg i mitten. ",
                        "description": "Foto: Davide Panzino"
                    }
                ],
                "todaysOpeningHours": {
                    "date": "2026-09-17",
                    "entries": []
                }
            }
        },
        {
            "type": "Feature",
            "geometry": {
                "type": "Point",
                "coordinates": [
                    11.924360920332617,
                    57.673849366055194
                ]
            },
            "properties": {
                "id": "61e0a3ddcfc4d247ccaaa9cf",
                "name": "Örtugsgatan 2 förskola",
                "businessId": 6587,
                "visitingAddress": "Örtugsgatan 2",
                "images": [
                    {
                        "small": "https://s3.eu-north-1.amazonaws.com/gbg.serviceguiden/61e0a3ddcfc4d247ccaaa9cf_635fe784118251387cdeb48a_small.jpg",
                        "small2x": "https://s3.eu-north-1.amazonaws.com/gbg.serviceguiden/61e0a3ddcfc4d247ccaaa9cf_635fe784118251387cdeb48a_small_2x.jpg",
                        "medium": "https://s3.eu-north-1.amazonaws.com/gbg.serviceguiden/61e0a3ddcfc4d247ccaaa9cf_635fe784118251387cdeb48a_medium.jpg",
                        "medium2x": "https://s3.eu-north-1.amazonaws.com/gbg.serviceguiden/61e0a3ddcfc4d247ccaaa9cf_635fe784118251387cdeb48a_medium_2x.jpg",
                        "large": "https://s3.eu-north-1.amazonaws.com/gbg.serviceguiden/61e0a3ddcfc4d247ccaaa9cf_635fe784118251387cdeb48a_large.jpg",
                        "large2x": "https://s3.eu-north-1.amazonaws.com/gbg.serviceguiden/61e0a3ddcfc4d247ccaaa9cf_635fe784118251387cdeb48a_large_2x.jpg",
                        "altText": "Bilden föreställer en tegelbyggnad. Framför byggnaden finns en park med träd, och leksaksstugor i trä. ",
                        "description": "Foto: Davide Panzino"
                    }
                ],
                "todaysOpeningHours": {
                    "date": "2026-09-17",
                    "entries": []
                }
            }
        },
        {
            "type": "Feature",
            "geometry": {
                "type": "Point",
                "coordinates": [
                    11.927682543693525,
                    57.716301880314475
                ]
            },
            "properties": {
                "id": "61e0a3decfc4d247ccaaaa62",
                "name": "Östra Keillersgatan 3 förskola",
                "businessId": 1255,
                "visitingAddress": "Östra Keillersgatan 3",
                "images": [
                    {
                        "small": "https://s3.eu-north-1.amazonaws.com/gbg.serviceguiden/61e0a3decfc4d247ccaaaa62_63651d63118251387c388176_small.jpg",
                        "small2x": "https://s3.eu-north-1.amazonaws.com/gbg.serviceguiden/61e0a3decfc4d247ccaaaa62_63651d63118251387c388176_small_2x.jpg",
                        "medium": "https://s3.eu-north-1.amazonaws.com/gbg.serviceguiden/61e0a3decfc4d247ccaaaa62_63651d63118251387c388176_medium.jpg",
                        "medium2x": "https://s3.eu-north-1.amazonaws.com/gbg.serviceguiden/61e0a3decfc4d247ccaaaa62_63651d63118251387c388176_medium_2x.jpg",
                        "large": "https://s3.eu-north-1.amazonaws.com/gbg.serviceguiden/61e0a3decfc4d247ccaaaa62_63651d63118251387c388176_large.jpg",
                        "large2x": "https://s3.eu-north-1.amazonaws.com/gbg.serviceguiden/61e0a3decfc4d247ccaaaa62_63651d63118251387c388176_large_2x.jpg",
                        "altText": "Bilden föreställer en ljusgul byggnad och en gård. På gården finns en klätterställning med ruschkana, en gunghästar och ett staket.",
                        "description": "Foto: Davide Panzino"
                    }
                ],
                "todaysOpeningHours": {
                    "date": "2026-09-17",
                    "entries": []
                }
            }
        },
        {
            "type": "Feature",
            "geometry": {
                "type": "Point",
                "coordinates": [
                    11.887939059074608,
                    57.67454083629282
                ]
            },
            "properties": {
                "id": "61e0a3decfc4d247ccaaaab5",
                "name": "Östra Palmgrensgatan 38 förskola",
                "businessId": 1658,
                "visitingAddress": "Östra Palmgrensgatan 38",
                "images": [
                    {
                        "small": "https://s3.eu-north-1.amazonaws.com/gbg.serviceguiden/61e0a3decfc4d247ccaaaab5_6a969a5e57eeed2df4db3cfb_small.jpg",
                        "small2x": "https://s3.eu-north-1.amazonaws.com/gbg.serviceguiden/61e0a3decfc4d247ccaaaab5_6a969a5e57eeed2df4db3cfb_small_2x.jpg",
                        "medium": "https://s3.eu-north-1.amazonaws.com/gbg.serviceguiden/61e0a3decfc4d247ccaaaab5_6a969a5e57eeed2df4db3cfb_medium.jpg",
                        "medium2x": "https://s3.eu-north-1.amazonaws.com/gbg.serviceguiden/61e0a3decfc4d247ccaaaab5_6a969a5e57eeed2df4db3cfb_medium_2x.jpg",
                        "large": "https://s3.eu-north-1.amazonaws.com/gbg.serviceguiden/61e0a3decfc4d247ccaaaab5_6a969a5e57eeed2df4db3cfb_large.jpg",
                        "large2x": "https://s3.eu-north-1.amazonaws.com/gbg.serviceguiden/61e0a3decfc4d247ccaaaab5_6a969a5e57eeed2df4db3cfb_large_2x.jpg",
                        "altText": "En vit träbyggnad i ett plan. Träd framför.",
                        "description": "Foto: Förskoleförvaltningen"
                    }
                ],
                "todaysOpeningHours": {
                    "date": "2026-09-17",
                    "entries": []
                }
            }
        },
        {
            "type": "Feature",
            "geometry": {
                "type": "Point",
                "coordinates": [
                    11.975541365633173,
                    57.7550806332457
                ]
            },
            "properties": {
                "id": "61e0a3dfcfc4d247ccaaab4f",
                "name": "Övralidsgatan 2 förskola",
                "businessId": 101,
                "visitingAddress": "Övralidsgatan 2",
                "images": [
                    {
                        "small": "https://s3.eu-north-1.amazonaws.com/gbg.serviceguiden/61e0a3dfcfc4d247ccaaab4f_63651da6118251387c38871d_small.jpg",
                        "small2x": "https://s3.eu-north-1.amazonaws.com/gbg.serviceguiden/61e0a3dfcfc4d247ccaaab4f_63651da6118251387c38871d_small_2x.jpg",
                        "medium": "https://s3.eu-north-1.amazonaws.com/gbg.serviceguiden/61e0a3dfcfc4d247ccaaab4f_63651da6118251387c38871d_medium.jpg",
                        "medium2x": "https://s3.eu-north-1.amazonaws.com/gbg.serviceguiden/61e0a3dfcfc4d247ccaaab4f_63651da6118251387c38871d_medium_2x.jpg",
                        "large": "https://s3.eu-north-1.amazonaws.com/gbg.serviceguiden/61e0a3dfcfc4d247ccaaab4f_63651da6118251387c38871d_large.jpg",
                        "large2x": "https://s3.eu-north-1.amazonaws.com/gbg.serviceguiden/61e0a3dfcfc4d247ccaaab4f_63651da6118251387c38871d_large_2x.jpg",
                        "altText": "Bilden föreställer en ruschkana i en sandlåda. Bakom ruschkanan finns ett blått hus.",
                        "description": "Foto: Davide Panzino"
                    }
                ],
                "todaysOpeningHours": {
                    "date": "2026-09-17",
                    "entries": []
                }
            }
        },
        {
            "type": "Feature",
            "geometry": {
                "type": "Point",
                "coordinates": [
                    11.939423009673408,
                    57.71656297883349
                ]
            },
            "properties": {
                "id": "61e0a3dfcfc4d247ccaaab8c",
                "name": "Övre Hallegatan 1B förskola",
                "businessId": 1256,
                "visitingAddress": "Övre Hallegatan 1B",
                "images": [
                    {
                        "small": "https://s3.eu-north-1.amazonaws.com/gbg.serviceguiden/61e0a3dfcfc4d247ccaaab8c_63651e05118251387c388ebf_small.jpg",
                        "small2x": "https://s3.eu-north-1.amazonaws.com/gbg.serviceguiden/61e0a3dfcfc4d247ccaaab8c_63651e05118251387c388ebf_small_2x.jpg",
                        "medium": "https://s3.eu-north-1.amazonaws.com/gbg.serviceguiden/61e0a3dfcfc4d247ccaaab8c_63651e05118251387c388ebf_medium.jpg",
                        "medium2x": "https://s3.eu-north-1.amazonaws.com/gbg.serviceguiden/61e0a3dfcfc4d247ccaaab8c_63651e05118251387c388ebf_medium_2x.jpg",
                        "large": "https://s3.eu-north-1.amazonaws.com/gbg.serviceguiden/61e0a3dfcfc4d247ccaaab8c_63651e05118251387c388ebf_large.jpg",
                        "large2x": "https://s3.eu-north-1.amazonaws.com/gbg.serviceguiden/61e0a3dfcfc4d247ccaaab8c_63651e05118251387c388ebf_large_2x.jpg",
                        "altText": "Bilden föreställer en vit byggnad med en gård utanför. På gården finns en sandlåda med bland annat en hydda i trä.",
                        "description": "Foto: Davide Panzino"
                    }
                ],
                "todaysOpeningHours": {
                    "date": "2026-09-17",
                    "entries": []
                }
            }
        }
    ]
}